entity_id,organization_name,organization_type,city,region,authentication_status,source_discovery_status,public_source_present,reviewer_decision,contact_ready,outreach_allowed,official_source_query,official_contact_query
"BD_BOOK_OP_00001","Texas Confederation of Clubs and Independents","CONFEDERATION_COUNCIL","","Texas","PUBLIC_SOURCE_FOUND","SOURCE_PRESENT_REQUIRES_VALIDATION","true","PENDING","false","false","Texas Confederation of Clubs and Independents Texas official website","Texas Confederation of Clubs and Independents Texas contact official"
"BD_BOOK_OP_00002","Bikers for Christ","MOTORCYCLE_MINISTRY","","CA","PUBLIC_SOURCE_FOUND","SOURCE_PRESENT_REQUIRES_VALIDATION","true","PENDING","false","false","Bikers for Christ CA official website","Bikers for Christ CA contact official"
"BD_BOOK_OP_00003","Christian Motorcyclists Association","MOTORCYCLE_MINISTRY","","AR","PUBLIC_SOURCE_FOUND","SOURCE_PRESENT_REQUIRES_VALIDATION","true","PENDING","false","false","Christian Motorcyclists Association AR official website","Christian Motorcyclists Association AR contact official"
"BD_BOOK_OP_00004","Widow Sons Masonic Riders Association","SPECIALTY_MOTORCYCLE_GROUP","","National","PUBLIC_SOURCE_FOUND","SOURCE_PRESENT_REQUIRES_VALIDATION","true","PENDING","false","false","Widow Sons Masonic Riders Association National official website","Widow Sons Masonic Riders Association National contact official"
"BD_BOOK_OP_00005","BACA International","CHARITY_MOTORCYCLE_ORGANIZATION","","Utah","PUBLIC_SOURCE_FOUND","SOURCE_PRESENT_REQUIRES_VALIDATION","true","PENDING","false","false","BACA International Utah official website","BACA International Utah contact official"
"BD_BOOK_OP_00006","American Motorcyclist Association","MOTORCYCLE_RIGHTS_ORGANIZATION","","Ohio","PUBLIC_SOURCE_FOUND","SOURCE_PRESENT_REQUIRES_VALIDATION","true","PENDING","false","false","American Motorcyclist Association Ohio official website","American Motorcyclist Association Ohio contact official"
"BD_BOOK_OP_00007","ABATE of Indiana","MOTORCYCLE_RIGHTS_ORGANIZATION","","IN","PUBLIC_SOURCE_FOUND","SOURCE_PRESENT_REQUIRES_VALIDATION","true","PENDING","false","false","ABATE of Indiana IN official website","ABATE of Indiana IN contact official"
"BD_BOOK_OP_00008","Iron Order Motorcycle Club","MOTORCYCLE_CLUB","","National","PUBLIC_SOURCE_FOUND","SOURCE_PRESENT_REQUIRES_VALIDATION","true","PENDING","false","false","Iron Order Motorcycle Club National official website","Iron Order Motorcycle Club National contact official"
"BD_BOOK_OP_00009","Combat Veterans Motorcycle Association","VETERANS_MOTORCYCLE_CLUB","","National","PUBLIC_SOURCE_FOUND","SOURCE_PRESENT_REQUIRES_VALIDATION","true","PENDING","false","false","Combat Veterans Motorcycle Association National official website","Combat Veterans Motorcycle Association National contact official"
"BD_BOOK_OP_00010","Nam Knights Motorcycle Club","VETERANS_MOTORCYCLE_CLUB","","National","PUBLIC_SOURCE_FOUND","SOURCE_PRESENT_REQUIRES_VALIDATION","true","PENDING","false","false","Nam Knights Motorcycle Club National official website","Nam Knights Motorcycle Club National contact official"
"BD_BOOK_OP_00011","ABATE of Florida","MOTORCYCLE_RIGHTS_ORGANIZATION","","FL","PUBLIC_SOURCE_FOUND","SOURCE_PRESENT_REQUIRES_VALIDATION","true","PENDING","false","false","ABATE of Florida FL official website","ABATE of Florida FL contact official"
"BD_BOOK_OP_00012","ABATE of Iowa","MOTORCYCLE_RIGHTS_ORGANIZATION","","IA","PUBLIC_SOURCE_FOUND","SOURCE_PRESENT_REQUIRES_VALIDATION","true","PENDING","false","false","ABATE of Iowa IA official website","ABATE of Iowa IA contact official"
"BD_BOOK_OP_00013","Bikers Against Child Abuse Arizona","CHARITY_MOTORCYCLE_ORGANIZATION","","AZ","PUBLIC_SOURCE_FOUND","SOURCE_PRESENT_REQUIRES_VALIDATION","true","PENDING","false","false","Bikers Against Child Abuse Arizona AZ official website","Bikers Against Child Abuse Arizona AZ contact official"
"BD_BOOK_OP_00014","Christian Motorcyclists Association Oklahoma","MOTORCYCLE_MINISTRY","","Oklahoma","PUBLIC_SOURCE_FOUND","SOURCE_PRESENT_REQUIRES_VALIDATION","true","PENDING","false","false","Christian Motorcyclists Association Oklahoma Oklahoma official website","Christian Motorcyclists Association Oklahoma Oklahoma contact official"
"BD_BOOK_OP_00015","Vietnam Vets Legacy Vets MC","VETERANS_MOTORCYCLE_CLUB","","National","PUBLIC_SOURCE_FOUND","SOURCE_PRESENT_REQUIRES_VALIDATION","true","PENDING","false","false","Vietnam Vets Legacy Vets MC National official website","Vietnam Vets Legacy Vets MC National contact official"
"BD_BOOK_OP_00016","Blue Knights International","LAW_ENFORCEMENT_MOTORCYCLE_ORGANIZATION","","National","PUBLIC_SOURCE_FOUND","SOURCE_PRESENT_REQUIRES_VALIDATION","true","PENDING","false","false","Blue Knights International National official website","Blue Knights International National contact official"
"BD_BOOK_OP_00017","Law Tigers","MOTORCYCLE_LEGAL_NETWORK","","National","PUBLIC_SOURCE_FOUND","SOURCE_PRESENT_REQUIRES_VALIDATION","true","PENDING","false","false","Law Tigers National official website","Law Tigers National contact official"
"BD_BOOK_OP_00018","National Coalition of Motorcyclists","MOTORCYCLE_ADVOCACY_COALITION","","National","PUBLIC_SOURCE_FOUND","SOURCE_PRESENT_REQUIRES_VALIDATION","true","PENDING","false","false","National Coalition of Motorcyclists National official website","National Coalition of Motorcyclists National contact official"
"BD_BOOK_OP_00019","Buffalo Soldiers Motorcycle Club","MOTORCYCLE_CLUB","","National","PUBLIC_SOURCE_FOUND","SOURCE_PRESENT_REQUIRES_VALIDATION","true","PENDING","false","false","Buffalo Soldiers Motorcycle Club National official website","Buffalo Soldiers Motorcycle Club National contact official"
"BD_BOOK_OP_00020","US Military Vets MC","VETERANS_MOTORCYCLE_CLUB","","National","PUBLIC_SOURCE_FOUND","SOURCE_PRESENT_REQUIRES_VALIDATION","true","PENDING","false","false","US Military Vets MC National official website","US Military Vets MC National contact official"
"BD_BOOK_EXP_00001","Eugene Police Department","MOTORCYCLE_ORGANIZATION","","OR","PUBLIC_SOURCE_FOUND","SOURCE_PRESENT_REQUIRES_VALIDATION","true","PENDING","false","false","Eugene Police Department OR official website","Eugene Police Department OR contact official"
"BD_BOOK_EXP_00002","Lane County Sheriff's Office","MOTORCYCLE_ORGANIZATION","","OR","PUBLIC_SOURCE_FOUND","SOURCE_PRESENT_REQUIRES_VALIDATION","true","PENDING","false","false","Lane County Sheriff's Office OR official website","Lane County Sheriff's Office OR contact official"
"BD_BOOK_EXP_00003","Portland Police Bureau","MOTORCYCLE_ORGANIZATION","","OR","PUBLIC_SOURCE_FOUND","SOURCE_PRESENT_REQUIRES_VALIDATION","true","PENDING","false","false","Portland Police Bureau OR official website","Portland Police Bureau OR contact official"
"BD_BOOK_EXP_00004","Multnomah County Sheriff's Office","MOTORCYCLE_ORGANIZATION","","OR","PUBLIC_SOURCE_FOUND","SOURCE_PRESENT_REQUIRES_VALIDATION","true","PENDING","false","false","Multnomah County Sheriff's Office OR official website","Multnomah County Sheriff's Office OR contact official"
"BD_BOOK_EXP_00005","Seattle Police Department","MOTORCYCLE_ORGANIZATION","","WA","PUBLIC_SOURCE_FOUND","SOURCE_PRESENT_REQUIRES_VALIDATION","true","PENDING","false","false","Seattle Police Department WA official website","Seattle Police Department WA contact official"
"BD_BOOK_EXP_00006","King County Sheriff's Office","MOTORCYCLE_ORGANIZATION","","WA","PUBLIC_SOURCE_FOUND","SOURCE_PRESENT_REQUIRES_VALIDATION","true","PENDING","false","false","King County Sheriff's Office WA official website","King County Sheriff's Office WA contact official"
"BD_BOOK_EXP_00007","Los Angeles Police Department","MOTORCYCLE_ORGANIZATION","","CA","PUBLIC_SOURCE_FOUND","SOURCE_PRESENT_REQUIRES_VALIDATION","true","PENDING","false","false","Los Angeles Police Department CA official website","Los Angeles Police Department CA contact official"
"BD_BOOK_EXP_00008","Los Angeles County Sheriff's Department","MOTORCYCLE_ORGANIZATION","","CA","PUBLIC_SOURCE_FOUND","SOURCE_PRESENT_REQUIRES_VALIDATION","true","PENDING","false","false","Los Angeles County Sheriff's Department CA official website","Los Angeles County Sheriff's Department CA contact official"
"BD_BOOK_EXP_00009","San Francisco Police Department","MOTORCYCLE_ORGANIZATION","","CA","PUBLIC_SOURCE_FOUND","SOURCE_PRESENT_REQUIRES_VALIDATION","true","PENDING","false","false","San Francisco Police Department CA official website","San Francisco Police Department CA contact official"
"BD_BOOK_EXP_00010","San Francisco Sheriff's Office","MOTORCYCLE_ORGANIZATION","","CA","PUBLIC_SOURCE_FOUND","SOURCE_PRESENT_REQUIRES_VALIDATION","true","PENDING","false","false","San Francisco Sheriff's Office CA official website","San Francisco Sheriff's Office CA contact official"
"BD_BOOK_EXP_00011","Chicago Police Department","MOTORCYCLE_ORGANIZATION","","IL","PUBLIC_SOURCE_FOUND","SOURCE_PRESENT_REQUIRES_VALIDATION","true","PENDING","false","false","Chicago Police Department IL official website","Chicago Police Department IL contact official"
"BD_BOOK_EXP_00012","Cook County Sheriff's Office","MOTORCYCLE_ORGANIZATION","","IL","PUBLIC_SOURCE_FOUND","SOURCE_PRESENT_REQUIRES_VALIDATION","true","PENDING","false","false","Cook County Sheriff's Office IL official website","Cook County Sheriff's Office IL contact official"
"BD_BOOK_EXP_00013","New York City Police Department","MOTORCYCLE_ORGANIZATION","","NY","PUBLIC_SOURCE_FOUND","SOURCE_PRESENT_REQUIRES_VALIDATION","true","PENDING","false","false","New York City Police Department NY official website","New York City Police Department NY contact official"
"BD_BOOK_EXP_00014","New York City Sheriff's Office","MOTORCYCLE_ORGANIZATION","","NY","PUBLIC_SOURCE_FOUND","SOURCE_PRESENT_REQUIRES_VALIDATION","true","PENDING","false","false","New York City Sheriff's Office NY official website","New York City Sheriff's Office NY contact official"
"BD_BOOK_EXP_00015","Houston Police Department","MOTORCYCLE_ORGANIZATION","","TX","PUBLIC_SOURCE_FOUND","SOURCE_PRESENT_REQUIRES_VALIDATION","true","PENDING","false","false","Houston Police Department TX official website","Houston Police Department TX contact official"
"BD_BOOK_EXP_00016","Harris County Sheriff's Office","MOTORCYCLE_ORGANIZATION","","TX","PUBLIC_SOURCE_FOUND","SOURCE_PRESENT_REQUIRES_VALIDATION","true","PENDING","false","false","Harris County Sheriff's Office TX official website","Harris County Sheriff's Office TX contact official"
"BD_BOOK_EXP_00017","Dallas Police Department","MOTORCYCLE_ORGANIZATION","","TX","PUBLIC_SOURCE_FOUND","SOURCE_PRESENT_REQUIRES_VALIDATION","true","PENDING","false","false","Dallas Police Department TX official website","Dallas Police Department TX contact official"
"BD_BOOK_EXP_00018","Dallas County Sheriff's Department","MOTORCYCLE_ORGANIZATION","","TX","PUBLIC_SOURCE_FOUND","SOURCE_PRESENT_REQUIRES_VALIDATION","true","PENDING","false","false","Dallas County Sheriff's Department TX official website","Dallas County Sheriff's Department TX contact official"
"BD_BOOK_EXP_00019","Phoenix Police Department","MOTORCYCLE_ORGANIZATION","","AZ","PUBLIC_SOURCE_FOUND","SOURCE_PRESENT_REQUIRES_VALIDATION","true","PENDING","false","false","Phoenix Police Department AZ official website","Phoenix Police Department AZ contact official"
"BD_BOOK_EXP_00020","Maricopa County Sheriff's Office","MOTORCYCLE_ORGANIZATION","","AZ","PUBLIC_SOURCE_FOUND","SOURCE_PRESENT_REQUIRES_VALIDATION","true","PENDING","false","false","Maricopa County Sheriff's Office AZ official website","Maricopa County Sheriff's Office AZ contact official"
"BD_BOOK_EXP_00021","San Diego Police Department","MOTORCYCLE_ORGANIZATION","","CA","PUBLIC_SOURCE_FOUND","SOURCE_PRESENT_REQUIRES_VALIDATION","true","PENDING","false","false","San Diego Police Department CA official website","San Diego Police Department CA contact official"
"BD_BOOK_EXP_00022","San Diego County Sheriff's Office","MOTORCYCLE_ORGANIZATION","","CA","PUBLIC_SOURCE_FOUND","SOURCE_PRESENT_REQUIRES_VALIDATION","true","PENDING","false","false","San Diego County Sheriff's Office CA official website","San Diego County Sheriff's Office CA contact official"
"BD_BOOK_EXP_00023","Las Vegas Metropolitan Police Department","MOTORCYCLE_ORGANIZATION","","NV","PUBLIC_SOURCE_FOUND","SOURCE_PRESENT_REQUIRES_VALIDATION","true","PENDING","false","false","Las Vegas Metropolitan Police Department NV official website","Las Vegas Metropolitan Police Department NV contact official"
"BD_BOOK_EXP_00024","Orlando Police Department","MOTORCYCLE_ORGANIZATION","","FL","PUBLIC_SOURCE_FOUND","SOURCE_PRESENT_REQUIRES_VALIDATION","true","PENDING","false","false","Orlando Police Department FL official website","Orlando Police Department FL contact official"
"BD_BOOK_EXP_00025","Orange County Sheriff's Office","MOTORCYCLE_ORGANIZATION","","FL","PUBLIC_SOURCE_FOUND","SOURCE_PRESENT_REQUIRES_VALIDATION","true","PENDING","false","false","Orange County Sheriff's Office FL official website","Orange County Sheriff's Office FL contact official"
"BD_BOOK_EXP_00026","Metropolitan Nashville Police Department","MOTORCYCLE_ORGANIZATION","","TN","PUBLIC_SOURCE_FOUND","SOURCE_PRESENT_REQUIRES_VALIDATION","true","PENDING","false","false","Metropolitan Nashville Police Department TN official website","Metropolitan Nashville Police Department TN contact official"
"BD_BOOK_EXP_00027","Davidson County Sheriff's Office","MOTORCYCLE_ORGANIZATION","","TN","PUBLIC_SOURCE_FOUND","SOURCE_PRESENT_REQUIRES_VALIDATION","true","PENDING","false","false","Davidson County Sheriff's Office TN official website","Davidson County Sheriff's Office TN contact official"
"BD_BOOK_EXP_00028","FBI Violent Crime / Outlaw Motorcycle Gang Reference","MOTORCYCLE_ORGANIZATION","","CA","PUBLIC_SOURCE_FOUND","SOURCE_PRESENT_REQUIRES_VALIDATION","true","PENDING","false","false","FBI Violent Crime / Outlaw Motorcycle Gang Reference CA official website","FBI Violent Crime / Outlaw Motorcycle Gang Reference CA contact official"
"BD_BOOK_EXP_00029","DOJ Outlaws Motorcycle Gang Enforcement Reference","MOTORCYCLE_ORGANIZATION","","VA","PUBLIC_SOURCE_FOUND","SOURCE_PRESENT_REQUIRES_VALIDATION","true","PENDING","false","false","DOJ Outlaws Motorcycle Gang Enforcement Reference VA official website","DOJ Outlaws Motorcycle Gang Enforcement Reference VA contact official"
"BD_BOOK_EXP_00030","New York State Police - Troop NYC","MOTORCYCLE_ORGANIZATION","","NY","PUBLIC_SOURCE_FOUND","SOURCE_PRESENT_REQUIRES_VALIDATION","true","PENDING","false","false","New York State Police - Troop NYC NY official website","New York State Police - Troop NYC NY contact official"
"BD_BOOK_EXP_00031","Bronx County District Attorney's Office","MOTORCYCLE_ORGANIZATION","","NY","PUBLIC_SOURCE_FOUND","SOURCE_PRESENT_REQUIRES_VALIDATION","true","PENDING","false","false","Bronx County District Attorney's Office NY official website","Bronx County District Attorney's Office NY contact official"
"BD_BOOK_EXP_00032","Bronx County Sheriff's Office","MOTORCYCLE_ORGANIZATION","","NY","PUBLIC_SOURCE_FOUND","SOURCE_PRESENT_REQUIRES_VALIDATION","true","PENDING","false","false","Bronx County Sheriff's Office NY official website","Bronx County Sheriff's Office NY contact official"
"BD_BOOK_EXP_00033","Kings County District Attorney's Office","MOTORCYCLE_ORGANIZATION","","NY","PUBLIC_SOURCE_FOUND","SOURCE_PRESENT_REQUIRES_VALIDATION","true","PENDING","false","false","Kings County District Attorney's Office NY official website","Kings County District Attorney's Office NY contact official"
"BD_BOOK_EXP_00034","Kings County Sheriff's Office","MOTORCYCLE_ORGANIZATION","","NY","PUBLIC_SOURCE_FOUND","SOURCE_PRESENT_REQUIRES_VALIDATION","true","PENDING","false","false","Kings County Sheriff's Office NY official website","Kings County Sheriff's Office NY contact official"
"BD_BOOK_EXP_00035","New York County District Attorney's Office","MOTORCYCLE_ORGANIZATION","","NY","PUBLIC_SOURCE_FOUND","SOURCE_PRESENT_REQUIRES_VALIDATION","true","PENDING","false","false","New York County District Attorney's Office NY official website","New York County District Attorney's Office NY contact official"
"BD_BOOK_EXP_00036","New York County Sheriff's Office (NYC Sheriff)","MOTORCYCLE_ORGANIZATION","","NY","PUBLIC_SOURCE_FOUND","SOURCE_PRESENT_REQUIRES_VALIDATION","true","PENDING","false","false","New York County Sheriff's Office (NYC Sheriff) NY official website","New York County Sheriff's Office (NYC Sheriff) NY contact official"
"BD_BOOK_EXP_00037","Queens County District Attorney's Office","MOTORCYCLE_ORGANIZATION","","NY","PUBLIC_SOURCE_FOUND","SOURCE_PRESENT_REQUIRES_VALIDATION","true","PENDING","false","false","Queens County District Attorney's Office NY official website","Queens County District Attorney's Office NY contact official"
"BD_BOOK_EXP_00038","Richmond County District Attorney's Office","MOTORCYCLE_ORGANIZATION","","NY","PUBLIC_SOURCE_FOUND","SOURCE_PRESENT_REQUIRES_VALIDATION","true","PENDING","false","false","Richmond County District Attorney's Office NY official website","Richmond County District Attorney's Office NY contact official"
"BD_BOOK_EXP_00039","Denver Police Department","MOTORCYCLE_ORGANIZATION","","CO","PUBLIC_SOURCE_FOUND","SOURCE_PRESENT_REQUIRES_VALIDATION","true","PENDING","false","false","Denver Police Department CO official website","Denver Police Department CO contact official"
"BD_BOOK_EXP_00040","Denver Sheriff Department","MOTORCYCLE_ORGANIZATION","","CO","PUBLIC_SOURCE_FOUND","SOURCE_PRESENT_REQUIRES_VALIDATION","true","PENDING","false","false","Denver Sheriff Department CO official website","Denver Sheriff Department CO contact official"
"BD_BOOK_EXP_00041","Atlanta Police Department","MOTORCYCLE_ORGANIZATION","","GA","PUBLIC_SOURCE_FOUND","SOURCE_PRESENT_REQUIRES_VALIDATION","true","PENDING","false","false","Atlanta Police Department GA official website","Atlanta Police Department GA contact official"
"BD_BOOK_EXP_00042","Fulton County Sheriff's Office","MOTORCYCLE_ORGANIZATION","","GA","PUBLIC_SOURCE_FOUND","SOURCE_PRESENT_REQUIRES_VALIDATION","true","PENDING","false","false","Fulton County Sheriff's Office GA official website","Fulton County Sheriff's Office GA contact official"
"BD_BOOK_EXP_00043","Boston Police Department","MOTORCYCLE_ORGANIZATION","","MA","PUBLIC_SOURCE_FOUND","SOURCE_PRESENT_REQUIRES_VALIDATION","true","PENDING","false","false","Boston Police Department MA official website","Boston Police Department MA contact official"
"BD_BOOK_EXP_00044","Suffolk County Sheriff's Department","MOTORCYCLE_ORGANIZATION","","MA","PUBLIC_SOURCE_FOUND","SOURCE_PRESENT_REQUIRES_VALIDATION","true","PENDING","false","false","Suffolk County Sheriff's Department MA official website","Suffolk County Sheriff's Department MA contact official"
"BD_BOOK_EXP_00045","Metropolitan Police Department","MOTORCYCLE_ORGANIZATION","","DC","PUBLIC_SOURCE_FOUND","SOURCE_PRESENT_REQUIRES_VALIDATION","true","PENDING","false","false","Metropolitan Police Department DC official website","Metropolitan Police Department DC contact official"
"BD_BOOK_EXP_00046","District of Columbia Department of Corrections","MOTORCYCLE_ORGANIZATION","","DC","PUBLIC_SOURCE_FOUND","SOURCE_PRESENT_REQUIRES_VALIDATION","true","PENDING","false","false","District of Columbia Department of Corrections DC official website","District of Columbia Department of Corrections DC contact official"
"BD_BOOK_EXP_00047","Clark County Sheriff's Civil Process Bureau","MOTORCYCLE_ORGANIZATION","","NV","PUBLIC_SOURCE_FOUND","SOURCE_PRESENT_REQUIRES_VALIDATION","true","PENDING","false","false","Clark County Sheriff's Civil Process Bureau NV official website","Clark County Sheriff's Civil Process Bureau NV contact official"
"BD_BOOK_EXP_00048","Minneapolis Police Department","MOTORCYCLE_ORGANIZATION","","MN","PUBLIC_SOURCE_FOUND","SOURCE_PRESENT_REQUIRES_VALIDATION","true","PENDING","false","false","Minneapolis Police Department MN official website","Minneapolis Police Department MN contact official"
"BD_BOOK_EXP_00049","Hennepin County Sheriff's Office","MOTORCYCLE_ORGANIZATION","","MN","PUBLIC_SOURCE_FOUND","SOURCE_PRESENT_REQUIRES_VALIDATION","true","PENDING","false","false","Hennepin County Sheriff's Office MN official website","Hennepin County Sheriff's Office MN contact official"
"BD_BOOK_EXP_00050","Detroit Police Department","MOTORCYCLE_ORGANIZATION","","MI","PUBLIC_SOURCE_FOUND","SOURCE_PRESENT_REQUIRES_VALIDATION","true","PENDING","false","false","Detroit Police Department MI official website","Detroit Police Department MI contact official"
"BD_BOOK_EXP_00051","Wayne County Sheriff's Office","MOTORCYCLE_ORGANIZATION","","MI","PUBLIC_SOURCE_FOUND","SOURCE_PRESENT_REQUIRES_VALIDATION","true","PENDING","false","false","Wayne County Sheriff's Office MI official website","Wayne County Sheriff's Office MI contact official"
"BD_BOOK_EXP_00052","Charlotte-Mecklenburg Police Department","MOTORCYCLE_ORGANIZATION","","NC","PUBLIC_SOURCE_FOUND","SOURCE_PRESENT_REQUIRES_VALIDATION","true","PENDING","false","false","Charlotte-Mecklenburg Police Department NC official website","Charlotte-Mecklenburg Police Department NC contact official"
"BD_BOOK_EXP_00053","Mecklenburg County Sheriff's Office","MOTORCYCLE_ORGANIZATION","","NC","PUBLIC_SOURCE_FOUND","SOURCE_PRESENT_REQUIRES_VALIDATION","true","PENDING","false","false","Mecklenburg County Sheriff's Office NC official website","Mecklenburg County Sheriff's Office NC contact official"
"BD_BOOK_EXP_00054","Philadelphia Police Department","MOTORCYCLE_ORGANIZATION","","PA","PUBLIC_SOURCE_FOUND","SOURCE_PRESENT_REQUIRES_VALIDATION","true","PENDING","false","false","Philadelphia Police Department PA official website","Philadelphia Police Department PA contact official"
"BD_BOOK_EXP_00055","Philadelphia Sheriff's Office","MOTORCYCLE_ORGANIZATION","","PA","PUBLIC_SOURCE_FOUND","SOURCE_PRESENT_REQUIRES_VALIDATION","true","PENDING","false","false","Philadelphia Sheriff's Office PA official website","Philadelphia Sheriff's Office PA contact official"
"BD_BOOK_EXP_00056","Columbus Division of Police","MOTORCYCLE_ORGANIZATION","","OH","PUBLIC_SOURCE_FOUND","SOURCE_PRESENT_REQUIRES_VALIDATION","true","PENDING","false","false","Columbus Division of Police OH official website","Columbus Division of Police OH contact official"
"BD_BOOK_EXP_00057","Franklin County Sheriff's Office","MOTORCYCLE_ORGANIZATION","","OH","PUBLIC_SOURCE_FOUND","SOURCE_PRESENT_REQUIRES_VALIDATION","true","PENDING","false","false","Franklin County Sheriff's Office OH official website","Franklin County Sheriff's Office OH contact official"
"BD_BOOK_EXP_00058","Indianapolis Metropolitan Police Department","MOTORCYCLE_ORGANIZATION","","IN","PUBLIC_SOURCE_FOUND","SOURCE_PRESENT_REQUIRES_VALIDATION","true","PENDING","false","false","Indianapolis Metropolitan Police Department IN official website","Indianapolis Metropolitan Police Department IN contact official"
"BD_BOOK_EXP_00059","Marion County Sheriff's Office","MOTORCYCLE_ORGANIZATION","","IN","PUBLIC_SOURCE_FOUND","SOURCE_PRESENT_REQUIRES_VALIDATION","true","PENDING","false","false","Marion County Sheriff's Office IN official website","Marion County Sheriff's Office IN contact official"
"BD_BOOK_EXP_00060","Kansas City Police Department","MOTORCYCLE_ORGANIZATION","","MO","PUBLIC_SOURCE_FOUND","SOURCE_PRESENT_REQUIRES_VALIDATION","true","PENDING","false","false","Kansas City Police Department MO official website","Kansas City Police Department MO contact official"
"BD_BOOK_EXP_00061","Jackson County Sheriff's Office","MOTORCYCLE_ORGANIZATION","","MO","PUBLIC_SOURCE_FOUND","SOURCE_PRESENT_REQUIRES_VALIDATION","true","PENDING","false","false","Jackson County Sheriff's Office MO official website","Jackson County Sheriff's Office MO contact official"
"BD_BOOK_EXP_00062","Salt Lake City Police Department","MOTORCYCLE_ORGANIZATION","","UT","PUBLIC_SOURCE_FOUND","SOURCE_PRESENT_REQUIRES_VALIDATION","true","PENDING","false","false","Salt Lake City Police Department UT official website","Salt Lake City Police Department UT contact official"
"BD_BOOK_EXP_00063","Salt Lake County Sheriff's Office","MOTORCYCLE_ORGANIZATION","","UT","PUBLIC_SOURCE_FOUND","SOURCE_PRESENT_REQUIRES_VALIDATION","true","PENDING","false","false","Salt Lake County Sheriff's Office UT official website","Salt Lake County Sheriff's Office UT contact official"
"BD_BOOK_EXP_00064","GLENDALE COMMUNITY COLLEGE CAMPUS POLICE","MOTORCYCLE_ORGANIZATION","","AZ","PUBLIC_SOURCE_FOUND","SOURCE_PRESENT_REQUIRES_VALIDATION","true","PENDING","false","false","GLENDALE COMMUNITY COLLEGE CAMPUS POLICE AZ official website","GLENDALE COMMUNITY COLLEGE CAMPUS POLICE AZ contact official"
"BD_BOOK_EXP_00065","PHOENIX COLLEGE CAMPUS POLICE","MOTORCYCLE_ORGANIZATION","","AZ","PUBLIC_SOURCE_FOUND","SOURCE_PRESENT_REQUIRES_VALIDATION","true","PENDING","false","false","PHOENIX COLLEGE CAMPUS POLICE AZ official website","PHOENIX COLLEGE CAMPUS POLICE AZ contact official"
"BD_BOOK_EXP_00066","SCOTTSDALE COMMUNITY COLLEGE CAMPUS POLICE","MOTORCYCLE_ORGANIZATION","","AZ","PUBLIC_SOURCE_FOUND","SOURCE_PRESENT_REQUIRES_VALIDATION","true","PENDING","false","false","SCOTTSDALE COMMUNITY COLLEGE CAMPUS POLICE AZ official website","SCOTTSDALE COMMUNITY COLLEGE CAMPUS POLICE AZ contact official"
"BD_BOOK_EXP_00067","CHANDLER-GILBERT COMMUNITY COLLEGE CAMPUS POLICE","MOTORCYCLE_ORGANIZATION","","AZ","PUBLIC_SOURCE_FOUND","SOURCE_PRESENT_REQUIRES_VALIDATION","true","PENDING","false","false","CHANDLER-GILBERT COMMUNITY COLLEGE CAMPUS POLICE AZ official website","CHANDLER-GILBERT COMMUNITY COLLEGE CAMPUS POLICE AZ contact official"
"BD_BOOK_EXP_00068","CHANDLER MUNICIPAL COURT (0748)","MOTORCYCLE_ORGANIZATION","","AZ","PUBLIC_SOURCE_FOUND","SOURCE_PRESENT_REQUIRES_VALIDATION","true","PENDING","false","false","CHANDLER MUNICIPAL COURT (0748) AZ official website","CHANDLER MUNICIPAL COURT (0748) AZ contact official"
"BD_BOOK_EXP_00069","MESA MUNICIPAL COURT (0745)","MOTORCYCLE_ORGANIZATION","","AZ","PUBLIC_SOURCE_FOUND","SOURCE_PRESENT_REQUIRES_VALIDATION","true","PENDING","false","false","MESA MUNICIPAL COURT (0745) AZ official website","MESA MUNICIPAL COURT (0745) AZ contact official"
"BD_BOOK_EXP_00070","PHOENIX MUNICIPAL COURT (0741)","MOTORCYCLE_ORGANIZATION","","AZ","PUBLIC_SOURCE_FOUND","SOURCE_PRESENT_REQUIRES_VALIDATION","true","PENDING","false","false","PHOENIX MUNICIPAL COURT (0741) AZ official website","PHOENIX MUNICIPAL COURT (0741) AZ contact official"
"BD_BOOK_EXP_00071","GLENDALE MUNICIPAL COURT (0748)","MOTORCYCLE_ORGANIZATION","","AZ","PUBLIC_SOURCE_FOUND","SOURCE_PRESENT_REQUIRES_VALIDATION","true","PENDING","false","false","GLENDALE MUNICIPAL COURT (0748) AZ official website","GLENDALE MUNICIPAL COURT (0748) AZ contact official"
"BD_BOOK_EXP_00072","GLENDALE MUNICIPAL PROSECUTOR","MOTORCYCLE_ORGANIZATION","","AZ","PUBLIC_SOURCE_FOUND","SOURCE_PRESENT_REQUIRES_VALIDATION","true","PENDING","false","false","GLENDALE MUNICIPAL PROSECUTOR AZ official website","GLENDALE MUNICIPAL PROSECUTOR AZ contact official"
"BD_BOOK_EXP_00073","SCOTTSDALE MUNICIPAL PROSECUTOR","MOTORCYCLE_ORGANIZATION","","AZ","PUBLIC_SOURCE_FOUND","SOURCE_PRESENT_REQUIRES_VALIDATION","true","PENDING","false","false","SCOTTSDALE MUNICIPAL PROSECUTOR AZ official website","SCOTTSDALE MUNICIPAL PROSECUTOR AZ contact official"
"BD_BOOK_EXP_00074","SOUTH TUCSON MUNICIPAL PROSECUTOR","MOTORCYCLE_ORGANIZATION","","AZ","PUBLIC_SOURCE_FOUND","SOURCE_PRESENT_REQUIRES_VALIDATION","true","PENDING","false","false","SOUTH TUCSON MUNICIPAL PROSECUTOR AZ official website","SOUTH TUCSON MUNICIPAL PROSECUTOR AZ contact official"
"BD_BOOK_EXP_00075","TUCSON MUNICIPAL PROSECUTOR","MOTORCYCLE_ORGANIZATION","","AZ","PUBLIC_SOURCE_FOUND","SOURCE_PRESENT_REQUIRES_VALIDATION","true","PENDING","false","false","TUCSON MUNICIPAL PROSECUTOR AZ official website","TUCSON MUNICIPAL PROSECUTOR AZ contact official"
"BD_BOOK_EXP_00076","CHANDLER MUNICIPAL PROSECUTOR","MOTORCYCLE_ORGANIZATION","","AZ","PUBLIC_SOURCE_FOUND","SOURCE_PRESENT_REQUIRES_VALIDATION","true","PENDING","false","false","CHANDLER MUNICIPAL PROSECUTOR AZ official website","CHANDLER MUNICIPAL PROSECUTOR AZ contact official"
"BD_BOOK_EXP_00077","TEMPE MUNICIPAL PROSECUTOR","MOTORCYCLE_ORGANIZATION","","AZ","PUBLIC_SOURCE_FOUND","SOURCE_PRESENT_REQUIRES_VALIDATION","true","PENDING","false","false","TEMPE MUNICIPAL PROSECUTOR AZ official website","TEMPE MUNICIPAL PROSECUTOR AZ contact official"
"BD_BOOK_EXP_00078","YAVAPAI-PRESCOTT INDIAN TRIBE TRIBAL POLICE","MOTORCYCLE_ORGANIZATION","","AZ","PUBLIC_SOURCE_FOUND","SOURCE_PRESENT_REQUIRES_VALIDATION","true","PENDING","false","false","YAVAPAI-PRESCOTT INDIAN TRIBE TRIBAL POLICE AZ official website","YAVAPAI-PRESCOTT INDIAN TRIBE TRIBAL POLICE AZ contact official"
"BD_BOOK_EXP_00079","BULLHEAD CITY POLICE DEPARTMENT","MOTORCYCLE_ORGANIZATION","","AZ","PUBLIC_SOURCE_FOUND","SOURCE_PRESENT_REQUIRES_VALIDATION","true","PENDING","false","false","BULLHEAD CITY POLICE DEPARTMENT AZ official website","BULLHEAD CITY POLICE DEPARTMENT AZ contact official"
"BD_BOOK_EXP_00080","COOLIDGE POLICE DEPARTMENT","MOTORCYCLE_ORGANIZATION","","AZ","PUBLIC_SOURCE_FOUND","SOURCE_PRESENT_REQUIRES_VALIDATION","true","PENDING","false","false","COOLIDGE POLICE DEPARTMENT AZ official website","COOLIDGE POLICE DEPARTMENT AZ contact official"
"BD_BOOK_EXP_00081","COTTONWOOD POLICE DEPARTMENT","MOTORCYCLE_ORGANIZATION","","AZ","PUBLIC_SOURCE_FOUND","SOURCE_PRESENT_REQUIRES_VALIDATION","true","PENDING","false","false","COTTONWOOD POLICE DEPARTMENT AZ official website","COTTONWOOD POLICE DEPARTMENT AZ contact official"
"BD_BOOK_EXP_00082","DOUGLAS POLICE DEPARTMENT","MOTORCYCLE_ORGANIZATION","","AZ","PUBLIC_SOURCE_FOUND","SOURCE_PRESENT_REQUIRES_VALIDATION","true","PENDING","false","false","DOUGLAS POLICE DEPARTMENT AZ official website","DOUGLAS POLICE DEPARTMENT AZ contact official"
"BD_BOOK_EXP_00083","GLOBE POLICE DEPARTMENT","MOTORCYCLE_ORGANIZATION","","AZ","PUBLIC_SOURCE_FOUND","SOURCE_PRESENT_REQUIRES_VALIDATION","true","PENDING","false","false","GLOBE POLICE DEPARTMENT AZ official website","GLOBE POLICE DEPARTMENT AZ contact official"
"BD_BOOK_EXP_00084","HOLBROOK POLICE DEPARTMENT","MOTORCYCLE_ORGANIZATION","","AZ","PUBLIC_SOURCE_FOUND","SOURCE_PRESENT_REQUIRES_VALIDATION","true","PENDING","false","false","HOLBROOK POLICE DEPARTMENT AZ official website","HOLBROOK POLICE DEPARTMENT AZ contact official"
"BD_BOOK_EXP_00085","KINGMAN POLICE DEPARTMENT","MOTORCYCLE_ORGANIZATION","","AZ","PUBLIC_SOURCE_FOUND","SOURCE_PRESENT_REQUIRES_VALIDATION","true","PENDING","false","false","KINGMAN POLICE DEPARTMENT AZ official website","KINGMAN POLICE DEPARTMENT AZ contact official"
"BD_BOOK_EXP_00086","PRESCOTT POLICE DEPARTMENT","MOTORCYCLE_ORGANIZATION","","AZ","PUBLIC_SOURCE_FOUND","SOURCE_PRESENT_REQUIRES_VALIDATION","true","PENDING","false","false","PRESCOTT POLICE DEPARTMENT AZ official website","PRESCOTT POLICE DEPARTMENT AZ contact official"
"BD_BOOK_EXP_00087","SAFFORD POLICE DEPARTMENT","MOTORCYCLE_ORGANIZATION","","AZ","PUBLIC_SOURCE_FOUND","SOURCE_PRESENT_REQUIRES_VALIDATION","true","PENDING","false","false","SAFFORD POLICE DEPARTMENT AZ official website","SAFFORD POLICE DEPARTMENT AZ contact official"
"BD_BOOK_EXP_00088","SEDONA POLICE DEPARTMENT","MOTORCYCLE_ORGANIZATION","","AZ","PUBLIC_SOURCE_FOUND","SOURCE_PRESENT_REQUIRES_VALIDATION","true","PENDING","false","false","SEDONA POLICE DEPARTMENT AZ official website","SEDONA POLICE DEPARTMENT AZ contact official"
"BD_BOOK_EXP_00089","WILLCOX POLICE DEPARTMENT","MOTORCYCLE_ORGANIZATION","","AZ","PUBLIC_SOURCE_FOUND","SOURCE_PRESENT_REQUIRES_VALIDATION","true","PENDING","false","false","WILLCOX POLICE DEPARTMENT AZ official website","WILLCOX POLICE DEPARTMENT AZ contact official"
"BD_BOOK_EXP_00090","APACHE JUNCTION POLICE DEPARTMENT","MOTORCYCLE_ORGANIZATION","","AZ","PUBLIC_SOURCE_FOUND","SOURCE_PRESENT_REQUIRES_VALIDATION","true","PENDING","false","false","APACHE JUNCTION POLICE DEPARTMENT AZ official website","APACHE JUNCTION POLICE DEPARTMENT AZ contact official"
"BD_BOOK_EXP_00091","AVONDALE POLICE DEPARTMENT","MOTORCYCLE_ORGANIZATION","","AZ","PUBLIC_SOURCE_FOUND","SOURCE_PRESENT_REQUIRES_VALIDATION","true","PENDING","false","false","AVONDALE POLICE DEPARTMENT AZ official website","AVONDALE POLICE DEPARTMENT AZ contact official"
"BD_BOOK_EXP_00092","BENSON POLICE DEPARTMENT","MOTORCYCLE_ORGANIZATION","","AZ","PUBLIC_SOURCE_FOUND","SOURCE_PRESENT_REQUIRES_VALIDATION","true","PENDING","false","false","BENSON POLICE DEPARTMENT AZ official website","BENSON POLICE DEPARTMENT AZ contact official"
"BD_BOOK_EXP_00093","BISBEE POLICE DEPARTMENT","MOTORCYCLE_ORGANIZATION","","AZ","PUBLIC_SOURCE_FOUND","SOURCE_PRESENT_REQUIRES_VALIDATION","true","PENDING","false","false","BISBEE POLICE DEPARTMENT AZ official website","BISBEE POLICE DEPARTMENT AZ contact official"
"BD_BOOK_EXP_00094","BUCKEYE POLICE DEPARTMENT","MOTORCYCLE_ORGANIZATION","","AZ","PUBLIC_SOURCE_FOUND","SOURCE_PRESENT_REQUIRES_VALIDATION","true","PENDING","false","false","BUCKEYE POLICE DEPARTMENT AZ official website","BUCKEYE POLICE DEPARTMENT AZ contact official"
"BD_BOOK_EXP_00095","CASA GRANDE POLICE DEPARTMENT","MOTORCYCLE_ORGANIZATION","","AZ","PUBLIC_SOURCE_FOUND","SOURCE_PRESENT_REQUIRES_VALIDATION","true","PENDING","false","false","CASA GRANDE POLICE DEPARTMENT AZ official website","CASA GRANDE POLICE DEPARTMENT AZ contact official"
"BD_BOOK_EXP_00096","ELOY POLICE DEPARTMENT","MOTORCYCLE_ORGANIZATION","","AZ","PUBLIC_SOURCE_FOUND","SOURCE_PRESENT_REQUIRES_VALIDATION","true","PENDING","false","false","ELOY POLICE DEPARTMENT AZ official website","ELOY POLICE DEPARTMENT AZ contact official"
"BD_BOOK_EXP_00097","FLORENCE POLICE DEPARTMENT","MOTORCYCLE_ORGANIZATION","","AZ","PUBLIC_SOURCE_FOUND","SOURCE_PRESENT_REQUIRES_VALIDATION","true","PENDING","false","false","FLORENCE POLICE DEPARTMENT AZ official website","FLORENCE POLICE DEPARTMENT AZ contact official"
"BD_BOOK_EXP_00098","GILBERT POLICE DEPARTMENT","MOTORCYCLE_ORGANIZATION","","AZ","PUBLIC_SOURCE_FOUND","SOURCE_PRESENT_REQUIRES_VALIDATION","true","PENDING","false","false","GILBERT POLICE DEPARTMENT AZ official website","GILBERT POLICE DEPARTMENT AZ contact official"
"BD_BOOK_EXP_00099","GOODYEAR POLICE DEPARTMENT","MOTORCYCLE_ORGANIZATION","","AZ","PUBLIC_SOURCE_FOUND","SOURCE_PRESENT_REQUIRES_VALIDATION","true","PENDING","false","false","GOODYEAR POLICE DEPARTMENT AZ official website","GOODYEAR POLICE DEPARTMENT AZ contact official"
"BD_BOOK_EXP_00100","BENSON MUNICIPAL COURT","MOTORCYCLE_ORGANIZATION","","AZ","PUBLIC_SOURCE_FOUND","SOURCE_PRESENT_REQUIRES_VALIDATION","true","PENDING","false","false","BENSON MUNICIPAL COURT AZ official website","BENSON MUNICIPAL COURT AZ contact official"
"BD_BOOK_EXP_00101","BULLHEAD CITY MUNICIPAL COURT (0842)","MOTORCYCLE_ORGANIZATION","","AZ","PUBLIC_SOURCE_FOUND","SOURCE_PRESENT_REQUIRES_VALIDATION","true","PENDING","false","false","BULLHEAD CITY MUNICIPAL COURT (0842) AZ official website","BULLHEAD CITY MUNICIPAL COURT (0842) AZ contact official"
"BD_BOOK_EXP_00102","COOLIDGE MUNICIPAL COURT (1148)","MOTORCYCLE_ORGANIZATION","","AZ","PUBLIC_SOURCE_FOUND","SOURCE_PRESENT_REQUIRES_VALIDATION","true","PENDING","false","false","COOLIDGE MUNICIPAL COURT (1148) AZ official website","COOLIDGE MUNICIPAL COURT (1148) AZ contact official"
"BD_BOOK_EXP_00103","COTTONWOOD MUNICIPAL COURT (1342)","MOTORCYCLE_ORGANIZATION","","AZ","PUBLIC_SOURCE_FOUND","SOURCE_PRESENT_REQUIRES_VALIDATION","true","PENDING","false","false","COTTONWOOD MUNICIPAL COURT (1342) AZ official website","COTTONWOOD MUNICIPAL COURT (1342) AZ contact official"
"BD_BOOK_EXP_00104","DOUGLAS MUNICIPAL COURT (0242)","MOTORCYCLE_ORGANIZATION","","AZ","PUBLIC_SOURCE_FOUND","SOURCE_PRESENT_REQUIRES_VALIDATION","true","PENDING","false","false","DOUGLAS MUNICIPAL COURT (0242) AZ official website","DOUGLAS MUNICIPAL COURT (0242) AZ contact official"
"BD_BOOK_EXP_00105","FLAGSTAFF MUNICIPAL COURT (0341)","MOTORCYCLE_ORGANIZATION","","AZ","PUBLIC_SOURCE_FOUND","SOURCE_PRESENT_REQUIRES_VALIDATION","true","PENDING","false","false","FLAGSTAFF MUNICIPAL COURT (0341) AZ official website","FLAGSTAFF MUNICIPAL COURT (0341) AZ contact official"
"BD_BOOK_EXP_00106","GLOBE MUNICIPAL COURT (0443)","MOTORCYCLE_ORGANIZATION","","AZ","PUBLIC_SOURCE_FOUND","SOURCE_PRESENT_REQUIRES_VALIDATION","true","PENDING","false","false","GLOBE MUNICIPAL COURT (0443) AZ official website","GLOBE MUNICIPAL COURT (0443) AZ contact official"
"BD_BOOK_EXP_00107","KINGMAN MUNICIPAL COURT (0841)","MOTORCYCLE_ORGANIZATION","","AZ","PUBLIC_SOURCE_FOUND","SOURCE_PRESENT_REQUIRES_VALIDATION","true","PENDING","false","false","KINGMAN MUNICIPAL COURT (0841) AZ official website","KINGMAN MUNICIPAL COURT (0841) AZ contact official"
"BD_BOOK_EXP_00108","PRESCOTT MUNICIPAL COURT (1343)","MOTORCYCLE_ORGANIZATION","","AZ","PUBLIC_SOURCE_FOUND","SOURCE_PRESENT_REQUIRES_VALIDATION","true","PENDING","false","false","PRESCOTT MUNICIPAL COURT (1343) AZ official website","PRESCOTT MUNICIPAL COURT (1343) AZ contact official"
"BD_BOOK_EXP_00109","SAFFORD MUNICIPAL COURT (0541)","MOTORCYCLE_ORGANIZATION","","AZ","PUBLIC_SOURCE_FOUND","SOURCE_PRESENT_REQUIRES_VALIDATION","true","PENDING","false","false","SAFFORD MUNICIPAL COURT (0541) AZ official website","SAFFORD MUNICIPAL COURT (0541) AZ contact official"
"BD_BOOK_EXP_00110","SEDONA MUNICIPAL COURT (0346)","MOTORCYCLE_ORGANIZATION","","AZ","PUBLIC_SOURCE_FOUND","SOURCE_PRESENT_REQUIRES_VALIDATION","true","PENDING","false","false","SEDONA MUNICIPAL COURT (0346) AZ official website","SEDONA MUNICIPAL COURT (0346) AZ contact official"
"BD_BOOK_EXP_00111","SIERRA VISTA JUSTICE COURT (0205)","MOTORCYCLE_ORGANIZATION","","AZ","PUBLIC_SOURCE_FOUND","SOURCE_PRESENT_REQUIRES_VALIDATION","true","PENDING","false","false","SIERRA VISTA JUSTICE COURT (0205) AZ official website","SIERRA VISTA JUSTICE COURT (0205) AZ contact official"
"BD_BOOK_EXP_00112","SURPRISE MUNICIPAL COURT (0761)","MOTORCYCLE_ORGANIZATION","","AZ","PUBLIC_SOURCE_FOUND","SOURCE_PRESENT_REQUIRES_VALIDATION","true","PENDING","false","false","SURPRISE MUNICIPAL COURT (0761) AZ official website","SURPRISE MUNICIPAL COURT (0761) AZ contact official"
"BD_BOOK_EXP_00113","WILLCOX MUNICIPAL COURT (0244)","MOTORCYCLE_ORGANIZATION","","AZ","PUBLIC_SOURCE_FOUND","SOURCE_PRESENT_REQUIRES_VALIDATION","true","PENDING","false","false","WILLCOX MUNICIPAL COURT (0244) AZ official website","WILLCOX MUNICIPAL COURT (0244) AZ contact official"
"BD_BOOK_EXP_00114","YUMA COUNTY JUSTICE COURT","MOTORCYCLE_ORGANIZATION","","AZ","PUBLIC_SOURCE_FOUND","SOURCE_PRESENT_REQUIRES_VALIDATION","true","PENDING","false","false","YUMA COUNTY JUSTICE COURT AZ official website","YUMA COUNTY JUSTICE COURT AZ contact official"
"BD_BOOK_EXP_00115","YUMA MUNICIPAL COURT (1441)","MOTORCYCLE_ORGANIZATION","","AZ","PUBLIC_SOURCE_FOUND","SOURCE_PRESENT_REQUIRES_VALIDATION","true","PENDING","false","false","YUMA MUNICIPAL COURT (1441) AZ official website","YUMA MUNICIPAL COURT (1441) AZ contact official"
"BD_BOOK_EXP_00116","APACHE JUNCTION MUNICIPAL COURT (1149)","MOTORCYCLE_ORGANIZATION","","AZ","PUBLIC_SOURCE_FOUND","SOURCE_PRESENT_REQUIRES_VALIDATION","true","PENDING","false","false","APACHE JUNCTION MUNICIPAL COURT (1149) AZ official website","APACHE JUNCTION MUNICIPAL COURT (1149) AZ contact official"
"BD_BOOK_EXP_00117","AVONDALE MUNICIPAL COURT (0760)","MOTORCYCLE_ORGANIZATION","","AZ","PUBLIC_SOURCE_FOUND","SOURCE_PRESENT_REQUIRES_VALIDATION","true","PENDING","false","false","AVONDALE MUNICIPAL COURT (0760) AZ official website","AVONDALE MUNICIPAL COURT (0760) AZ contact official"
"BD_BOOK_EXP_00118","BUCKEYE MUNICIPAL COURT (0743)","MOTORCYCLE_ORGANIZATION","","AZ","PUBLIC_SOURCE_FOUND","SOURCE_PRESENT_REQUIRES_VALIDATION","true","PENDING","false","false","BUCKEYE MUNICIPAL COURT (0743) AZ official website","BUCKEYE MUNICIPAL COURT (0743) AZ contact official"
"BD_BOOK_EXP_00119","ELOY MUNICIPAL COURT (1143)","MOTORCYCLE_ORGANIZATION","","AZ","PUBLIC_SOURCE_FOUND","SOURCE_PRESENT_REQUIRES_VALIDATION","true","PENDING","false","false","ELOY MUNICIPAL COURT (1143) AZ official website","ELOY MUNICIPAL COURT (1143) AZ contact official"
"BD_BOOK_EXP_00120","FLORENCE MUNICIPAL COURT (1141)","MOTORCYCLE_ORGANIZATION","","AZ","PUBLIC_SOURCE_FOUND","SOURCE_PRESENT_REQUIRES_VALIDATION","true","PENDING","false","false","FLORENCE MUNICIPAL COURT (1141) AZ official website","FLORENCE MUNICIPAL COURT (1141) AZ contact official"
"BD_BOOK_EXP_00121","GILBERT MUNICIPAL COURT (0766)","MOTORCYCLE_ORGANIZATION","","AZ","PUBLIC_SOURCE_FOUND","SOURCE_PRESENT_REQUIRES_VALIDATION","true","PENDING","false","false","GILBERT MUNICIPAL COURT (0766) AZ official website","GILBERT MUNICIPAL COURT (0766) AZ contact official"
"BD_BOOK_EXP_00122","GOODYEAR MUNICIPAL COURT (0762)","MOTORCYCLE_ORGANIZATION","","AZ","PUBLIC_SOURCE_FOUND","SOURCE_PRESENT_REQUIRES_VALIDATION","true","PENDING","false","false","GOODYEAR MUNICIPAL COURT (0762) AZ official website","GOODYEAR MUNICIPAL COURT (0762) AZ contact official"
"BD_BOOK_EXP_00123","HOLBROOK MUNICIPAL COURT (0941)","MOTORCYCLE_ORGANIZATION","","AZ","PUBLIC_SOURCE_FOUND","SOURCE_PRESENT_REQUIRES_VALIDATION","true","PENDING","false","false","HOLBROOK MUNICIPAL COURT (0941) AZ official website","HOLBROOK MUNICIPAL COURT (0941) AZ contact official"
"BD_BOOK_EXP_00124","APACHE JUNCTION MUNICIPAL PROSECUTOR","MOTORCYCLE_ORGANIZATION","","AZ","PUBLIC_SOURCE_FOUND","SOURCE_PRESENT_REQUIRES_VALIDATION","true","PENDING","false","false","APACHE JUNCTION MUNICIPAL PROSECUTOR AZ official website","APACHE JUNCTION MUNICIPAL PROSECUTOR AZ contact official"
"BD_BOOK_EXP_00125","AVONDALE MUNICIPAL PROSECUTOR","MOTORCYCLE_ORGANIZATION","","AZ","PUBLIC_SOURCE_FOUND","SOURCE_PRESENT_REQUIRES_VALIDATION","true","PENDING","false","false","AVONDALE MUNICIPAL PROSECUTOR AZ official website","AVONDALE MUNICIPAL PROSECUTOR AZ contact official"
"BD_BOOK_EXP_00126","BISBEE MUNICIPAL PROSECUTOR","MOTORCYCLE_ORGANIZATION","","AZ","PUBLIC_SOURCE_FOUND","SOURCE_PRESENT_REQUIRES_VALIDATION","true","PENDING","false","false","BISBEE MUNICIPAL PROSECUTOR AZ official website","BISBEE MUNICIPAL PROSECUTOR AZ contact official"
"BD_BOOK_EXP_00127","BUCKEYE MUNICIPAL PROSECUTOR","MOTORCYCLE_ORGANIZATION","","AZ","PUBLIC_SOURCE_FOUND","SOURCE_PRESENT_REQUIRES_VALIDATION","true","PENDING","false","false","BUCKEYE MUNICIPAL PROSECUTOR AZ official website","BUCKEYE MUNICIPAL PROSECUTOR AZ contact official"
"BD_BOOK_EXP_00128","CASA GRANDE MUNICIPAL PROSECUTOR","MOTORCYCLE_ORGANIZATION","","AZ","PUBLIC_SOURCE_FOUND","SOURCE_PRESENT_REQUIRES_VALIDATION","true","PENDING","false","false","CASA GRANDE MUNICIPAL PROSECUTOR AZ official website","CASA GRANDE MUNICIPAL PROSECUTOR AZ contact official"
"BD_BOOK_EXP_00129","ELOY MUNICIPAL PROSECUTOR","MOTORCYCLE_ORGANIZATION","","AZ","PUBLIC_SOURCE_FOUND","SOURCE_PRESENT_REQUIRES_VALIDATION","true","PENDING","false","false","ELOY MUNICIPAL PROSECUTOR AZ official website","ELOY MUNICIPAL PROSECUTOR AZ contact official"
"BD_BOOK_EXP_00130","FLORENCE MUNICIPAL PROSECUTOR","MOTORCYCLE_ORGANIZATION","","AZ","PUBLIC_SOURCE_FOUND","SOURCE_PRESENT_REQUIRES_VALIDATION","true","PENDING","false","false","FLORENCE MUNICIPAL PROSECUTOR AZ official website","FLORENCE MUNICIPAL PROSECUTOR AZ contact official"
"BD_BOOK_EXP_00131","GILBERT MUNICIPAL PROSECUTOR","MOTORCYCLE_ORGANIZATION","","AZ","PUBLIC_SOURCE_FOUND","SOURCE_PRESENT_REQUIRES_VALIDATION","true","PENDING","false","false","GILBERT MUNICIPAL PROSECUTOR AZ official website","GILBERT MUNICIPAL PROSECUTOR AZ contact official"
"BD_BOOK_EXP_00132","GOODYEAR MUNICIPAL PROSECUTOR","MOTORCYCLE_ORGANIZATION","","AZ","PUBLIC_SOURCE_FOUND","SOURCE_PRESENT_REQUIRES_VALIDATION","true","PENDING","false","false","GOODYEAR MUNICIPAL PROSECUTOR AZ official website","GOODYEAR MUNICIPAL PROSECUTOR AZ contact official"
"BD_BOOK_EXP_00133","NOGALES MUNICIPAL PROSECUTOR","MOTORCYCLE_ORGANIZATION","","AZ","PUBLIC_SOURCE_FOUND","SOURCE_PRESENT_REQUIRES_VALIDATION","true","PENDING","false","false","NOGALES MUNICIPAL PROSECUTOR AZ official website","NOGALES MUNICIPAL PROSECUTOR AZ contact official"
"BD_BOOK_EXP_00134","PEORIA MUNICIPAL PROSECUTOR","MOTORCYCLE_ORGANIZATION","","AZ","PUBLIC_SOURCE_FOUND","SOURCE_PRESENT_REQUIRES_VALIDATION","true","PENDING","false","false","PEORIA MUNICIPAL PROSECUTOR AZ official website","PEORIA MUNICIPAL PROSECUTOR AZ contact official"
"BD_BOOK_EXP_00135","PRESCOTT VALLEY MUNICIPAL PROSECUTOR","MOTORCYCLE_ORGANIZATION","","AZ","PUBLIC_SOURCE_FOUND","SOURCE_PRESENT_REQUIRES_VALIDATION","true","PENDING","false","false","PRESCOTT VALLEY MUNICIPAL PROSECUTOR AZ official website","PRESCOTT VALLEY MUNICIPAL PROSECUTOR AZ contact official"
"BD_BOOK_EXP_00136","SHOW LOW MUNICIPAL PROSECUTOR","MOTORCYCLE_ORGANIZATION","","AZ","PUBLIC_SOURCE_FOUND","SOURCE_PRESENT_REQUIRES_VALIDATION","true","PENDING","false","false","SHOW LOW MUNICIPAL PROSECUTOR AZ official website","SHOW LOW MUNICIPAL PROSECUTOR AZ contact official"
"BD_BOOK_EXP_00137","SIERRA VISTA MUNICIPAL PROSECUTOR","MOTORCYCLE_ORGANIZATION","","AZ","PUBLIC_SOURCE_FOUND","SOURCE_PRESENT_REQUIRES_VALIDATION","true","PENDING","false","false","SIERRA VISTA MUNICIPAL PROSECUTOR AZ official website","SIERRA VISTA MUNICIPAL PROSECUTOR AZ contact official"
"BD_BOOK_EXP_00138","BULLHEAD CITY MUNICIPAL PROSECUTOR","MOTORCYCLE_ORGANIZATION","","AZ","PUBLIC_SOURCE_FOUND","SOURCE_PRESENT_REQUIRES_VALIDATION","true","PENDING","false","false","BULLHEAD CITY MUNICIPAL PROSECUTOR AZ official website","BULLHEAD CITY MUNICIPAL PROSECUTOR AZ contact official"
"BD_BOOK_EXP_00139","COOLIDGE MUNICIPAL PROSECUTOR","MOTORCYCLE_ORGANIZATION","","AZ","PUBLIC_SOURCE_FOUND","SOURCE_PRESENT_REQUIRES_VALIDATION","true","PENDING","false","false","COOLIDGE MUNICIPAL PROSECUTOR AZ official website","COOLIDGE MUNICIPAL PROSECUTOR AZ contact official"
"BD_BOOK_EXP_00140","COTTONWOOD MUNICIPAL PROSECUTOR","MOTORCYCLE_ORGANIZATION","","AZ","PUBLIC_SOURCE_FOUND","SOURCE_PRESENT_REQUIRES_VALIDATION","true","PENDING","false","false","COTTONWOOD MUNICIPAL PROSECUTOR AZ official website","COTTONWOOD MUNICIPAL PROSECUTOR AZ contact official"
"BD_BOOK_EXP_00141","DOUGLAS MUNICIPAL PROSECUTOR","MOTORCYCLE_ORGANIZATION","","AZ","PUBLIC_SOURCE_FOUND","SOURCE_PRESENT_REQUIRES_VALIDATION","true","PENDING","false","false","DOUGLAS MUNICIPAL PROSECUTOR AZ official website","DOUGLAS MUNICIPAL PROSECUTOR AZ contact official"
"BD_BOOK_EXP_00142","FLAGSTAFF MUNICIPAL PROSECUTOR","MOTORCYCLE_ORGANIZATION","","AZ","PUBLIC_SOURCE_FOUND","SOURCE_PRESENT_REQUIRES_VALIDATION","true","PENDING","false","false","FLAGSTAFF MUNICIPAL PROSECUTOR AZ official website","FLAGSTAFF MUNICIPAL PROSECUTOR AZ contact official"
"BD_BOOK_EXP_00143","GLOBE MUNICIPAL PROSECUTOR","MOTORCYCLE_ORGANIZATION","","AZ","PUBLIC_SOURCE_FOUND","SOURCE_PRESENT_REQUIRES_VALIDATION","true","PENDING","false","false","GLOBE MUNICIPAL PROSECUTOR AZ official website","GLOBE MUNICIPAL PROSECUTOR AZ contact official"
"BD_BOOK_EXP_00144","MARICOPA COUNTY CLERK OF THE COURT","MOTORCYCLE_ORGANIZATION","","AZ","PUBLIC_SOURCE_FOUND","SOURCE_PRESENT_REQUIRES_VALIDATION","true","PENDING","false","false","MARICOPA COUNTY CLERK OF THE COURT AZ official website","MARICOPA COUNTY CLERK OF THE COURT AZ contact official"
"BD_BOOK_EXP_00145","CASA GRANDE MUNCIPAL COURT (1142)","MOTORCYCLE_ORGANIZATION","","AZ","PUBLIC_SOURCE_FOUND","SOURCE_PRESENT_REQUIRES_VALIDATION","true","PENDING","false","false","CASA GRANDE MUNCIPAL COURT (1142) AZ official website","CASA GRANDE MUNCIPAL COURT (1142) AZ contact official"
"BD_BOOK_EXP_00147","(Duval County) Jacksonville Sheriff's Office","MOTORCYCLE_ORGANIZATION","","FL","PUBLIC_SOURCE_FOUND","SOURCE_PRESENT_REQUIRES_VALIDATION","true","PENDING","false","false","(Duval County) Jacksonville Sheriff's Office FL official website","(Duval County) Jacksonville Sheriff's Office FL contact official"
"BD_BOOK_EXP_00148","Hillsborough County Sheriff's Office","MOTORCYCLE_ORGANIZATION","","FL","PUBLIC_SOURCE_FOUND","SOURCE_PRESENT_REQUIRES_VALIDATION","true","PENDING","false","false","Hillsborough County Sheriff's Office FL official website","Hillsborough County Sheriff's Office FL contact official"
"BD_BOOK_EXP_00149","Miami-Dade County Police Department","MOTORCYCLE_ORGANIZATION","","FL","PUBLIC_SOURCE_FOUND","SOURCE_PRESENT_REQUIRES_VALIDATION","true","PENDING","false","false","Miami-Dade County Police Department FL official website","Miami-Dade County Police Department FL contact official"
"BD_BOOK_EXP_00150","Jacksonville Aviation Authority Police Department","MOTORCYCLE_ORGANIZATION","","FL","PUBLIC_SOURCE_FOUND","SOURCE_PRESENT_REQUIRES_VALIDATION","true","PENDING","false","false","Jacksonville Aviation Authority Police Department FL official website","Jacksonville Aviation Authority Police Department FL contact official"
"BD_BOOK_EXP_00151","Jacksonville Beach Police Department","MOTORCYCLE_ORGANIZATION","","FL","PUBLIC_SOURCE_FOUND","SOURCE_PRESENT_REQUIRES_VALIDATION","true","PENDING","false","false","Jacksonville Beach Police Department FL official website","Jacksonville Beach Police Department FL contact official"
"BD_BOOK_EXP_00152","Miami Beach Police Department","MOTORCYCLE_ORGANIZATION","","FL","PUBLIC_SOURCE_FOUND","SOURCE_PRESENT_REQUIRES_VALIDATION","true","PENDING","false","false","Miami Beach Police Department FL official website","Miami Beach Police Department FL contact official"
"BD_BOOK_EXP_00153","Miami Gardens Police Department","MOTORCYCLE_ORGANIZATION","","FL","PUBLIC_SOURCE_FOUND","SOURCE_PRESENT_REQUIRES_VALIDATION","true","PENDING","false","false","Miami Gardens Police Department FL official website","Miami Gardens Police Department FL contact official"
"BD_BOOK_EXP_00154","Miami Shores Police Department","MOTORCYCLE_ORGANIZATION","","FL","PUBLIC_SOURCE_FOUND","SOURCE_PRESENT_REQUIRES_VALIDATION","true","PENDING","false","false","Miami Shores Police Department FL official website","Miami Shores Police Department FL contact official"
"BD_BOOK_EXP_00155","Miami Springs Police Department","MOTORCYCLE_ORGANIZATION","","FL","PUBLIC_SOURCE_FOUND","SOURCE_PRESENT_REQUIRES_VALIDATION","true","PENDING","false","false","Miami Springs Police Department FL official website","Miami Springs Police Department FL contact official"
"BD_BOOK_EXP_00156","North Miami Beach Police Department","MOTORCYCLE_ORGANIZATION","","FL","PUBLIC_SOURCE_FOUND","SOURCE_PRESENT_REQUIRES_VALIDATION","true","PENDING","false","false","North Miami Beach Police Department FL official website","North Miami Beach Police Department FL contact official"
"BD_BOOK_EXP_00157","North Miami Police Department","MOTORCYCLE_ORGANIZATION","","FL","PUBLIC_SOURCE_FOUND","SOURCE_PRESENT_REQUIRES_VALIDATION","true","PENDING","false","false","North Miami Police Department FL official website","North Miami Police Department FL contact official"
"BD_BOOK_EXP_00158","South Miami Police Department","MOTORCYCLE_ORGANIZATION","","FL","PUBLIC_SOURCE_FOUND","SOURCE_PRESENT_REQUIRES_VALIDATION","true","PENDING","false","false","South Miami Police Department FL official website","South Miami Police Department FL contact official"
"BD_BOOK_EXP_00159","West Miami Police Department","MOTORCYCLE_ORGANIZATION","","FL","PUBLIC_SOURCE_FOUND","SOURCE_PRESENT_REQUIRES_VALIDATION","true","PENDING","false","false","West Miami Police Department FL official website","West Miami Police Department FL contact official"
"BD_BOOK_EXP_00160","Arizona Department of Public Safety GIITEM","MOTORCYCLE_ORGANIZATION","","AZ","PUBLIC_SOURCE_FOUND","SOURCE_PRESENT_REQUIRES_VALIDATION","true","PENDING","false","false","Arizona Department of Public Safety GIITEM AZ official website","Arizona Department of Public Safety GIITEM AZ contact official"
"BD_BOOK_EXP_00161","Phoenix Police Department Gang Enforcement Unit","MOTORCYCLE_ORGANIZATION","","AZ","PUBLIC_SOURCE_FOUND","SOURCE_PRESENT_REQUIRES_VALIDATION","true","PENDING","false","false","Phoenix Police Department Gang Enforcement Unit AZ official website","Phoenix Police Department Gang Enforcement Unit AZ contact official"
"BD_BOOK_EXP_00162","Arizona State Gang Task Force","MOTORCYCLE_ORGANIZATION","","AZ","PUBLIC_SOURCE_FOUND","SOURCE_PRESENT_REQUIRES_VALIDATION","true","PENDING","false","false","Arizona State Gang Task Force AZ official website","Arizona State Gang Task Force AZ contact official"
"BD_BOOK_EXP_00163","Arizona WANTED Task Force","MOTORCYCLE_ORGANIZATION","","AZ","PUBLIC_SOURCE_FOUND","SOURCE_PRESENT_REQUIRES_VALIDATION","true","PENDING","false","false","Arizona WANTED Task Force AZ official website","Arizona WANTED Task Force AZ contact official"
"BD_BOOK_EXP_00164","Los Angeles County Sheriff's Department Operation Safe Streets Bureau","MOTORCYCLE_ORGANIZATION","","CA","PUBLIC_SOURCE_FOUND","SOURCE_PRESENT_REQUIRES_VALIDATION","true","PENDING","false","false","Los Angeles County Sheriff's Department Operation Safe Streets Bureau CA official website","Los Angeles County Sheriff's Department Operation Safe Streets Bureau CA contact official"
"BD_BOOK_EXP_00165","California Commission on POST","MOTORCYCLE_ORGANIZATION","","CA","PUBLIC_SOURCE_FOUND","SOURCE_PRESENT_REQUIRES_VALIDATION","true","PENDING","false","false","California Commission on POST CA official website","California Commission on POST CA contact official"
"BD_BOOK_EXP_00166","International Association of Chiefs of Police","MOTORCYCLE_ORGANIZATION","","VA","PUBLIC_SOURCE_FOUND","SOURCE_PRESENT_REQUIRES_VALIDATION","true","PENDING","false","false","International Association of Chiefs of Police VA official website","International Association of Chiefs of Police VA contact official"
"BD_BOOK_EXP_00167","FBI Law Enforcement Training","MOTORCYCLE_ORGANIZATION","","VA","PUBLIC_SOURCE_FOUND","SOURCE_PRESENT_REQUIRES_VALIDATION","true","PENDING","false","false","FBI Law Enforcement Training VA official website","FBI Law Enforcement Training VA contact official"
"BD_BOOK_EXP_00168","Houston-Area Law Enforcement / FBI Houston Partner Agencies","MOTORCYCLE_ORGANIZATION","","TX","PUBLIC_SOURCE_FOUND","SOURCE_PRESENT_REQUIRES_VALIDATION","true","PENDING","false","false","Houston-Area Law Enforcement / FBI Houston Partner Agencies TX official website","Houston-Area Law Enforcement / FBI Houston Partner Agencies TX contact official"
"BD_BOOK_EXP_00169","New Mexico Regional Law Enforcement / FBI Albuquerque Partner Agencies","MOTORCYCLE_ORGANIZATION","","NM","PUBLIC_SOURCE_FOUND","SOURCE_PRESENT_REQUIRES_VALIDATION","true","PENDING","false","false","New Mexico Regional Law Enforcement / FBI Albuquerque Partner Agencies NM official website","New Mexico Regional Law Enforcement / FBI Albuquerque Partner Agencies NM contact official"
"BD_BOOK_EXP_00170","Washington County Oregon Sheriff's Office Special Investigations","MOTORCYCLE_ORGANIZATION","","OR","PUBLIC_SOURCE_FOUND","SOURCE_PRESENT_REQUIRES_VALIDATION","true","PENDING","false","false","Washington County Oregon Sheriff's Office Special Investigations OR official website","Washington County Oregon Sheriff's Office Special Investigations OR contact official"
"BD_BOOK_EXP_00171","Portland Police Bureau Training Division","MOTORCYCLE_ORGANIZATION","","OR","PUBLIC_SOURCE_FOUND","SOURCE_PRESENT_REQUIRES_VALIDATION","true","PENDING","false","false","Portland Police Bureau Training Division OR official website","Portland Police Bureau Training Division OR contact official"
"BD_BOOK_EXP_00172","California Highway Patrol Organized Crime Enforcement","MOTORCYCLE_ORGANIZATION","","CA","PUBLIC_SOURCE_FOUND","SOURCE_PRESENT_REQUIRES_VALIDATION","true","PENDING","false","false","California Highway Patrol Organized Crime Enforcement CA official website","California Highway Patrol Organized Crime Enforcement CA contact official"
"BD_BOOK_EXP_00173","California Highway Patrol","MOTORCYCLE_ORGANIZATION","","CA","PUBLIC_SOURCE_FOUND","SOURCE_PRESENT_REQUIRES_VALIDATION","true","PENDING","false","false","California Highway Patrol CA official website","California Highway Patrol CA contact official"
"BD_BOOK_EXP_00174","California Commission on POST Legislative Mandated Training","MOTORCYCLE_ORGANIZATION","","CA","PUBLIC_SOURCE_FOUND","SOURCE_PRESENT_REQUIRES_VALIDATION","true","PENDING","false","false","California Commission on POST Legislative Mandated Training CA official website","California Commission on POST Legislative Mandated Training CA contact official"
"BD_BOOK_EXP_00175","California Commission on POST Reimbursable Training","MOTORCYCLE_ORGANIZATION","","CA","PUBLIC_SOURCE_FOUND","SOURCE_PRESENT_REQUIRES_VALIDATION","true","PENDING","false","false","California Commission on POST Reimbursable Training CA official website","California Commission on POST Reimbursable Training CA contact official"
"BD_BOOK_EXP_00176","IACP Project Safe Neighborhoods Initiative","MOTORCYCLE_ORGANIZATION","","VA","PUBLIC_SOURCE_FOUND","SOURCE_PRESENT_REQUIRES_VALIDATION","true","PENDING","false","false","IACP Project Safe Neighborhoods Initiative VA official website","IACP Project Safe Neighborhoods Initiative VA contact official"
"BD_BOOK_EXP_00177","FBI Safe Streets Violent Crime Initiative","MOTORCYCLE_ORGANIZATION","","DC","PUBLIC_SOURCE_FOUND","SOURCE_PRESENT_REQUIRES_VALIDATION","true","PENDING","false","false","FBI Safe Streets Violent Crime Initiative DC official website","FBI Safe Streets Violent Crime Initiative DC contact official"
"BD_BOOK_EXP_00178","COPS Office Specialized Units Guidance","MOTORCYCLE_ORGANIZATION","","DC","PUBLIC_SOURCE_FOUND","SOURCE_PRESENT_REQUIRES_VALIDATION","true","PENDING","false","false","COPS Office Specialized Units Guidance DC official website","COPS Office Specialized Units Guidance DC contact official"
"BD_BOOK_EXP_00179","California POST Training Videos","MOTORCYCLE_ORGANIZATION","","CA","PUBLIC_SOURCE_FOUND","SOURCE_PRESENT_REQUIRES_VALIDATION","true","PENDING","false","false","California POST Training Videos CA official website","California POST Training Videos CA contact official"
"BD_BOOK_EXP_00180","Criminal Justice Program Institutional Book Buyer Seed","MOTORCYCLE_ORGANIZATION","","US","PUBLIC_SOURCE_FOUND","SOURCE_PRESENT_REQUIRES_VALIDATION","true","PENDING","false","false","Criminal Justice Program Institutional Book Buyer Seed US official website","Criminal Justice Program Institutional Book Buyer Seed US contact official"
"BD_BOOK_EXP_00181","Public Safety / Law Enforcement Library Buyer Seed","MOTORCYCLE_ORGANIZATION","","US","PUBLIC_SOURCE_FOUND","SOURCE_PRESENT_REQUIRES_VALIDATION","true","PENDING","false","false","Public Safety / Law Enforcement Library Buyer Seed US official website","Public Safety / Law Enforcement Library Buyer Seed US contact official"
"BD_BOOK_EXP_00182","Private Security Training Buyer Seed","MOTORCYCLE_ORGANIZATION","","US","PUBLIC_SOURCE_FOUND","SOURCE_PRESENT_REQUIRES_VALIDATION","true","PENDING","false","false","Private Security Training Buyer Seed US official website","Private Security Training Buyer Seed US contact official"
"BD_BOOK_EXP_00183","HARRIS COUNTY SHERIFFS OFFICE","MOTORCYCLE_ORGANIZATION","","TX","PUBLIC_SOURCE_FOUND","SOURCE_PRESENT_REQUIRES_VALIDATION","true","PENDING","false","false","HARRIS COUNTY SHERIFFS OFFICE TX official website","HARRIS COUNTY SHERIFFS OFFICE TX contact official"
"BD_BOOK_EXP_00184","SPRING VALLEY POLICE DEPARTMENT","MOTORCYCLE_ORGANIZATION","","TX","PUBLIC_SOURCE_FOUND","SOURCE_PRESENT_REQUIRES_VALIDATION","true","PENDING","false","false","SPRING VALLEY POLICE DEPARTMENT TX official website","SPRING VALLEY POLICE DEPARTMENT TX contact official"
"BD_BOOK_EXP_00185","JERSEY VILLAGE POLICE DEPARTMENT","MOTORCYCLE_ORGANIZATION","","TX","PUBLIC_SOURCE_FOUND","SOURCE_PRESENT_REQUIRES_VALIDATION","true","PENDING","false","false","JERSEY VILLAGE POLICE DEPARTMENT TX official website","JERSEY VILLAGE POLICE DEPARTMENT TX contact official"
"BD_BOOK_EXP_00186","SOUTHSIDE PLACE POLICE DEPARTMENT","MOTORCYCLE_ORGANIZATION","","TX","PUBLIC_SOURCE_FOUND","SOURCE_PRESENT_REQUIRES_VALIDATION","true","PENDING","false","false","SOUTHSIDE PLACE POLICE DEPARTMENT TX official website","SOUTHSIDE PLACE POLICE DEPARTMENT TX contact official"
"BD_BOOK_EXP_00187","HEDWIG VILLAGE POLICE DEPARTMENT","MOTORCYCLE_ORGANIZATION","","TX","PUBLIC_SOURCE_FOUND","SOURCE_PRESENT_REQUIRES_VALIDATION","true","PENDING","false","false","HEDWIG VILLAGE POLICE DEPARTMENT TX official website","HEDWIG VILLAGE POLICE DEPARTMENT TX contact official"
"BD_BOOK_EXP_00188","JACINTO CITY POLICE DEPARTMENT","MOTORCYCLE_ORGANIZATION","","TX","PUBLIC_SOURCE_FOUND","SOURCE_PRESENT_REQUIRES_VALIDATION","true","PENDING","false","false","JACINTO CITY POLICE DEPARTMENT TX official website","JACINTO CITY POLICE DEPARTMENT TX contact official"
"BD_BOOK_EXP_00189","MEMORIAL VILLAGES POLICE DEPARTMENT","MOTORCYCLE_ORGANIZATION","","TX","PUBLIC_SOURCE_FOUND","SOURCE_PRESENT_REQUIRES_VALIDATION","true","PENDING","false","false","MEMORIAL VILLAGES POLICE DEPARTMENT TX official website","MEMORIAL VILLAGES POLICE DEPARTMENT TX contact official"
"BD_BOOK_EXP_00190","HIGHLAND PARK DEPARTMENT OF PUBLIC SAFETY","MOTORCYCLE_ORGANIZATION","","TX","PUBLIC_SOURCE_FOUND","SOURCE_PRESENT_REQUIRES_VALIDATION","true","PENDING","false","false","HIGHLAND PARK DEPARTMENT OF PUBLIC SAFETY TX official website","HIGHLAND PARK DEPARTMENT OF PUBLIC SAFETY TX contact official"
"BD_BOOK_EXP_00191","PARKLAND POLICE DEPARTMENT","MOTORCYCLE_ORGANIZATION","","TX","PUBLIC_SOURCE_FOUND","SOURCE_PRESENT_REQUIRES_VALIDATION","true","PENDING","false","false","PARKLAND POLICE DEPARTMENT TX official website","PARKLAND POLICE DEPARTMENT TX contact official"
"BD_BOOK_EXP_00192","KING COUNTY SHERIFFS OFFICE","MOTORCYCLE_ORGANIZATION","","TX","PUBLIC_SOURCE_FOUND","SOURCE_PRESENT_REQUIRES_VALIDATION","true","PENDING","false","false","KING COUNTY SHERIFFS OFFICE TX official website","KING COUNTY SHERIFFS OFFICE TX contact official"
"BD_BOOK_EXP_00193","TARRANT COUNTY SHERIFFS OFFICE - ADMINISTRATION","MOTORCYCLE_ORGANIZATION","","TX","PUBLIC_SOURCE_FOUND","SOURCE_PRESENT_REQUIRES_VALIDATION","true","PENDING","false","false","TARRANT COUNTY SHERIFFS OFFICE - ADMINISTRATION TX official website","TARRANT COUNTY SHERIFFS OFFICE - ADMINISTRATION TX contact official"
"BD_BOOK_EXP_00194","WILLIAMSON COUNTY SHERIFF OFFICE","MOTORCYCLE_ORGANIZATION","","TX","PUBLIC_SOURCE_FOUND","SOURCE_PRESENT_REQUIRES_VALIDATION","true","PENDING","false","false","WILLIAMSON COUNTY SHERIFF OFFICE TX official website","WILLIAMSON COUNTY SHERIFF OFFICE TX contact official"
"BD_BOOK_EXP_00195","JEFFERSON COUNTY SHERIFFS OFFICE","MOTORCYCLE_ORGANIZATION","","TX","PUBLIC_SOURCE_FOUND","SOURCE_PRESENT_REQUIRES_VALIDATION","true","PENDING","false","false","JEFFERSON COUNTY SHERIFFS OFFICE TX official website","JEFFERSON COUNTY SHERIFFS OFFICE TX contact official"
"BD_BOOK_EXP_00196","CAMERON COUNTY SHERIFFS OFFICE","MOTORCYCLE_ORGANIZATION","","TX","PUBLIC_SOURCE_FOUND","SOURCE_PRESENT_REQUIRES_VALIDATION","true","PENDING","false","false","CAMERON COUNTY SHERIFFS OFFICE TX official website","CAMERON COUNTY SHERIFFS OFFICE TX contact official"
"BD_BOOK_EXP_00197","COLLIN COUNTY SHERIFFS OFFICE","MOTORCYCLE_ORGANIZATION","","TX","PUBLIC_SOURCE_FOUND","SOURCE_PRESENT_REQUIRES_VALIDATION","true","PENDING","false","false","COLLIN COUNTY SHERIFFS OFFICE TX official website","COLLIN COUNTY SHERIFFS OFFICE TX contact official"
"BD_BOOK_EXP_00198","JOHNSON COUNTY SHERIFFS OFFICE","MOTORCYCLE_ORGANIZATION","","TX","PUBLIC_SOURCE_FOUND","SOURCE_PRESENT_REQUIRES_VALIDATION","true","PENDING","false","false","JOHNSON COUNTY SHERIFFS OFFICE TX official website","JOHNSON COUNTY SHERIFFS OFFICE TX contact official"
"BD_BOOK_EXP_00199","TOM GREEN COUNTY SHERIFFS OFFICE","MOTORCYCLE_ORGANIZATION","","TX","PUBLIC_SOURCE_FOUND","SOURCE_PRESENT_REQUIRES_VALIDATION","true","PENDING","false","false","TOM GREEN COUNTY SHERIFFS OFFICE TX official website","TOM GREEN COUNTY SHERIFFS OFFICE TX contact official"
"BD_BOOK_EXP_00200","POTTER COUNTY SHERIFFS OFFICE","MOTORCYCLE_ORGANIZATION","","TX","PUBLIC_SOURCE_FOUND","SOURCE_PRESENT_REQUIRES_VALIDATION","true","PENDING","false","false","POTTER COUNTY SHERIFFS OFFICE TX official website","POTTER COUNTY SHERIFFS OFFICE TX contact official"
"BD_BOOK_EXP_00201","BRAZOS COUNTY SHERIFFS OFFICE","MOTORCYCLE_ORGANIZATION","","TX","PUBLIC_SOURCE_FOUND","SOURCE_PRESENT_REQUIRES_VALIDATION","true","PENDING","false","false","BRAZOS COUNTY SHERIFFS OFFICE TX official website","BRAZOS COUNTY SHERIFFS OFFICE TX contact official"
"BD_BOOK_EXP_00202","SMITH COUNTY SHERIFFS OFFICE","MOTORCYCLE_ORGANIZATION","","TX","PUBLIC_SOURCE_FOUND","SOURCE_PRESENT_REQUIRES_VALIDATION","true","PENDING","false","false","SMITH COUNTY SHERIFFS OFFICE TX official website","SMITH COUNTY SHERIFFS OFFICE TX contact official"
"BD_BOOK_EXP_00203","DALWORTHINGTON GARDENS DEPARTMENT OF PUBLIC SAFETY","MOTORCYCLE_ORGANIZATION","","TX","PUBLIC_SOURCE_FOUND","SOURCE_PRESENT_REQUIRES_VALIDATION","true","PENDING","false","false","DALWORTHINGTON GARDENS DEPARTMENT OF PUBLIC SAFETY TX official website","DALWORTHINGTON GARDENS DEPARTMENT OF PUBLIC SAFETY TX contact official"
"BD_BOOK_EXP_00204","BEVERLY HILLS DEPARTMENT OF PUBLIC SAFETY","MOTORCYCLE_ORGANIZATION","","TX","PUBLIC_SOURCE_FOUND","SOURCE_PRESENT_REQUIRES_VALIDATION","true","PENDING","false","false","BEVERLY HILLS DEPARTMENT OF PUBLIC SAFETY TX official website","BEVERLY HILLS DEPARTMENT OF PUBLIC SAFETY TX contact official"
"BD_BOOK_EXP_00205","WESTLAKE DEPARTMENT OF PUBLIC SAFETY","MOTORCYCLE_ORGANIZATION","","TX","PUBLIC_SOURCE_FOUND","SOURCE_PRESENT_REQUIRES_VALIDATION","true","PENDING","false","false","WESTLAKE DEPARTMENT OF PUBLIC SAFETY TX official website","WESTLAKE DEPARTMENT OF PUBLIC SAFETY TX contact official"
"BD_BOOK_EXP_00206","MCALLEN DEPARTMENT OF PUBLIC SAFETY","MOTORCYCLE_ORGANIZATION","","TX","PUBLIC_SOURCE_FOUND","SOURCE_PRESENT_REQUIRES_VALIDATION","true","PENDING","false","false","MCALLEN DEPARTMENT OF PUBLIC SAFETY TX official website","MCALLEN DEPARTMENT OF PUBLIC SAFETY TX contact official"
"BD_BOOK_EXP_00207","RUNNELS COUNTY SHERIFF OFFICE","MOTORCYCLE_ORGANIZATION","","TX","PUBLIC_SOURCE_FOUND","SOURCE_PRESENT_REQUIRES_VALIDATION","true","PENDING","false","false","RUNNELS COUNTY SHERIFF OFFICE TX official website","RUNNELS COUNTY SHERIFF OFFICE TX contact official"
"BD_BOOK_EXP_00208","WILBARGER COUNTY SHERIFFS OFFICE","MOTORCYCLE_ORGANIZATION","","TX","PUBLIC_SOURCE_FOUND","SOURCE_PRESENT_REQUIRES_VALIDATION","true","PENDING","false","false","WILBARGER COUNTY SHERIFFS OFFICE TX official website","WILBARGER COUNTY SHERIFFS OFFICE TX contact official"
"BD_BOOK_EXP_00209","FLOYD COUNTY SHERIFFS OFFICE","MOTORCYCLE_ORGANIZATION","","TX","PUBLIC_SOURCE_FOUND","SOURCE_PRESENT_REQUIRES_VALIDATION","true","PENDING","false","false","FLOYD COUNTY SHERIFFS OFFICE TX official website","FLOYD COUNTY SHERIFFS OFFICE TX contact official"
"BD_BOOK_EXP_00210","BOWIE COUNTY SHERIFFS OFFICE","MOTORCYCLE_ORGANIZATION","","TX","PUBLIC_SOURCE_FOUND","SOURCE_PRESENT_REQUIRES_VALIDATION","true","PENDING","false","false","BOWIE COUNTY SHERIFFS OFFICE TX official website","BOWIE COUNTY SHERIFFS OFFICE TX contact official"
"BD_BOOK_EXP_00211","MOTLEY COUNTY SHERIFF OFFICE","MOTORCYCLE_ORGANIZATION","","TX","PUBLIC_SOURCE_FOUND","SOURCE_PRESENT_REQUIRES_VALIDATION","true","PENDING","false","false","MOTLEY COUNTY SHERIFF OFFICE TX official website","MOTLEY COUNTY SHERIFF OFFICE TX contact official"
"BD_BOOK_EXP_00212","COKE COUNTY SHERIFFS OFFICE","MOTORCYCLE_ORGANIZATION","","TX","PUBLIC_SOURCE_FOUND","SOURCE_PRESENT_REQUIRES_VALIDATION","true","PENDING","false","false","COKE COUNTY SHERIFFS OFFICE TX official website","COKE COUNTY SHERIFFS OFFICE TX contact official"
"BD_BOOK_EXP_00213","JEFF DAVIS COUNTY SHERIFFS OFFICE","MOTORCYCLE_ORGANIZATION","","TX","PUBLIC_SOURCE_FOUND","SOURCE_PRESENT_REQUIRES_VALIDATION","true","PENDING","false","false","JEFF DAVIS COUNTY SHERIFFS OFFICE TX official website","JEFF DAVIS COUNTY SHERIFFS OFFICE TX contact official"
"BD_BOOK_EXP_00214","HASKELL COUNTY SHERIFFS OFFICE","MOTORCYCLE_ORGANIZATION","","TX","PUBLIC_SOURCE_FOUND","SOURCE_PRESENT_REQUIRES_VALIDATION","true","PENDING","false","false","HASKELL COUNTY SHERIFFS OFFICE TX official website","HASKELL COUNTY SHERIFFS OFFICE TX contact official"
"BD_BOOK_EXP_00215","FOARD COUNTY SHERIFFS OFFICE","MOTORCYCLE_ORGANIZATION","","TX","PUBLIC_SOURCE_FOUND","SOURCE_PRESENT_REQUIRES_VALIDATION","true","PENDING","false","false","FOARD COUNTY SHERIFFS OFFICE TX official website","FOARD COUNTY SHERIFFS OFFICE TX contact official"
"BD_BOOK_EXP_00216","MASON COUNTY SHERIFFS OFFICE","MOTORCYCLE_ORGANIZATION","","TX","PUBLIC_SOURCE_FOUND","SOURCE_PRESENT_REQUIRES_VALIDATION","true","PENDING","false","false","MASON COUNTY SHERIFFS OFFICE TX official website","MASON COUNTY SHERIFFS OFFICE TX contact official"
"BD_BOOK_EXP_00217","LOVING COUNTY SHERIFFS OFFICE","MOTORCYCLE_ORGANIZATION","","TX","PUBLIC_SOURCE_FOUND","SOURCE_PRESENT_REQUIRES_VALIDATION","true","PENDING","false","false","LOVING COUNTY SHERIFFS OFFICE TX official website","LOVING COUNTY SHERIFFS OFFICE TX contact official"
"BD_BOOK_EXP_00218","COTTLE COUNTY SHERIFFS OFFICE","MOTORCYCLE_ORGANIZATION","","TX","PUBLIC_SOURCE_FOUND","SOURCE_PRESENT_REQUIRES_VALIDATION","true","PENDING","false","false","COTTLE COUNTY SHERIFFS OFFICE TX official website","COTTLE COUNTY SHERIFFS OFFICE TX contact official"
"BD_BOOK_EXP_00219","CONCHO COUNTY SHERIFFS OFFICE","MOTORCYCLE_ORGANIZATION","","TX","PUBLIC_SOURCE_FOUND","SOURCE_PRESENT_REQUIRES_VALIDATION","true","PENDING","false","false","CONCHO COUNTY SHERIFFS OFFICE TX official website","CONCHO COUNTY SHERIFFS OFFICE TX contact official"
"BD_BOOK_EXP_00220","KENEDY COUNTY SHERIFFS OFFICE","MOTORCYCLE_ORGANIZATION","","TX","PUBLIC_SOURCE_FOUND","SOURCE_PRESENT_REQUIRES_VALIDATION","true","PENDING","false","false","KENEDY COUNTY SHERIFFS OFFICE TX official website","KENEDY COUNTY SHERIFFS OFFICE TX contact official"
"BD_BOOK_EXP_00221","CLAY COUNTY SHERIFFS OFFICE","MOTORCYCLE_ORGANIZATION","","TX","PUBLIC_SOURCE_FOUND","SOURCE_PRESENT_REQUIRES_VALIDATION","true","PENDING","false","false","CLAY COUNTY SHERIFFS OFFICE TX official website","CLAY COUNTY SHERIFFS OFFICE TX contact official"
"BD_BOOK_EXP_00222","RUSK COUNTY SHERIFFS OFFICE","MOTORCYCLE_ORGANIZATION","","TX","PUBLIC_SOURCE_FOUND","SOURCE_PRESENT_REQUIRES_VALIDATION","true","PENDING","false","false","RUSK COUNTY SHERIFFS OFFICE TX official website","RUSK COUNTY SHERIFFS OFFICE TX contact official"
"BD_BOOK_EXP_00223","COCHRAN COUNTY SHERIFFS OFFICE","MOTORCYCLE_ORGANIZATION","","TX","PUBLIC_SOURCE_FOUND","SOURCE_PRESENT_REQUIRES_VALIDATION","true","PENDING","false","false","COCHRAN COUNTY SHERIFFS OFFICE TX official website","COCHRAN COUNTY SHERIFFS OFFICE TX contact official"
"BD_BOOK_EXP_00224","BAYLOR COUNTY SHERIFFS OFFICE","MOTORCYCLE_ORGANIZATION","","TX","PUBLIC_SOURCE_FOUND","SOURCE_PRESENT_REQUIRES_VALIDATION","true","PENDING","false","false","BAYLOR COUNTY SHERIFFS OFFICE TX official website","BAYLOR COUNTY SHERIFFS OFFICE TX contact official"
"BD_BOOK_EXP_00225","KENT COUNTY SHERIFFS OFFICE","MOTORCYCLE_ORGANIZATION","","TX","PUBLIC_SOURCE_FOUND","SOURCE_PRESENT_REQUIRES_VALIDATION","true","PENDING","false","false","KENT COUNTY SHERIFFS OFFICE TX official website","KENT COUNTY SHERIFFS OFFICE TX contact official"
"BD_BOOK_EXP_00226","MATAGORDA COUNTY SHERIFFS OFFICE","MOTORCYCLE_ORGANIZATION","","TX","PUBLIC_SOURCE_FOUND","SOURCE_PRESENT_REQUIRES_VALIDATION","true","PENDING","false","false","MATAGORDA COUNTY SHERIFFS OFFICE TX official website","MATAGORDA COUNTY SHERIFFS OFFICE TX contact official"
"BD_BOOK_EXP_00227","BREWSTER COUNTY SHERIFFS OFFICE","MOTORCYCLE_ORGANIZATION","","TX","PUBLIC_SOURCE_FOUND","SOURCE_PRESENT_REQUIRES_VALIDATION","true","PENDING","false","false","BREWSTER COUNTY SHERIFFS OFFICE TX official website","BREWSTER COUNTY SHERIFFS OFFICE TX contact official"
"BD_BOOK_EXP_00228","BORDEN COUNTY SHERIFFS OFFICE","MOTORCYCLE_ORGANIZATION","","TX","PUBLIC_SOURCE_FOUND","SOURCE_PRESENT_REQUIRES_VALIDATION","true","PENDING","false","false","BORDEN COUNTY SHERIFFS OFFICE TX official website","BORDEN COUNTY SHERIFFS OFFICE TX contact official"
"BD_BOOK_EXP_00229","TAYLOR COUNTY SHERIFFS OFFICE","MOTORCYCLE_ORGANIZATION","","TX","PUBLIC_SOURCE_FOUND","SOURCE_PRESENT_REQUIRES_VALIDATION","true","PENDING","false","false","TAYLOR COUNTY SHERIFFS OFFICE TX official website","TAYLOR COUNTY SHERIFFS OFFICE TX contact official"
"BD_BOOK_EXP_00230","GILLESPIE COUNTY SHERIFFS OFFICE","MOTORCYCLE_ORGANIZATION","","TX","PUBLIC_SOURCE_FOUND","SOURCE_PRESENT_REQUIRES_VALIDATION","true","PENDING","false","false","GILLESPIE COUNTY SHERIFFS OFFICE TX official website","GILLESPIE COUNTY SHERIFFS OFFICE TX contact official"
"BD_BOOK_EXP_00231","MCMULLEN COUNTY SHERIFFS OFFICE","MOTORCYCLE_ORGANIZATION","","TX","PUBLIC_SOURCE_FOUND","SOURCE_PRESENT_REQUIRES_VALIDATION","true","PENDING","false","false","MCMULLEN COUNTY SHERIFFS OFFICE TX official website","MCMULLEN COUNTY SHERIFFS OFFICE TX contact official"
"BD_BOOK_EXP_00232","STERLING COUNTY SHERIFFS OFFICE","MOTORCYCLE_ORGANIZATION","","TX","PUBLIC_SOURCE_FOUND","SOURCE_PRESENT_REQUIRES_VALIDATION","true","PENDING","false","false","STERLING COUNTY SHERIFFS OFFICE TX official website","STERLING COUNTY SHERIFFS OFFICE TX contact official"
"BD_BOOK_EXP_00233","WALKER COUNTY SHERIFFS OFFICE","MOTORCYCLE_ORGANIZATION","","TX","PUBLIC_SOURCE_FOUND","SOURCE_PRESENT_REQUIRES_VALIDATION","true","PENDING","false","false","WALKER COUNTY SHERIFFS OFFICE TX official website","WALKER COUNTY SHERIFFS OFFICE TX contact official"
"BD_BOOK_EXP_00234","THROCKMORTON COUNTY SHERIFFS OFFICE","MOTORCYCLE_ORGANIZATION","","TX","PUBLIC_SOURCE_FOUND","SOURCE_PRESENT_REQUIRES_VALIDATION","true","PENDING","false","false","THROCKMORTON COUNTY SHERIFFS OFFICE TX official website","THROCKMORTON COUNTY SHERIFFS OFFICE TX contact official"
"BD_BOOK_EXP_00235","ARANSAS COUNTY SHERIFFS OFFICE","MOTORCYCLE_ORGANIZATION","","TX","PUBLIC_SOURCE_FOUND","SOURCE_PRESENT_REQUIRES_VALIDATION","true","PENDING","false","false","ARANSAS COUNTY SHERIFFS OFFICE TX official website","ARANSAS COUNTY SHERIFFS OFFICE TX contact official"
"BD_BOOK_EXP_00236","LEE COUNTY SHERIFFS OFFICE","MOTORCYCLE_ORGANIZATION","","TX","PUBLIC_SOURCE_FOUND","SOURCE_PRESENT_REQUIRES_VALIDATION","true","PENDING","false","false","LEE COUNTY SHERIFFS OFFICE TX official website","LEE COUNTY SHERIFFS OFFICE TX contact official"
"BD_BOOK_EXP_00237","TRAVIS COUNTY SHERIFFS OFFICE","MOTORCYCLE_ORGANIZATION","","TX","PUBLIC_SOURCE_FOUND","SOURCE_PRESENT_REQUIRES_VALIDATION","true","PENDING","false","false","TRAVIS COUNTY SHERIFFS OFFICE TX official website","TRAVIS COUNTY SHERIFFS OFFICE TX contact official"
"BD_BOOK_EXP_00238","PRESIDIO COUNTY SHERIFF OFFICE - ANNEX","MOTORCYCLE_ORGANIZATION","","TX","PUBLIC_SOURCE_FOUND","SOURCE_PRESENT_REQUIRES_VALIDATION","true","PENDING","false","false","PRESIDIO COUNTY SHERIFF OFFICE - ANNEX TX official website","PRESIDIO COUNTY SHERIFF OFFICE - ANNEX TX contact official"
"BD_BOOK_EXP_00239","DALLAS COUNTY SHERIFFS OFFICE","MOTORCYCLE_ORGANIZATION","","TX","PUBLIC_SOURCE_FOUND","SOURCE_PRESENT_REQUIRES_VALIDATION","true","PENDING","false","false","DALLAS COUNTY SHERIFFS OFFICE TX official website","DALLAS COUNTY SHERIFFS OFFICE TX contact official"
"BD_BOOK_EXP_00240","METHODIST MEDICAL CENTER POLICE DEPARTMENT","MOTORCYCLE_ORGANIZATION","","TX","PUBLIC_SOURCE_FOUND","SOURCE_PRESENT_REQUIRES_VALIDATION","true","PENDING","false","false","METHODIST MEDICAL CENTER POLICE DEPARTMENT TX official website","METHODIST MEDICAL CENTER POLICE DEPARTMENT TX contact official"
"BD_BOOK_EXP_00241","TEXAS MEDICAL CENTER POLICE DEPARTMENT","MOTORCYCLE_ORGANIZATION","","TX","PUBLIC_SOURCE_FOUND","SOURCE_PRESENT_REQUIRES_VALIDATION","true","PENDING","false","false","TEXAS MEDICAL CENTER POLICE DEPARTMENT TX official website","TEXAS MEDICAL CENTER POLICE DEPARTMENT TX contact official"
"BD_BOOK_EXP_00242","DALLAS THEOLOGICAL SEMINARY POLICE DEPARTMENT","MOTORCYCLE_ORGANIZATION","","TX","PUBLIC_SOURCE_FOUND","SOURCE_PRESENT_REQUIRES_VALIDATION","true","PENDING","false","false","DALLAS THEOLOGICAL SEMINARY POLICE DEPARTMENT TX official website","DALLAS THEOLOGICAL SEMINARY POLICE DEPARTMENT TX contact official"
"BD_BOOK_EXP_00243","HARRIS COUNTY SHERIFFS OFFICE DIVISION 3 - WALLISVILLE","MOTORCYCLE_ORGANIZATION","","TX","PUBLIC_SOURCE_FOUND","SOURCE_PRESENT_REQUIRES_VALIDATION","true","PENDING","false","false","HARRIS COUNTY SHERIFFS OFFICE DIVISION 3 - WALLISVILLE TX official website","HARRIS COUNTY SHERIFFS OFFICE DIVISION 3 - WALLISVILLE TX contact official"
"BD_BOOK_EXP_00244","HARRIS COUNTY SHERIFFS OFFICE DIVISION 4 - CLAY ROAD","MOTORCYCLE_ORGANIZATION","","TX","PUBLIC_SOURCE_FOUND","SOURCE_PRESENT_REQUIRES_VALIDATION","true","PENDING","false","false","HARRIS COUNTY SHERIFFS OFFICE DIVISION 4 - CLAY ROAD TX official website","HARRIS COUNTY SHERIFFS OFFICE DIVISION 4 - CLAY ROAD TX contact official"
"BD_BOOK_EXP_00245","TEXAS DEPARTMENT OF PUBLIC SAFETY TEXAS RANGER COMPANY A - HOUSTON","MOTORCYCLE_ORGANIZATION","","TX","PUBLIC_SOURCE_FOUND","SOURCE_PRESENT_REQUIRES_VALIDATION","true","PENDING","false","false","TEXAS DEPARTMENT OF PUBLIC SAFETY TEXAS RANGER COMPANY A - HOUSTON TX official website","TEXAS DEPARTMENT OF PUBLIC SAFETY TEXAS RANGER COMPANY A - HOUSTON TX contact official"
"BD_BOOK_EXP_00246","BAYLOR HEALTH CARE SYSTEM PUBLIC SAFETY DEPARTMENT","MOTORCYCLE_ORGANIZATION","","TX","PUBLIC_SOURCE_FOUND","SOURCE_PRESENT_REQUIRES_VALIDATION","true","PENDING","false","false","BAYLOR HEALTH CARE SYSTEM PUBLIC SAFETY DEPARTMENT TX official website","BAYLOR HEALTH CARE SYSTEM PUBLIC SAFETY DEPARTMENT TX contact official"
"BD_BOOK_EXP_00247","TEXAS DEPARTMENT OF PUBLIC SAFETY - HIGHWAY PATROL HEADQUARTERS REGION 2 AREA 2","MOTORCYCLE_ORGANIZATION","","TX","PUBLIC_SOURCE_FOUND","SOURCE_PRESENT_REQUIRES_VALIDATION","true","PENDING","false","false","TEXAS DEPARTMENT OF PUBLIC SAFETY - HIGHWAY PATROL HEADQUARTERS REGION 2 AREA 2 TX official website","TEXAS DEPARTMENT OF PUBLIC SAFETY - HIGHWAY PATROL HEADQUARTERS REGION 2 AREA 2 TX contact official"
"BD_BOOK_EXP_00248","ROBERTS COUNTY SHERIFFS OFFICE","MOTORCYCLE_ORGANIZATION","","TX","PUBLIC_SOURCE_FOUND","SOURCE_PRESENT_REQUIRES_VALIDATION","true","PENDING","false","false","ROBERTS COUNTY SHERIFFS OFFICE TX official website","ROBERTS COUNTY SHERIFFS OFFICE TX contact official"
"BD_BOOK_EXP_00249","TEXAS DEPARTMENT OF PUBLIC SAFETY - HIGHWAY PATROL REGION 1 DISTRICT B SERGEANT 0 AREA 11","MOTORCYCLE_ORGANIZATION","","TX","PUBLIC_SOURCE_FOUND","SOURCE_PRESENT_REQUIRES_VALIDATION","true","PENDING","false","false","TEXAS DEPARTMENT OF PUBLIC SAFETY - HIGHWAY PATROL REGION 1 DISTRICT B SERGEANT 0 AREA 11 TX official website","TEXAS DEPARTMENT OF PUBLIC SAFETY - HIGHWAY PATROL REGION 1 DISTRICT B SERGEANT 0 AREA 11 TX contact official"
"BD_BOOK_EXP_00250","HARRIS COUNTY SHERIFFS OFFICE DIVISION 2 - HUMBLE","MOTORCYCLE_ORGANIZATION","","TX","PUBLIC_SOURCE_FOUND","SOURCE_PRESENT_REQUIRES_VALIDATION","true","PENDING","false","false","HARRIS COUNTY SHERIFFS OFFICE DIVISION 2 - HUMBLE TX official website","HARRIS COUNTY SHERIFFS OFFICE DIVISION 2 - HUMBLE TX contact official"
"BD_BOOK_EXP_00251","HARRIS COUNTY SHERIFFS OFFICE DIVISION 1 - CYPRESSWOOD","MOTORCYCLE_ORGANIZATION","","TX","PUBLIC_SOURCE_FOUND","SOURCE_PRESENT_REQUIRES_VALIDATION","true","PENDING","false","false","HARRIS COUNTY SHERIFFS OFFICE DIVISION 1 - CYPRESSWOOD TX official website","HARRIS COUNTY SHERIFFS OFFICE DIVISION 1 - CYPRESSWOOD TX contact official"
"BD_BOOK_EXP_00252","HARRIS COUNTY SHERIFFS OFFICE DIVISION 5","MOTORCYCLE_ORGANIZATION","","TX","PUBLIC_SOURCE_FOUND","SOURCE_PRESENT_REQUIRES_VALIDATION","true","PENDING","false","false","HARRIS COUNTY SHERIFFS OFFICE DIVISION 5 TX official website","HARRIS COUNTY SHERIFFS OFFICE DIVISION 5 TX contact official"
"BD_BOOK_EXP_00253","BEXAR COUNTY SHERIFFS OFFICE","MOTORCYCLE_ORGANIZATION","","TX","PUBLIC_SOURCE_FOUND","SOURCE_PRESENT_REQUIRES_VALIDATION","true","PENDING","false","false","BEXAR COUNTY SHERIFFS OFFICE TX official website","BEXAR COUNTY SHERIFFS OFFICE TX contact official"
"BD_BOOK_EXP_00254","TRAVIS COUNTY SHERIFFS DEPARTMENT","MOTORCYCLE_ORGANIZATION","","TX","PUBLIC_SOURCE_FOUND","SOURCE_PRESENT_REQUIRES_VALIDATION","true","PENDING","false","false","TRAVIS COUNTY SHERIFFS DEPARTMENT TX official website","TRAVIS COUNTY SHERIFFS DEPARTMENT TX contact official"
"BD_BOOK_EXP_00255","EL PASO COUNTY SHERIFFS OFFICE","MOTORCYCLE_ORGANIZATION","","TX","PUBLIC_SOURCE_FOUND","SOURCE_PRESENT_REQUIRES_VALIDATION","true","PENDING","false","false","EL PASO COUNTY SHERIFFS OFFICE TX official website","EL PASO COUNTY SHERIFFS OFFICE TX contact official"
"BD_BOOK_EXP_00256","BRAZORIA COUNTY SHERIFFS OFFICE","MOTORCYCLE_ORGANIZATION","","TX","PUBLIC_SOURCE_FOUND","SOURCE_PRESENT_REQUIRES_VALIDATION","true","PENDING","false","false","BRAZORIA COUNTY SHERIFFS OFFICE TX official website","BRAZORIA COUNTY SHERIFFS OFFICE TX contact official"
"BD_BOOK_EXP_00257","FORT BEND COUNTY SHERIFFS OFFICE","MOTORCYCLE_ORGANIZATION","","TX","PUBLIC_SOURCE_FOUND","SOURCE_PRESENT_REQUIRES_VALIDATION","true","PENDING","false","false","FORT BEND COUNTY SHERIFFS OFFICE TX official website","FORT BEND COUNTY SHERIFFS OFFICE TX contact official"
"BD_BOOK_EXP_00258","TEXAS DEPARTMENT OF PUBLIC SAFETY - TEXAS RANGERS","MOTORCYCLE_ORGANIZATION","","TX","PUBLIC_SOURCE_FOUND","SOURCE_PRESENT_REQUIRES_VALIDATION","true","PENDING","false","false","TEXAS DEPARTMENT OF PUBLIC SAFETY - TEXAS RANGERS TX official website","TEXAS DEPARTMENT OF PUBLIC SAFETY - TEXAS RANGERS TX contact official"
"BD_BOOK_EXP_00259","MCLENNAN COUNTY SHERIFF","MOTORCYCLE_ORGANIZATION","","TX","PUBLIC_SOURCE_FOUND","SOURCE_PRESENT_REQUIRES_VALIDATION","true","PENDING","false","false","MCLENNAN COUNTY SHERIFF TX official website","MCLENNAN COUNTY SHERIFF TX contact official"
"BD_BOOK_EXP_00260","WEBB COUNTY SHERIFFS DEPARTMENT","MOTORCYCLE_ORGANIZATION","","TX","PUBLIC_SOURCE_FOUND","SOURCE_PRESENT_REQUIRES_VALIDATION","true","PENDING","false","false","WEBB COUNTY SHERIFFS DEPARTMENT TX official website","WEBB COUNTY SHERIFFS DEPARTMENT TX contact official"
"BD_BOOK_EXP_00261","MONTGOMERY COUNTY SHERIFFS OFFICE","MOTORCYCLE_ORGANIZATION","","TX","PUBLIC_SOURCE_FOUND","SOURCE_PRESENT_REQUIRES_VALIDATION","true","PENDING","false","false","MONTGOMERY COUNTY SHERIFFS OFFICE TX official website","MONTGOMERY COUNTY SHERIFFS OFFICE TX contact official"
"BD_BOOK_EXP_00262","HIDALGO COUNTY SHERIFFS OFFICE","MOTORCYCLE_ORGANIZATION","","TX","PUBLIC_SOURCE_FOUND","SOURCE_PRESENT_REQUIRES_VALIDATION","true","PENDING","false","false","HIDALGO COUNTY SHERIFFS OFFICE TX official website","HIDALGO COUNTY SHERIFFS OFFICE TX contact official"
"BD_BOOK_EXP_00263","GALVESTON COUNTY SHERIFFS DEPARTMENT","MOTORCYCLE_ORGANIZATION","","TX","PUBLIC_SOURCE_FOUND","SOURCE_PRESENT_REQUIRES_VALIDATION","true","PENDING","false","false","GALVESTON COUNTY SHERIFFS DEPARTMENT TX official website","GALVESTON COUNTY SHERIFFS DEPARTMENT TX contact official"
"BD_BOOK_EXP_00264","NUECES COUNTY SHERIFFS OFFICE","MOTORCYCLE_ORGANIZATION","","TX","PUBLIC_SOURCE_FOUND","SOURCE_PRESENT_REQUIRES_VALIDATION","true","PENDING","false","false","NUECES COUNTY SHERIFFS OFFICE TX official website","NUECES COUNTY SHERIFFS OFFICE TX contact official"
"BD_BOOK_EXP_00265","DENTON COUNTY SHERIFFS DEPARTMENT","MOTORCYCLE_ORGANIZATION","","TX","PUBLIC_SOURCE_FOUND","SOURCE_PRESENT_REQUIRES_VALIDATION","true","PENDING","false","false","DENTON COUNTY SHERIFFS DEPARTMENT TX official website","DENTON COUNTY SHERIFFS DEPARTMENT TX contact official"
"BD_BOOK_EXP_00266","BASTROP COUNTY SHERIFFS OFFICE","MOTORCYCLE_ORGANIZATION","","TX","PUBLIC_SOURCE_FOUND","SOURCE_PRESENT_REQUIRES_VALIDATION","true","PENDING","false","false","BASTROP COUNTY SHERIFFS OFFICE TX official website","BASTROP COUNTY SHERIFFS OFFICE TX contact official"
"BD_BOOK_EXP_00267","ANGELINA COUNTY SHERIFFS OFFICE","MOTORCYCLE_ORGANIZATION","","TX","PUBLIC_SOURCE_FOUND","SOURCE_PRESENT_REQUIRES_VALIDATION","true","PENDING","false","false","ANGELINA COUNTY SHERIFFS OFFICE TX official website","ANGELINA COUNTY SHERIFFS OFFICE TX contact official"
"BD_BOOK_EXP_00268","ANDERSON COUNTY SHERIFFS OFFICE","MOTORCYCLE_ORGANIZATION","","TX","PUBLIC_SOURCE_FOUND","SOURCE_PRESENT_REQUIRES_VALIDATION","true","PENDING","false","false","ANDERSON COUNTY SHERIFFS OFFICE TX official website","ANDERSON COUNTY SHERIFFS OFFICE TX contact official"
"BD_BOOK_EXP_00269","GREGG COUNTY SHERIFFS OFFICE","MOTORCYCLE_ORGANIZATION","","TX","PUBLIC_SOURCE_FOUND","SOURCE_PRESENT_REQUIRES_VALIDATION","true","PENDING","false","false","GREGG COUNTY SHERIFFS OFFICE TX official website","GREGG COUNTY SHERIFFS OFFICE TX contact official"
"BD_BOOK_EXP_00270","ELLIS COUNTY SHERIFF","MOTORCYCLE_ORGANIZATION","","TX","PUBLIC_SOURCE_FOUND","SOURCE_PRESENT_REQUIRES_VALIDATION","true","PENDING","false","false","ELLIS COUNTY SHERIFF TX official website","ELLIS COUNTY SHERIFF TX contact official"
"BD_BOOK_EXP_00271","HOOD COUNTY SHERIFFS OFFICE","MOTORCYCLE_ORGANIZATION","","TX","PUBLIC_SOURCE_FOUND","SOURCE_PRESENT_REQUIRES_VALIDATION","true","PENDING","false","false","HOOD COUNTY SHERIFFS OFFICE TX official website","HOOD COUNTY SHERIFFS OFFICE TX contact official"
"BD_BOOK_EXP_00272","ZAPATA COUNTY SHERIFFS OFFICE","MOTORCYCLE_ORGANIZATION","","TX","PUBLIC_SOURCE_FOUND","SOURCE_PRESENT_REQUIRES_VALIDATION","true","PENDING","false","false","ZAPATA COUNTY SHERIFFS OFFICE TX official website","ZAPATA COUNTY SHERIFFS OFFICE TX contact official"
"BD_BOOK_EXP_00273","NAVARRO COUNTY SHERIFFS OFFICE","MOTORCYCLE_ORGANIZATION","","TX","PUBLIC_SOURCE_FOUND","SOURCE_PRESENT_REQUIRES_VALIDATION","true","PENDING","false","false","NAVARRO COUNTY SHERIFFS OFFICE TX official website","NAVARRO COUNTY SHERIFFS OFFICE TX contact official"
"BD_BOOK_EXP_00274","COMAL COUNTY SHERIFFS DEPARTMENT","MOTORCYCLE_ORGANIZATION","","TX","PUBLIC_SOURCE_FOUND","SOURCE_PRESENT_REQUIRES_VALIDATION","true","PENDING","false","false","COMAL COUNTY SHERIFFS DEPARTMENT TX official website","COMAL COUNTY SHERIFFS DEPARTMENT TX contact official"
"BD_BOOK_EXP_00275","GUADALUPE COUNTY SHERIFFS DEPARTMENT","MOTORCYCLE_ORGANIZATION","","TX","PUBLIC_SOURCE_FOUND","SOURCE_PRESENT_REQUIRES_VALIDATION","true","PENDING","false","false","GUADALUPE COUNTY SHERIFFS DEPARTMENT TX official website","GUADALUPE COUNTY SHERIFFS DEPARTMENT TX contact official"
"BD_BOOK_EXP_00276","HUNT COUNTY SHERIFFS DEPARTMENT","MOTORCYCLE_ORGANIZATION","","TX","PUBLIC_SOURCE_FOUND","SOURCE_PRESENT_REQUIRES_VALIDATION","true","PENDING","false","false","HUNT COUNTY SHERIFFS DEPARTMENT TX official website","HUNT COUNTY SHERIFFS DEPARTMENT TX contact official"
"BD_BOOK_EXP_00277","WISE COUNTY SHERIFF","MOTORCYCLE_ORGANIZATION","","TX","PUBLIC_SOURCE_FOUND","SOURCE_PRESENT_REQUIRES_VALIDATION","true","PENDING","false","false","WISE COUNTY SHERIFF TX official website","WISE COUNTY SHERIFF TX contact official"
"BD_BOOK_EXP_00278","MIDLAND COUNTY SHERIFFS OFFICE","MOTORCYCLE_ORGANIZATION","","TX","PUBLIC_SOURCE_FOUND","SOURCE_PRESENT_REQUIRES_VALIDATION","true","PENDING","false","false","MIDLAND COUNTY SHERIFFS OFFICE TX official website","MIDLAND COUNTY SHERIFFS OFFICE TX contact official"
"BD_BOOK_EXP_00279","HAYS COUNTY SHERIFFS OFFICE","MOTORCYCLE_ORGANIZATION","","TX","PUBLIC_SOURCE_FOUND","SOURCE_PRESENT_REQUIRES_VALIDATION","true","PENDING","false","false","HAYS COUNTY SHERIFFS OFFICE TX official website","HAYS COUNTY SHERIFFS OFFICE TX contact official"
"BD_BOOK_EXP_00280","ORANGE COUNTY SHERIFF DEPARTMENT","MOTORCYCLE_ORGANIZATION","","TX","PUBLIC_SOURCE_FOUND","SOURCE_PRESENT_REQUIRES_VALIDATION","true","PENDING","false","false","ORANGE COUNTY SHERIFF DEPARTMENT TX official website","ORANGE COUNTY SHERIFF DEPARTMENT TX contact official"
"BD_BOOK_EXP_00281","GRAYSON COUNTY SHERIFFS OFFICE","MOTORCYCLE_ORGANIZATION","","TX","PUBLIC_SOURCE_FOUND","SOURCE_PRESENT_REQUIRES_VALIDATION","true","PENDING","false","false","GRAYSON COUNTY SHERIFFS OFFICE TX official website","GRAYSON COUNTY SHERIFFS OFFICE TX contact official"
"BD_BOOK_EXP_00282","LUBBOCK COUNTY SHERIFFS OFFICE","MOTORCYCLE_ORGANIZATION","","TX","PUBLIC_SOURCE_FOUND","SOURCE_PRESENT_REQUIRES_VALIDATION","true","PENDING","false","false","LUBBOCK COUNTY SHERIFFS OFFICE TX official website","LUBBOCK COUNTY SHERIFFS OFFICE TX contact official"
"BD_BOOK_EXP_00283","POLK COUNTY SHERIFFS DEPARTMENT","MOTORCYCLE_ORGANIZATION","","TX","PUBLIC_SOURCE_FOUND","SOURCE_PRESENT_REQUIRES_VALIDATION","true","PENDING","false","false","POLK COUNTY SHERIFFS DEPARTMENT TX official website","POLK COUNTY SHERIFFS DEPARTMENT TX contact official"
"BD_BOOK_EXP_00284","RANDALL COUNTY SHERIFFS OFFICE","MOTORCYCLE_ORGANIZATION","","TX","PUBLIC_SOURCE_FOUND","SOURCE_PRESENT_REQUIRES_VALIDATION","true","PENDING","false","false","RANDALL COUNTY SHERIFFS OFFICE TX official website","RANDALL COUNTY SHERIFFS OFFICE TX contact official"
"BD_BOOK_EXP_00285","PARKER COUNTY SHERIFFS DEPARTMENT","MOTORCYCLE_ORGANIZATION","","TX","PUBLIC_SOURCE_FOUND","SOURCE_PRESENT_REQUIRES_VALIDATION","true","PENDING","false","false","PARKER COUNTY SHERIFFS DEPARTMENT TX official website","PARKER COUNTY SHERIFFS DEPARTMENT TX contact official"
"BD_BOOK_EXP_00286","HENDERSON COUNTY SHERIFFS OFFICE","MOTORCYCLE_ORGANIZATION","","TX","PUBLIC_SOURCE_FOUND","SOURCE_PRESENT_REQUIRES_VALIDATION","true","PENDING","false","false","HENDERSON COUNTY SHERIFFS OFFICE TX official website","HENDERSON COUNTY SHERIFFS OFFICE TX contact official"
"BD_BOOK_EXP_00287","WICHITA COUNTY SHERIFFS OFFICE","MOTORCYCLE_ORGANIZATION","","TX","PUBLIC_SOURCE_FOUND","SOURCE_PRESENT_REQUIRES_VALIDATION","true","PENDING","false","false","WICHITA COUNTY SHERIFFS OFFICE TX official website","WICHITA COUNTY SHERIFFS OFFICE TX contact official"
"BD_BOOK_EXP_00288","ROCKWALL COUNTY SHERIFFS OFFICE","MOTORCYCLE_ORGANIZATION","","TX","PUBLIC_SOURCE_FOUND","SOURCE_PRESENT_REQUIRES_VALIDATION","true","PENDING","false","false","ROCKWALL COUNTY SHERIFFS OFFICE TX official website","ROCKWALL COUNTY SHERIFFS OFFICE TX contact official"
"BD_BOOK_EXP_00289","BELL COUNTY SHERIFFS OFFICE","MOTORCYCLE_ORGANIZATION","","TX","PUBLIC_SOURCE_FOUND","SOURCE_PRESENT_REQUIRES_VALIDATION","true","PENDING","false","false","BELL COUNTY SHERIFFS OFFICE TX official website","BELL COUNTY SHERIFFS OFFICE TX contact official"
"BD_BOOK_EXP_00290","VICTORIA COUNTY SHERIFFS OFFICE","MOTORCYCLE_ORGANIZATION","","TX","PUBLIC_SOURCE_FOUND","SOURCE_PRESENT_REQUIRES_VALIDATION","true","PENDING","false","false","VICTORIA COUNTY SHERIFFS OFFICE TX official website","VICTORIA COUNTY SHERIFFS OFFICE TX contact official"
"BD_BOOK_EXP_00291","BURNET COUNTY SHERIFFS OFFICE","MOTORCYCLE_ORGANIZATION","","TX","PUBLIC_SOURCE_FOUND","SOURCE_PRESENT_REQUIRES_VALIDATION","true","PENDING","false","false","BURNET COUNTY SHERIFFS OFFICE TX official website","BURNET COUNTY SHERIFFS OFFICE TX contact official"
"BD_BOOK_EXP_00292","NACOGDOCHES COUNTY SHERIFF","MOTORCYCLE_ORGANIZATION","","TX","PUBLIC_SOURCE_FOUND","SOURCE_PRESENT_REQUIRES_VALIDATION","true","PENDING","false","false","NACOGDOCHES COUNTY SHERIFF TX official website","NACOGDOCHES COUNTY SHERIFF TX contact official"
"BD_BOOK_EXP_00293","ECTOR COUNTY SHERIFFS OFFICE","MOTORCYCLE_ORGANIZATION","","TX","PUBLIC_SOURCE_FOUND","SOURCE_PRESENT_REQUIRES_VALIDATION","true","PENDING","false","false","ECTOR COUNTY SHERIFFS OFFICE TX official website","ECTOR COUNTY SHERIFFS OFFICE TX contact official"
"BD_BOOK_EXP_00294","CALDWELL COUNTY SHERIFFS OFFICE","MOTORCYCLE_ORGANIZATION","","TX","PUBLIC_SOURCE_FOUND","SOURCE_PRESENT_REQUIRES_VALIDATION","true","PENDING","false","false","CALDWELL COUNTY SHERIFFS OFFICE TX official website","CALDWELL COUNTY SHERIFFS OFFICE TX contact official"
"BD_BOOK_EXP_00295","STARR COUNTY SHERIFFS OFFICE","MOTORCYCLE_ORGANIZATION","","TX","PUBLIC_SOURCE_FOUND","SOURCE_PRESENT_REQUIRES_VALIDATION","true","PENDING","false","false","STARR COUNTY SHERIFFS OFFICE TX official website","STARR COUNTY SHERIFFS OFFICE TX contact official"
"BD_BOOK_EXP_00296","WOODWAY PUBLIC SAFETY DEPARTMENT","MOTORCYCLE_ORGANIZATION","","TX","PUBLIC_SOURCE_FOUND","SOURCE_PRESENT_REQUIRES_VALIDATION","true","PENDING","false","false","WOODWAY PUBLIC SAFETY DEPARTMENT TX official website","WOODWAY PUBLIC SAFETY DEPARTMENT TX contact official"
"BD_BOOK_EXP_00297","WILLACY COUNTY SHERIFFS DEPARTMENT","MOTORCYCLE_ORGANIZATION","","TX","PUBLIC_SOURCE_FOUND","SOURCE_PRESENT_REQUIRES_VALIDATION","true","PENDING","false","false","WILLACY COUNTY SHERIFFS DEPARTMENT TX official website","WILLACY COUNTY SHERIFFS DEPARTMENT TX contact official"
"BD_BOOK_EXP_00298","SUTTON COUNTY SHERIFFS OFFICE","MOTORCYCLE_ORGANIZATION","","TX","PUBLIC_SOURCE_FOUND","SOURCE_PRESENT_REQUIRES_VALIDATION","true","PENDING","false","false","SUTTON COUNTY SHERIFFS OFFICE TX official website","SUTTON COUNTY SHERIFFS OFFICE TX contact official"
"BD_BOOK_EXP_00299","UVALDE COUNTY SHERIFF OFFICE","MOTORCYCLE_ORGANIZATION","","TX","PUBLIC_SOURCE_FOUND","SOURCE_PRESENT_REQUIRES_VALIDATION","true","PENDING","false","false","UVALDE COUNTY SHERIFF OFFICE TX official website","UVALDE COUNTY SHERIFF OFFICE TX contact official"
"BD_BOOK_EXP_00300","CASS COUNTY SHERIFFS OFFICE","MOTORCYCLE_ORGANIZATION","","TX","PUBLIC_SOURCE_FOUND","SOURCE_PRESENT_REQUIRES_VALIDATION","true","PENDING","false","false","CASS COUNTY SHERIFFS OFFICE TX official website","CASS COUNTY SHERIFFS OFFICE TX contact official"
"BD_BOOK_EXP_00301","RAINS COUNTY SHERIFFS OFFICE","MOTORCYCLE_ORGANIZATION","","TX","PUBLIC_SOURCE_FOUND","SOURCE_PRESENT_REQUIRES_VALIDATION","true","PENDING","false","false","RAINS COUNTY SHERIFFS OFFICE TX official website","RAINS COUNTY SHERIFFS OFFICE TX contact official"
"BD_BOOK_EXP_00302","TRINITY COUNTY SHERIFFS OFFICE","MOTORCYCLE_ORGANIZATION","","TX","PUBLIC_SOURCE_FOUND","SOURCE_PRESENT_REQUIRES_VALIDATION","true","PENDING","false","false","TRINITY COUNTY SHERIFFS OFFICE TX official website","TRINITY COUNTY SHERIFFS OFFICE TX contact official"
"BD_BOOK_EXP_00303","HALE COUNTY SHERIFFS OFFICE","MOTORCYCLE_ORGANIZATION","","TX","PUBLIC_SOURCE_FOUND","SOURCE_PRESENT_REQUIRES_VALIDATION","true","PENDING","false","false","HALE COUNTY SHERIFFS OFFICE TX official website","HALE COUNTY SHERIFFS OFFICE TX contact official"
"BD_BOOK_EXP_00304","KNOX COUNTY SHERIFFS OFFICE","MOTORCYCLE_ORGANIZATION","","TX","PUBLIC_SOURCE_FOUND","SOURCE_PRESENT_REQUIRES_VALIDATION","true","PENDING","false","false","KNOX COUNTY SHERIFFS OFFICE TX official website","KNOX COUNTY SHERIFFS OFFICE TX contact official"
"BD_BOOK_EXP_00305","EASTLAND COUNTY SHERIFFS OFFICE","MOTORCYCLE_ORGANIZATION","","TX","PUBLIC_SOURCE_FOUND","SOURCE_PRESENT_REQUIRES_VALIDATION","true","PENDING","false","false","EASTLAND COUNTY SHERIFFS OFFICE TX official website","EASTLAND COUNTY SHERIFFS OFFICE TX contact official"
"BD_BOOK_EXP_00306","MONTAGUE COUNTY SHERIFFS OFFICE","MOTORCYCLE_ORGANIZATION","","TX","PUBLIC_SOURCE_FOUND","SOURCE_PRESENT_REQUIRES_VALIDATION","true","PENDING","false","false","MONTAGUE COUNTY SHERIFFS OFFICE TX official website","MONTAGUE COUNTY SHERIFFS OFFICE TX contact official"
"BD_BOOK_EXP_00307","PALO PINTO COUNTY SHERIFF DEPARTMENT - POSSUM KINGDOM LAKE SUBSTATION","MOTORCYCLE_ORGANIZATION","","TX","PUBLIC_SOURCE_FOUND","SOURCE_PRESENT_REQUIRES_VALIDATION","true","PENDING","false","false","PALO PINTO COUNTY SHERIFF DEPARTMENT - POSSUM KINGDOM LAKE SUBSTATION TX official website","PALO PINTO COUNTY SHERIFF DEPARTMENT - POSSUM KINGDOM LAKE SUBSTATION TX contact official"
"BD_BOOK_EXP_00308","LIPSCOMB COUNTY SHERIFFS OFFICE","MOTORCYCLE_ORGANIZATION","","TX","PUBLIC_SOURCE_FOUND","SOURCE_PRESENT_REQUIRES_VALIDATION","true","PENDING","false","false","LIPSCOMB COUNTY SHERIFFS OFFICE TX official website","LIPSCOMB COUNTY SHERIFFS OFFICE TX contact official"
"BD_BOOK_EXP_00309","CARSON COUNTY SHERIFFS OFFICE","MOTORCYCLE_ORGANIZATION","","TX","PUBLIC_SOURCE_FOUND","SOURCE_PRESENT_REQUIRES_VALIDATION","true","PENDING","false","false","CARSON COUNTY SHERIFFS OFFICE TX official website","CARSON COUNTY SHERIFFS OFFICE TX contact official"
"BD_BOOK_EXP_00310","PRESIDIO COUNTY SHERIFF OFFICE","MOTORCYCLE_ORGANIZATION","","TX","PUBLIC_SOURCE_FOUND","SOURCE_PRESENT_REQUIRES_VALIDATION","true","PENDING","false","false","PRESIDIO COUNTY SHERIFF OFFICE TX official website","PRESIDIO COUNTY SHERIFF OFFICE TX contact official"
"BD_BOOK_EXP_00311","BLANCO COUNTY SHERIFFS DEPARTMENT","MOTORCYCLE_ORGANIZATION","","TX","PUBLIC_SOURCE_FOUND","SOURCE_PRESENT_REQUIRES_VALIDATION","true","PENDING","false","false","BLANCO COUNTY SHERIFFS DEPARTMENT TX official website","BLANCO COUNTY SHERIFFS DEPARTMENT TX contact official"
"BD_BOOK_EXP_00312","HAMILTON COUNTY SHERIFF DEPARTMENT","MOTORCYCLE_ORGANIZATION","","TX","PUBLIC_SOURCE_FOUND","SOURCE_PRESENT_REQUIRES_VALIDATION","true","PENDING","false","false","HAMILTON COUNTY SHERIFF DEPARTMENT TX official website","HAMILTON COUNTY SHERIFF DEPARTMENT TX contact official"
"BD_BOOK_EXP_00313","REFUGIO COUNTY SHERIFFS OFFICE","MOTORCYCLE_ORGANIZATION","","TX","PUBLIC_SOURCE_FOUND","SOURCE_PRESENT_REQUIRES_VALIDATION","true","PENDING","false","false","REFUGIO COUNTY SHERIFFS OFFICE TX official website","REFUGIO COUNTY SHERIFFS OFFICE TX contact official"
"BD_BOOK_EXP_00314","AUSTIN COUNTY SHERIFFS OFFICE","MOTORCYCLE_ORGANIZATION","","TX","PUBLIC_SOURCE_FOUND","SOURCE_PRESENT_REQUIRES_VALIDATION","true","PENDING","false","false","AUSTIN COUNTY SHERIFFS OFFICE TX official website","AUSTIN COUNTY SHERIFFS OFFICE TX contact official"
"BD_BOOK_EXP_00315","PARMER COUNTY SHERIFFS OFFICE","MOTORCYCLE_ORGANIZATION","","TX","PUBLIC_SOURCE_FOUND","SOURCE_PRESENT_REQUIRES_VALIDATION","true","PENDING","false","false","PARMER COUNTY SHERIFFS OFFICE TX official website","PARMER COUNTY SHERIFFS OFFICE TX contact official"
"BD_BOOK_EXP_00316","KINNEY COUNTY SHERIFFS OFFICE","MOTORCYCLE_ORGANIZATION","","TX","PUBLIC_SOURCE_FOUND","SOURCE_PRESENT_REQUIRES_VALIDATION","true","PENDING","false","false","KINNEY COUNTY SHERIFFS OFFICE TX official website","KINNEY COUNTY SHERIFFS OFFICE TX contact official"
"BD_BOOK_EXP_00317","MAVERICK COUNTY SHERIFFS OFFICE","MOTORCYCLE_ORGANIZATION","","TX","PUBLIC_SOURCE_FOUND","SOURCE_PRESENT_REQUIRES_VALIDATION","true","PENDING","false","false","MAVERICK COUNTY SHERIFFS OFFICE TX official website","MAVERICK COUNTY SHERIFFS OFFICE TX contact official"
"BD_BOOK_EXP_00318","LEON COUNTY SHERIFFS OFFICE","MOTORCYCLE_ORGANIZATION","","TX","PUBLIC_SOURCE_FOUND","SOURCE_PRESENT_REQUIRES_VALIDATION","true","PENDING","false","false","LEON COUNTY SHERIFFS OFFICE TX official website","LEON COUNTY SHERIFFS OFFICE TX contact official"
"BD_BOOK_EXP_00319","SAN SABA COUNTY SHERIFF OFFICE","MOTORCYCLE_ORGANIZATION","","TX","PUBLIC_SOURCE_FOUND","SOURCE_PRESENT_REQUIRES_VALIDATION","true","PENDING","false","false","SAN SABA COUNTY SHERIFF OFFICE TX official website","SAN SABA COUNTY SHERIFF OFFICE TX contact official"
"BD_BOOK_EXP_00320","BAILEY COUNTY SHERIFFS DEPARTMENT","MOTORCYCLE_ORGANIZATION","","TX","PUBLIC_SOURCE_FOUND","SOURCE_PRESENT_REQUIRES_VALIDATION","true","PENDING","false","false","BAILEY COUNTY SHERIFFS DEPARTMENT TX official website","BAILEY COUNTY SHERIFFS DEPARTMENT TX contact official"
"BD_BOOK_EXP_00321","LA SALLE COUNTY SHERIFF'S OFFICE","MOTORCYCLE_ORGANIZATION","","TX","PUBLIC_SOURCE_FOUND","SOURCE_PRESENT_REQUIRES_VALIDATION","true","PENDING","false","false","LA SALLE COUNTY SHERIFF'S OFFICE TX official website","LA SALLE COUNTY SHERIFF'S OFFICE TX contact official"
"BD_BOOK_EXP_00322","OLDHAM COUNTY SHERIFFS DEPARTMENT","MOTORCYCLE_ORGANIZATION","","TX","PUBLIC_SOURCE_FOUND","SOURCE_PRESENT_REQUIRES_VALIDATION","true","PENDING","false","false","OLDHAM COUNTY SHERIFFS DEPARTMENT TX official website","OLDHAM COUNTY SHERIFFS DEPARTMENT TX contact official"
"BD_BOOK_EXP_00323","JACKSON COUNTY SHERIFFS","MOTORCYCLE_ORGANIZATION","","TX","PUBLIC_SOURCE_FOUND","SOURCE_PRESENT_REQUIRES_VALIDATION","true","PENDING","false","false","JACKSON COUNTY SHERIFFS TX official website","JACKSON COUNTY SHERIFFS TX contact official"
"BD_BOOK_EXP_00324","ANDREWS COUNTY SHERIFF DEPARTMENT","MOTORCYCLE_ORGANIZATION","","TX","PUBLIC_SOURCE_FOUND","SOURCE_PRESENT_REQUIRES_VALIDATION","true","PENDING","false","false","ANDREWS COUNTY SHERIFF DEPARTMENT TX official website","ANDREWS COUNTY SHERIFF DEPARTMENT TX contact official"
"BD_BOOK_EXP_00325","FRANKLIN COUNTY SHERIFFS DEPARTMENT","MOTORCYCLE_ORGANIZATION","","TX","PUBLIC_SOURCE_FOUND","SOURCE_PRESENT_REQUIRES_VALIDATION","true","PENDING","false","false","FRANKLIN COUNTY SHERIFFS DEPARTMENT TX official website","FRANKLIN COUNTY SHERIFFS DEPARTMENT TX contact official"
"BD_BOOK_EXP_00326","COLLINGSWORTH COUNTY SHERIFFS OFFICE","MOTORCYCLE_ORGANIZATION","","TX","PUBLIC_SOURCE_FOUND","SOURCE_PRESENT_REQUIRES_VALIDATION","true","PENDING","false","false","COLLINGSWORTH COUNTY SHERIFFS OFFICE TX official website","COLLINGSWORTH COUNTY SHERIFFS OFFICE TX contact official"
"BD_BOOK_EXP_00327","WILSON COUNTY SHERIFFS OFFICE","MOTORCYCLE_ORGANIZATION","","TX","PUBLIC_SOURCE_FOUND","SOURCE_PRESENT_REQUIRES_VALIDATION","true","PENDING","false","false","WILSON COUNTY SHERIFFS OFFICE TX official website","WILSON COUNTY SHERIFFS OFFICE TX contact official"
"BD_BOOK_EXP_00328","BURLESON COUNTY SHERIFF OFFICE","MOTORCYCLE_ORGANIZATION","","TX","PUBLIC_SOURCE_FOUND","SOURCE_PRESENT_REQUIRES_VALIDATION","true","PENDING","false","false","BURLESON COUNTY SHERIFF OFFICE TX official website","BURLESON COUNTY SHERIFF OFFICE TX contact official"
"BD_BOOK_EXP_00329","FISHER COUNTY SHERIFFS OFFICE","MOTORCYCLE_ORGANIZATION","","TX","PUBLIC_SOURCE_FOUND","SOURCE_PRESENT_REQUIRES_VALIDATION","true","PENDING","false","false","FISHER COUNTY SHERIFFS OFFICE TX official website","FISHER COUNTY SHERIFFS OFFICE TX contact official"
"BD_BOOK_EXP_00330","LIVE OAK COUNTY SHERIFFS OFFICE","MOTORCYCLE_ORGANIZATION","","TX","PUBLIC_SOURCE_FOUND","SOURCE_PRESENT_REQUIRES_VALIDATION","true","PENDING","false","false","LIVE OAK COUNTY SHERIFFS OFFICE TX official website","LIVE OAK COUNTY SHERIFFS OFFICE TX contact official"
"BD_BOOK_EXP_00331","STONEWALL COUNTY SHERIFFS OFFICE","MOTORCYCLE_ORGANIZATION","","TX","PUBLIC_SOURCE_FOUND","SOURCE_PRESENT_REQUIRES_VALIDATION","true","PENDING","false","false","STONEWALL COUNTY SHERIFFS OFFICE TX official website","STONEWALL COUNTY SHERIFFS OFFICE TX contact official"
"BD_BOOK_EXP_00332","SAN JACINTO COUNTY SHERIFFS DEPARTMENT","MOTORCYCLE_ORGANIZATION","","TX","PUBLIC_SOURCE_FOUND","SOURCE_PRESENT_REQUIRES_VALIDATION","true","PENDING","false","false","SAN JACINTO COUNTY SHERIFFS DEPARTMENT TX official website","SAN JACINTO COUNTY SHERIFFS DEPARTMENT TX contact official"
"BD_BOOK_EXP_00333","YOUNG COUNTY SHERIFFS OFFICE","MOTORCYCLE_ORGANIZATION","","TX","PUBLIC_SOURCE_FOUND","SOURCE_PRESENT_REQUIRES_VALIDATION","true","PENDING","false","false","YOUNG COUNTY SHERIFFS OFFICE TX official website","YOUNG COUNTY SHERIFFS OFFICE TX contact official"
"BD_BOOK_EXP_00334","SABINE COUNTY SHERIFFS OFFICE","MOTORCYCLE_ORGANIZATION","","TX","PUBLIC_SOURCE_FOUND","SOURCE_PRESENT_REQUIRES_VALIDATION","true","PENDING","false","false","SABINE COUNTY SHERIFFS OFFICE TX official website","SABINE COUNTY SHERIFFS OFFICE TX contact official"
"BD_BOOK_EXP_00335","MOORE COUNTY SHERIFFS OFFICE","MOTORCYCLE_ORGANIZATION","","TX","PUBLIC_SOURCE_FOUND","SOURCE_PRESENT_REQUIRES_VALIDATION","true","PENDING","false","false","MOORE COUNTY SHERIFFS OFFICE TX official website","MOORE COUNTY SHERIFFS OFFICE TX contact official"
"BD_BOOK_EXP_00336","PECOS COUNTY SHERIFFS OFFICE","MOTORCYCLE_ORGANIZATION","","TX","PUBLIC_SOURCE_FOUND","SOURCE_PRESENT_REQUIRES_VALIDATION","true","PENDING","false","false","PECOS COUNTY SHERIFFS OFFICE TX official website","PECOS COUNTY SHERIFFS OFFICE TX contact official"
"BD_BOOK_EXP_00337","PALO PINTO COUNTY SHERIFFS OFFICE","MOTORCYCLE_ORGANIZATION","","TX","PUBLIC_SOURCE_FOUND","SOURCE_PRESENT_REQUIRES_VALIDATION","true","PENDING","false","false","PALO PINTO COUNTY SHERIFFS OFFICE TX official website","PALO PINTO COUNTY SHERIFFS OFFICE TX contact official"
"BD_BOOK_EXP_00338","LAMAR COUNTY SHERIFFS DEPARTMENT","MOTORCYCLE_ORGANIZATION","","TX","PUBLIC_SOURCE_FOUND","SOURCE_PRESENT_REQUIRES_VALIDATION","true","PENDING","false","false","LAMAR COUNTY SHERIFFS DEPARTMENT TX official website","LAMAR COUNTY SHERIFFS DEPARTMENT TX contact official"
"BD_BOOK_EXP_00339","HOPKINS COUNTY SHERIFFS DEPARTMENT","MOTORCYCLE_ORGANIZATION","","TX","PUBLIC_SOURCE_FOUND","SOURCE_PRESENT_REQUIRES_VALIDATION","true","PENDING","false","false","HOPKINS COUNTY SHERIFFS DEPARTMENT TX official website","HOPKINS COUNTY SHERIFFS DEPARTMENT TX contact official"
"BD_BOOK_EXP_00340","DAWSON COUNTY SHERIFFS OFFICE","MOTORCYCLE_ORGANIZATION","","TX","PUBLIC_SOURCE_FOUND","SOURCE_PRESENT_REQUIRES_VALIDATION","true","PENDING","false","false","DAWSON COUNTY SHERIFFS OFFICE TX official website","DAWSON COUNTY SHERIFFS OFFICE TX contact official"
"BD_BOOK_EXP_00341","MARION COUNTY SHERIFFS OFFICE","MOTORCYCLE_ORGANIZATION","","TX","PUBLIC_SOURCE_FOUND","SOURCE_PRESENT_REQUIRES_VALIDATION","true","PENDING","false","false","MARION COUNTY SHERIFFS OFFICE TX official website","MARION COUNTY SHERIFFS OFFICE TX contact official"
"BD_BOOK_EXP_00342","DALLAM COUNTY SHERIFF AND JAIL","MOTORCYCLE_ORGANIZATION","","TX","PUBLIC_SOURCE_FOUND","SOURCE_PRESENT_REQUIRES_VALIDATION","true","PENDING","false","false","DALLAM COUNTY SHERIFF AND JAIL TX official website","DALLAM COUNTY SHERIFF AND JAIL TX contact official"
"BD_BOOK_EXP_00343","JASPER COUNTY SHERIFFS OFFICE","MOTORCYCLE_ORGANIZATION","","TX","PUBLIC_SOURCE_FOUND","SOURCE_PRESENT_REQUIRES_VALIDATION","true","PENDING","false","false","JASPER COUNTY SHERIFFS OFFICE TX official website","JASPER COUNTY SHERIFFS OFFICE TX contact official"
"BD_BOOK_EXP_00344","FRIO COUNTY SHERIFFS DEPARTMENT","MOTORCYCLE_ORGANIZATION","","TX","PUBLIC_SOURCE_FOUND","SOURCE_PRESENT_REQUIRES_VALIDATION","true","PENDING","false","false","FRIO COUNTY SHERIFFS DEPARTMENT TX official website","FRIO COUNTY SHERIFFS DEPARTMENT TX contact official"
"BD_BOOK_EXP_00345","LAMPASAS COUNTY SHERIFFS DEPARTMENT","MOTORCYCLE_ORGANIZATION","","TX","PUBLIC_SOURCE_FOUND","SOURCE_PRESENT_REQUIRES_VALIDATION","true","PENDING","false","false","LAMPASAS COUNTY SHERIFFS DEPARTMENT TX official website","LAMPASAS COUNTY SHERIFFS DEPARTMENT TX contact official"
"BD_BOOK_EXP_00346","REEVES COUNTY SHERIFFS OFFICE","MOTORCYCLE_ORGANIZATION","","TX","PUBLIC_SOURCE_FOUND","SOURCE_PRESENT_REQUIRES_VALIDATION","true","PENDING","false","false","REEVES COUNTY SHERIFFS OFFICE TX official website","REEVES COUNTY SHERIFFS OFFICE TX contact official"
"BD_BOOK_EXP_00347","KERR COUNTY SHERIFF","MOTORCYCLE_ORGANIZATION","","TX","PUBLIC_SOURCE_FOUND","SOURCE_PRESENT_REQUIRES_VALIDATION","true","PENDING","false","false","KERR COUNTY SHERIFF TX official website","KERR COUNTY SHERIFF TX contact official"
"BD_BOOK_EXP_00348","COLEMAN COUNTY SHERIFFS DEPARTMENT","MOTORCYCLE_ORGANIZATION","","TX","PUBLIC_SOURCE_FOUND","SOURCE_PRESENT_REQUIRES_VALIDATION","true","PENDING","false","false","COLEMAN COUNTY SHERIFFS DEPARTMENT TX official website","COLEMAN COUNTY SHERIFFS DEPARTMENT TX contact official"
"BD_BOOK_EXP_00349","KENDALL COUNTY SHERIFFS OFFICE","MOTORCYCLE_ORGANIZATION","","TX","PUBLIC_SOURCE_FOUND","SOURCE_PRESENT_REQUIRES_VALIDATION","true","PENDING","false","false","KENDALL COUNTY SHERIFFS OFFICE TX official website","KENDALL COUNTY SHERIFFS OFFICE TX contact official"
"BD_BOOK_EXP_00350","HARTLEY COUNTY SHERIFFS OFFICE","MOTORCYCLE_ORGANIZATION","","TX","PUBLIC_SOURCE_FOUND","SOURCE_PRESENT_REQUIRES_VALIDATION","true","PENDING","false","false","HARTLEY COUNTY SHERIFFS OFFICE TX official website","HARTLEY COUNTY SHERIFFS OFFICE TX contact official"
"BD_BOOK_EXP_00351","BOSQUE COUNTY SHERIFFS OFFICE","MOTORCYCLE_ORGANIZATION","","TX","PUBLIC_SOURCE_FOUND","SOURCE_PRESENT_REQUIRES_VALIDATION","true","PENDING","false","false","BOSQUE COUNTY SHERIFFS OFFICE TX official website","BOSQUE COUNTY SHERIFFS OFFICE TX contact official"
"BD_BOOK_EXP_00352","WASHINGTON COUNTY SHERIFFS OFFICE","MOTORCYCLE_ORGANIZATION","","TX","PUBLIC_SOURCE_FOUND","SOURCE_PRESENT_REQUIRES_VALIDATION","true","PENDING","false","false","WASHINGTON COUNTY SHERIFFS OFFICE TX official website","WASHINGTON COUNTY SHERIFFS OFFICE TX contact official"
"BD_BOOK_EXP_00353","LIBERTY COUNTY SHERIFF OFFICE","MOTORCYCLE_ORGANIZATION","","TX","PUBLIC_SOURCE_FOUND","SOURCE_PRESENT_REQUIRES_VALIDATION","true","PENDING","false","false","LIBERTY COUNTY SHERIFF OFFICE TX official website","LIBERTY COUNTY SHERIFF OFFICE TX contact official"
"BD_BOOK_EXP_00354","SCURRY COUNTY SHERIFFS OFFICE","MOTORCYCLE_ORGANIZATION","","TX","PUBLIC_SOURCE_FOUND","SOURCE_PRESENT_REQUIRES_VALIDATION","true","PENDING","false","false","SCURRY COUNTY SHERIFFS OFFICE TX official website","SCURRY COUNTY SHERIFFS OFFICE TX contact official"
"BD_BOOK_EXP_00355","WHEELER COUNTY SHERIFFS OFFICE","MOTORCYCLE_ORGANIZATION","","TX","PUBLIC_SOURCE_FOUND","SOURCE_PRESENT_REQUIRES_VALIDATION","true","PENDING","false","false","WHEELER COUNTY SHERIFFS OFFICE TX official website","WHEELER COUNTY SHERIFFS OFFICE TX contact official"
"BD_BOOK_EXP_00356","COOKE COUNTY SHERIFFS DEPARTMENT","MOTORCYCLE_ORGANIZATION","","TX","PUBLIC_SOURCE_FOUND","SOURCE_PRESENT_REQUIRES_VALIDATION","true","PENDING","false","false","COOKE COUNTY SHERIFFS DEPARTMENT TX official website","COOKE COUNTY SHERIFFS DEPARTMENT TX contact official"
"BD_BOOK_EXP_00357","ARMSTRONG COUNTY SHERIFFS OFFICE","MOTORCYCLE_ORGANIZATION","","TX","PUBLIC_SOURCE_FOUND","SOURCE_PRESENT_REQUIRES_VALIDATION","true","PENDING","false","false","ARMSTRONG COUNTY SHERIFFS OFFICE TX official website","ARMSTRONG COUNTY SHERIFFS OFFICE TX contact official"
"BD_BOOK_EXP_00358","LAMB COUNTY SHERIFFS DEPARTMENT","MOTORCYCLE_ORGANIZATION","","TX","PUBLIC_SOURCE_FOUND","SOURCE_PRESENT_REQUIRES_VALIDATION","true","PENDING","false","false","LAMB COUNTY SHERIFFS DEPARTMENT TX official website","LAMB COUNTY SHERIFFS DEPARTMENT TX contact official"
"BD_BOOK_EXP_00359","HOUSTON COUNTY SHERIFFS OFFICE","MOTORCYCLE_ORGANIZATION","","TX","PUBLIC_SOURCE_FOUND","SOURCE_PRESENT_REQUIRES_VALIDATION","true","PENDING","false","false","HOUSTON COUNTY SHERIFFS OFFICE TX official website","HOUSTON COUNTY SHERIFFS OFFICE TX contact official"
"BD_BOOK_EXP_00360","HUDSPETH COUNTY SHERIFFS OFFICE","MOTORCYCLE_ORGANIZATION","","TX","PUBLIC_SOURCE_FOUND","SOURCE_PRESENT_REQUIRES_VALIDATION","true","PENDING","false","false","HUDSPETH COUNTY SHERIFFS OFFICE TX official website","HUDSPETH COUNTY SHERIFFS OFFICE TX contact official"
"BD_BOOK_EXP_00361","KIMBLE COUNTY SHERIFFS OFFICE","MOTORCYCLE_ORGANIZATION","","TX","PUBLIC_SOURCE_FOUND","SOURCE_PRESENT_REQUIRES_VALIDATION","true","PENDING","false","false","KIMBLE COUNTY SHERIFFS OFFICE TX official website","KIMBLE COUNTY SHERIFFS OFFICE TX contact official"
"BD_BOOK_EXP_00362","CALHOUN COUNTY SHERIFFS DEPARTMENT","MOTORCYCLE_ORGANIZATION","","TX","PUBLIC_SOURCE_FOUND","SOURCE_PRESENT_REQUIRES_VALIDATION","true","PENDING","false","false","CALHOUN COUNTY SHERIFFS DEPARTMENT TX official website","CALHOUN COUNTY SHERIFFS DEPARTMENT TX contact official"
"BD_BOOK_EXP_00363","CULBERSON COUNTY SHERIFFS DEPARTMENT","MOTORCYCLE_ORGANIZATION","","TX","PUBLIC_SOURCE_FOUND","SOURCE_PRESENT_REQUIRES_VALIDATION","true","PENDING","false","false","CULBERSON COUNTY SHERIFFS DEPARTMENT TX official website","CULBERSON COUNTY SHERIFFS DEPARTMENT TX contact official"
"BD_BOOK_EXP_00364","CORYELL COUNTY SHERIFFS OFFICE","MOTORCYCLE_ORGANIZATION","","TX","PUBLIC_SOURCE_FOUND","SOURCE_PRESENT_REQUIRES_VALIDATION","true","PENDING","false","false","CORYELL COUNTY SHERIFFS OFFICE TX official website","CORYELL COUNTY SHERIFFS OFFICE TX contact official"
"BD_BOOK_EXP_00365","UPSHUR COUNTY SHERIFFS OFFICE","MOTORCYCLE_ORGANIZATION","","TX","PUBLIC_SOURCE_FOUND","SOURCE_PRESENT_REQUIRES_VALIDATION","true","PENDING","false","false","UPSHUR COUNTY SHERIFFS OFFICE TX official website","UPSHUR COUNTY SHERIFFS OFFICE TX contact official"
"BD_BOOK_EXP_00366","MARTIN COUNTY SHERIFFS OFFICE","MOTORCYCLE_ORGANIZATION","","TX","PUBLIC_SOURCE_FOUND","SOURCE_PRESENT_REQUIRES_VALIDATION","true","PENDING","false","false","MARTIN COUNTY SHERIFFS OFFICE TX official website","MARTIN COUNTY SHERIFFS OFFICE TX contact official"
"BD_BOOK_EXP_00367","KARNES COUNTY SHERIFFS DEPARTMENT","MOTORCYCLE_ORGANIZATION","","TX","PUBLIC_SOURCE_FOUND","SOURCE_PRESENT_REQUIRES_VALIDATION","true","PENDING","false","false","KARNES COUNTY SHERIFFS DEPARTMENT TX official website","KARNES COUNTY SHERIFFS DEPARTMENT TX contact official"
"BD_BOOK_EXP_00368","TITUS COUNTY SHERIFFS OFFICE","MOTORCYCLE_ORGANIZATION","","TX","PUBLIC_SOURCE_FOUND","SOURCE_PRESENT_REQUIRES_VALIDATION","true","PENDING","false","false","TITUS COUNTY SHERIFFS OFFICE TX official website","TITUS COUNTY SHERIFFS OFFICE TX contact official"
"BD_BOOK_EXP_00369","MILLS COUNTY SHERIFF OFFICE","MOTORCYCLE_ORGANIZATION","","TX","PUBLIC_SOURCE_FOUND","SOURCE_PRESENT_REQUIRES_VALIDATION","true","PENDING","false","false","MILLS COUNTY SHERIFF OFFICE TX official website","MILLS COUNTY SHERIFF OFFICE TX contact official"
"BD_BOOK_EXP_00370","GLASSCOCK COUNTY SHERIFFS OFFICE","MOTORCYCLE_ORGANIZATION","","TX","PUBLIC_SOURCE_FOUND","SOURCE_PRESENT_REQUIRES_VALIDATION","true","PENDING","false","false","GLASSCOCK COUNTY SHERIFFS OFFICE TX official website","GLASSCOCK COUNTY SHERIFFS OFFICE TX contact official"
"BD_BOOK_EXP_00371","CRANE COUNTY SHERIFFS OFFICE","MOTORCYCLE_ORGANIZATION","","TX","PUBLIC_SOURCE_FOUND","SOURCE_PRESENT_REQUIRES_VALIDATION","true","PENDING","false","false","CRANE COUNTY SHERIFFS OFFICE TX official website","CRANE COUNTY SHERIFFS OFFICE TX contact official"
"BD_BOOK_EXP_00372","HOWARD COUNTY SHERIFFS OFFICE","MOTORCYCLE_ORGANIZATION","","TX","PUBLIC_SOURCE_FOUND","SOURCE_PRESENT_REQUIRES_VALIDATION","true","PENDING","false","false","HOWARD COUNTY SHERIFFS OFFICE TX official website","HOWARD COUNTY SHERIFFS OFFICE TX contact official"
"BD_BOOK_EXP_00373","CROCKETT COUNTY SHERIFFS OFFICE","MOTORCYCLE_ORGANIZATION","","TX","PUBLIC_SOURCE_FOUND","SOURCE_PRESENT_REQUIRES_VALIDATION","true","PENDING","false","false","CROCKETT COUNTY SHERIFFS OFFICE TX official website","CROCKETT COUNTY SHERIFFS OFFICE TX contact official"
"BD_BOOK_EXP_00374","MEDINA COUNTY SHERIFFS OFFICE","MOTORCYCLE_ORGANIZATION","","TX","PUBLIC_SOURCE_FOUND","SOURCE_PRESENT_REQUIRES_VALIDATION","true","PENDING","false","false","MEDINA COUNTY SHERIFFS OFFICE TX official website","MEDINA COUNTY SHERIFFS OFFICE TX contact official"
"BD_BOOK_EXP_00375","ARCHER COUNTY SHERIFFS OFFICE","MOTORCYCLE_ORGANIZATION","","TX","PUBLIC_SOURCE_FOUND","SOURCE_PRESENT_REQUIRES_VALIDATION","true","PENDING","false","false","ARCHER COUNTY SHERIFFS OFFICE TX official website","ARCHER COUNTY SHERIFFS OFFICE TX contact official"
"BD_BOOK_EXP_00376","BANDERA COUNTY SHERIFFS OFFICE","MOTORCYCLE_ORGANIZATION","","TX","PUBLIC_SOURCE_FOUND","SOURCE_PRESENT_REQUIRES_VALIDATION","true","PENDING","false","false","BANDERA COUNTY SHERIFFS OFFICE TX official website","BANDERA COUNTY SHERIFFS OFFICE TX contact official"
"BD_BOOK_EXP_00377","BEE COUNTY SHERIFFS DEPARTMENT","MOTORCYCLE_ORGANIZATION","","TX","PUBLIC_SOURCE_FOUND","SOURCE_PRESENT_REQUIRES_VALIDATION","true","PENDING","false","false","BEE COUNTY SHERIFFS DEPARTMENT TX official website","BEE COUNTY SHERIFFS DEPARTMENT TX contact official"
"BD_BOOK_EXP_00378","RED RIVER COUNTY SHERIFFS OFFICE","MOTORCYCLE_ORGANIZATION","","TX","PUBLIC_SOURCE_FOUND","SOURCE_PRESENT_REQUIRES_VALIDATION","true","PENDING","false","false","RED RIVER COUNTY SHERIFFS OFFICE TX official website","RED RIVER COUNTY SHERIFFS OFFICE TX contact official"
"BD_BOOK_EXP_00379","HUTCHINSON COUNTY SHERIFF","MOTORCYCLE_ORGANIZATION","","TX","PUBLIC_SOURCE_FOUND","SOURCE_PRESENT_REQUIRES_VALIDATION","true","PENDING","false","false","HUTCHINSON COUNTY SHERIFF TX official website","HUTCHINSON COUNTY SHERIFF TX contact official"
"BD_BOOK_EXP_00380","REAGAN COUNTY SHERIFFS DEPARTMENT","MOTORCYCLE_ORGANIZATION","","TX","PUBLIC_SOURCE_FOUND","SOURCE_PRESENT_REQUIRES_VALIDATION","true","PENDING","false","false","REAGAN COUNTY SHERIFFS DEPARTMENT TX official website","REAGAN COUNTY SHERIFFS DEPARTMENT TX contact official"
"BD_BOOK_EXP_00381","CHEROKEE COUNTY SHERIFFS DEPARTMENT","MOTORCYCLE_ORGANIZATION","","TX","PUBLIC_SOURCE_FOUND","SOURCE_PRESENT_REQUIRES_VALIDATION","true","PENDING","false","false","CHEROKEE COUNTY SHERIFFS DEPARTMENT TX official website","CHEROKEE COUNTY SHERIFFS DEPARTMENT TX contact official"
"BD_BOOK_EXP_00382","MITCHELL COUNTY SHERIFF OFFICE","MOTORCYCLE_ORGANIZATION","","TX","PUBLIC_SOURCE_FOUND","SOURCE_PRESENT_REQUIRES_VALIDATION","true","PENDING","false","false","MITCHELL COUNTY SHERIFF OFFICE TX official website","MITCHELL COUNTY SHERIFF OFFICE TX contact official"
"BD_BOOK_EXP_00383","JIM HOGG COUNTY SHERIFFS DEPARTMENT","MOTORCYCLE_ORGANIZATION","","TX","PUBLIC_SOURCE_FOUND","SOURCE_PRESENT_REQUIRES_VALIDATION","true","PENDING","false","false","JIM HOGG COUNTY SHERIFFS DEPARTMENT TX official website","JIM HOGG COUNTY SHERIFFS DEPARTMENT TX contact official"
"BD_BOOK_EXP_00384","DE WITT COUNTY SHERIFFS OFFICE","MOTORCYCLE_ORGANIZATION","","TX","PUBLIC_SOURCE_FOUND","SOURCE_PRESENT_REQUIRES_VALIDATION","true","PENDING","false","false","DE WITT COUNTY SHERIFFS OFFICE TX official website","DE WITT COUNTY SHERIFFS OFFICE TX contact official"
"BD_BOOK_EXP_00385","HOCKLEY COUNTY SHERIFFS DEPARTMENT","MOTORCYCLE_ORGANIZATION","","TX","PUBLIC_SOURCE_FOUND","SOURCE_PRESENT_REQUIRES_VALIDATION","true","PENDING","false","false","HOCKLEY COUNTY SHERIFFS DEPARTMENT TX official website","HOCKLEY COUNTY SHERIFFS DEPARTMENT TX contact official"
"BD_BOOK_EXP_00386","SOMERVELL COUNTY SHERIFFS OFFICE","MOTORCYCLE_ORGANIZATION","","TX","PUBLIC_SOURCE_FOUND","SOURCE_PRESENT_REQUIRES_VALIDATION","true","PENDING","false","false","SOMERVELL COUNTY SHERIFFS OFFICE TX official website","SOMERVELL COUNTY SHERIFFS OFFICE TX contact official"
"BD_BOOK_EXP_00387","BROOKS COUNTY SHERIFFS DEPARTMENT","MOTORCYCLE_ORGANIZATION","","TX","PUBLIC_SOURCE_FOUND","SOURCE_PRESENT_REQUIRES_VALIDATION","true","PENDING","false","false","BROOKS COUNTY SHERIFFS DEPARTMENT TX official website","BROOKS COUNTY SHERIFFS DEPARTMENT TX contact official"
"BD_BOOK_EXP_00388","GONZALES COUNTY SHERIFFS OFFICE","MOTORCYCLE_ORGANIZATION","","TX","PUBLIC_SOURCE_FOUND","SOURCE_PRESENT_REQUIRES_VALIDATION","true","PENDING","false","false","GONZALES COUNTY SHERIFFS OFFICE TX official website","GONZALES COUNTY SHERIFFS OFFICE TX contact official"
"BD_BOOK_EXP_00389","HALL COUNTY SHERIFF DEPARTMENT","MOTORCYCLE_ORGANIZATION","","TX","PUBLIC_SOURCE_FOUND","SOURCE_PRESENT_REQUIRES_VALIDATION","true","PENDING","false","false","HALL COUNTY SHERIFF DEPARTMENT TX official website","HALL COUNTY SHERIFF DEPARTMENT TX contact official"
"BD_BOOK_EXP_00390","IRION COUNTY SHERIFF","MOTORCYCLE_ORGANIZATION","","TX","PUBLIC_SOURCE_FOUND","SOURCE_PRESENT_REQUIRES_VALIDATION","true","PENDING","false","false","IRION COUNTY SHERIFF TX official website","IRION COUNTY SHERIFF TX contact official"
"BD_BOOK_EXP_00391","GRAY COUNTY SHERIFFS OFFICE","MOTORCYCLE_ORGANIZATION","","TX","PUBLIC_SOURCE_FOUND","SOURCE_PRESENT_REQUIRES_VALIDATION","true","PENDING","false","false","GRAY COUNTY SHERIFFS OFFICE TX official website","GRAY COUNTY SHERIFFS OFFICE TX contact official"
"BD_BOOK_EXP_00392","MENARD COUNTY SHERIFFS OFFICE","MOTORCYCLE_ORGANIZATION","","TX","PUBLIC_SOURCE_FOUND","SOURCE_PRESENT_REQUIRES_VALIDATION","true","PENDING","false","false","MENARD COUNTY SHERIFFS OFFICE TX official website","MENARD COUNTY SHERIFFS OFFICE TX contact official"
"BD_BOOK_EXP_00393","DUVAL COUNTY SHERIFFS OFFICE","MOTORCYCLE_ORGANIZATION","","TX","PUBLIC_SOURCE_FOUND","SOURCE_PRESENT_REQUIRES_VALIDATION","true","PENDING","false","false","DUVAL COUNTY SHERIFFS OFFICE TX official website","DUVAL COUNTY SHERIFFS OFFICE TX contact official"
"BD_BOOK_EXP_00394","REAL COUNTY SHERIFFS OFFICE","MOTORCYCLE_ORGANIZATION","","TX","PUBLIC_SOURCE_FOUND","SOURCE_PRESENT_REQUIRES_VALIDATION","true","PENDING","false","false","REAL COUNTY SHERIFFS OFFICE TX official website","REAL COUNTY SHERIFFS OFFICE TX contact official"
"BD_BOOK_EXP_00395","ATASCOSA COUNTY SHERIFFS OFFICE","MOTORCYCLE_ORGANIZATION","","TX","PUBLIC_SOURCE_FOUND","SOURCE_PRESENT_REQUIRES_VALIDATION","true","PENDING","false","false","ATASCOSA COUNTY SHERIFFS OFFICE TX official website","ATASCOSA COUNTY SHERIFFS OFFICE TX contact official"
"BD_BOOK_EXP_00396","VAN ZANDT COUNTY SHERIFFS OFFICE","MOTORCYCLE_ORGANIZATION","","TX","PUBLIC_SOURCE_FOUND","SOURCE_PRESENT_REQUIRES_VALIDATION","true","PENDING","false","false","VAN ZANDT COUNTY SHERIFFS OFFICE TX official website","VAN ZANDT COUNTY SHERIFFS OFFICE TX contact official"
"BD_BOOK_EXP_00397","GAINES COUNTY SHERIFFS DEPARTMENT","MOTORCYCLE_ORGANIZATION","","TX","PUBLIC_SOURCE_FOUND","SOURCE_PRESENT_REQUIRES_VALIDATION","true","PENDING","false","false","GAINES COUNTY SHERIFFS DEPARTMENT TX official website","GAINES COUNTY SHERIFFS DEPARTMENT TX contact official"
"BD_BOOK_EXP_00398","TERRY COUNTY SHERIFFS DEPARTMENT","MOTORCYCLE_ORGANIZATION","","TX","PUBLIC_SOURCE_FOUND","SOURCE_PRESENT_REQUIRES_VALIDATION","true","PENDING","false","false","TERRY COUNTY SHERIFFS DEPARTMENT TX official website","TERRY COUNTY SHERIFFS DEPARTMENT TX contact official"
"BD_BOOK_EXP_00399","ROBERTSON COUNTY SHERIFFS OFFICE","MOTORCYCLE_ORGANIZATION","","TX","PUBLIC_SOURCE_FOUND","SOURCE_PRESENT_REQUIRES_VALIDATION","true","PENDING","false","false","ROBERTSON COUNTY SHERIFFS OFFICE TX official website","ROBERTSON COUNTY SHERIFFS OFFICE TX contact official"
"BD_BOOK_EXP_00400","TERRELL COUNTY SHERIFFS OFFICE","MOTORCYCLE_ORGANIZATION","","TX","PUBLIC_SOURCE_FOUND","SOURCE_PRESENT_REQUIRES_VALIDATION","true","PENDING","false","false","TERRELL COUNTY SHERIFFS OFFICE TX official website","TERRELL COUNTY SHERIFFS OFFICE TX contact official"
"BD_BOOK_EXP_00401","OCHILTREE COUNTY SHERIFFS OFFICE","MOTORCYCLE_ORGANIZATION","","TX","PUBLIC_SOURCE_FOUND","SOURCE_PRESENT_REQUIRES_VALIDATION","true","PENDING","false","false","OCHILTREE COUNTY SHERIFFS OFFICE TX official website","OCHILTREE COUNTY SHERIFFS OFFICE TX contact official"
"BD_BOOK_EXP_00402","NEWTON COUNTY SHERIFFS OFFICE","MOTORCYCLE_ORGANIZATION","","TX","PUBLIC_SOURCE_FOUND","SOURCE_PRESENT_REQUIRES_VALIDATION","true","PENDING","false","false","NEWTON COUNTY SHERIFFS OFFICE TX official website","NEWTON COUNTY SHERIFFS OFFICE TX contact official"
"BD_BOOK_EXP_00403","SCHLEICHER COUNTY SHERIFFS OFFICE","MOTORCYCLE_ORGANIZATION","","TX","PUBLIC_SOURCE_FOUND","SOURCE_PRESENT_REQUIRES_VALIDATION","true","PENDING","false","false","SCHLEICHER COUNTY SHERIFFS OFFICE TX official website","SCHLEICHER COUNTY SHERIFFS OFFICE TX contact official"
"BD_BOOK_EXP_00404","PANOLA COUNTY SHERIFFS OFFICE","MOTORCYCLE_ORGANIZATION","","TX","PUBLIC_SOURCE_FOUND","SOURCE_PRESENT_REQUIRES_VALIDATION","true","PENDING","false","false","PANOLA COUNTY SHERIFFS OFFICE TX official website","PANOLA COUNTY SHERIFFS OFFICE TX contact official"
"BD_BOOK_EXP_00405","MORRIS COUNTY SHERIFF DEPARTMENT","MOTORCYCLE_ORGANIZATION","","TX","PUBLIC_SOURCE_FOUND","SOURCE_PRESENT_REQUIRES_VALIDATION","true","PENDING","false","false","MORRIS COUNTY SHERIFF DEPARTMENT TX official website","MORRIS COUNTY SHERIFF DEPARTMENT TX contact official"
"BD_BOOK_EXP_00406","FALLS COUNTY SHERIFFS OFFICE","MOTORCYCLE_ORGANIZATION","","TX","PUBLIC_SOURCE_FOUND","SOURCE_PRESENT_REQUIRES_VALIDATION","true","PENDING","false","false","FALLS COUNTY SHERIFFS OFFICE TX official website","FALLS COUNTY SHERIFFS OFFICE TX contact official"
"BD_BOOK_EXP_00407","JONES COUNTY SHERIFFS OFFICE","MOTORCYCLE_ORGANIZATION","","TX","PUBLIC_SOURCE_FOUND","SOURCE_PRESENT_REQUIRES_VALIDATION","true","PENDING","false","false","JONES COUNTY SHERIFFS OFFICE TX official website","JONES COUNTY SHERIFFS OFFICE TX contact official"
"BD_BOOK_EXP_00408","HANSFORD COUNTY SHERIFFS OFFICE","MOTORCYCLE_ORGANIZATION","","TX","PUBLIC_SOURCE_FOUND","SOURCE_PRESENT_REQUIRES_VALIDATION","true","PENDING","false","false","HANSFORD COUNTY SHERIFFS OFFICE TX official website","HANSFORD COUNTY SHERIFFS OFFICE TX contact official"
"BD_BOOK_EXP_00409","SWISHER COUNTY SHERIFFS OFFICE","MOTORCYCLE_ORGANIZATION","","TX","PUBLIC_SOURCE_FOUND","SOURCE_PRESENT_REQUIRES_VALIDATION","true","PENDING","false","false","SWISHER COUNTY SHERIFFS OFFICE TX official website","SWISHER COUNTY SHERIFFS OFFICE TX contact official"
"BD_BOOK_EXP_00410","HARDIN COUNTY SHERIFFS OFFICE","MOTORCYCLE_ORGANIZATION","","TX","PUBLIC_SOURCE_FOUND","SOURCE_PRESENT_REQUIRES_VALIDATION","true","PENDING","false","false","HARDIN COUNTY SHERIFFS OFFICE TX official website","HARDIN COUNTY SHERIFFS OFFICE TX contact official"
"BD_BOOK_EXP_00411","HARRISON COUNTY SHERIFFS OFFICE","MOTORCYCLE_ORGANIZATION","","TX","PUBLIC_SOURCE_FOUND","SOURCE_PRESENT_REQUIRES_VALIDATION","true","PENDING","false","false","HARRISON COUNTY SHERIFFS OFFICE TX official website","HARRISON COUNTY SHERIFFS OFFICE TX contact official"
"BD_BOOK_EXP_00412","FANNIN COUNTY SHERIFFS DEPARTMENT","MOTORCYCLE_ORGANIZATION","","TX","PUBLIC_SOURCE_FOUND","SOURCE_PRESENT_REQUIRES_VALIDATION","true","PENDING","false","false","FANNIN COUNTY SHERIFFS DEPARTMENT TX official website","FANNIN COUNTY SHERIFFS DEPARTMENT TX contact official"
"BD_BOOK_EXP_00413","LIMESTONE COUNTY SHERIFFS DEPARTMENT","MOTORCYCLE_ORGANIZATION","","TX","PUBLIC_SOURCE_FOUND","SOURCE_PRESENT_REQUIRES_VALIDATION","true","PENDING","false","false","LIMESTONE COUNTY SHERIFFS DEPARTMENT TX official website","LIMESTONE COUNTY SHERIFFS DEPARTMENT TX contact official"
"BD_BOOK_EXP_00414","NOLAN COUNTY SHERIFFS OFFICE","MOTORCYCLE_ORGANIZATION","","TX","PUBLIC_SOURCE_FOUND","SOURCE_PRESENT_REQUIRES_VALIDATION","true","PENDING","false","false","NOLAN COUNTY SHERIFFS OFFICE TX official website","NOLAN COUNTY SHERIFFS OFFICE TX contact official"
"BD_BOOK_EXP_00415","YOAKUM COUNTY SHERIFFS OFFICE","MOTORCYCLE_ORGANIZATION","","TX","PUBLIC_SOURCE_FOUND","SOURCE_PRESENT_REQUIRES_VALIDATION","true","PENDING","false","false","YOAKUM COUNTY SHERIFFS OFFICE TX official website","YOAKUM COUNTY SHERIFFS OFFICE TX contact official"
"BD_BOOK_EXP_00416","WOOD COUNTY SHERIFFS OFFICE","MOTORCYCLE_ORGANIZATION","","TX","PUBLIC_SOURCE_FOUND","SOURCE_PRESENT_REQUIRES_VALIDATION","true","PENDING","false","false","WOOD COUNTY SHERIFFS OFFICE TX official website","WOOD COUNTY SHERIFFS OFFICE TX contact official"
"BD_BOOK_EXP_00417","BROWN COUNTY SHERIFFS OFFICE","MOTORCYCLE_ORGANIZATION","","TX","PUBLIC_SOURCE_FOUND","SOURCE_PRESENT_REQUIRES_VALIDATION","true","PENDING","false","false","BROWN COUNTY SHERIFFS OFFICE TX official website","BROWN COUNTY SHERIFFS OFFICE TX contact official"
"BD_BOOK_EXP_00418","EDWARDS COUNTY SHERIFFS OFFICE","MOTORCYCLE_ORGANIZATION","","TX","PUBLIC_SOURCE_FOUND","SOURCE_PRESENT_REQUIRES_VALIDATION","true","PENDING","false","false","EDWARDS COUNTY SHERIFFS OFFICE TX official website","EDWARDS COUNTY SHERIFFS OFFICE TX contact official"
"BD_BOOK_EXP_00419","WALLER COUNTY SHERIFFS OFFICE","MOTORCYCLE_ORGANIZATION","","TX","PUBLIC_SOURCE_FOUND","SOURCE_PRESENT_REQUIRES_VALIDATION","true","PENDING","false","false","WALLER COUNTY SHERIFFS OFFICE TX official website","WALLER COUNTY SHERIFFS OFFICE TX contact official"
"BD_BOOK_EXP_00420","COLORADO COUNTY SHERIFFS DEPARTMENT","MOTORCYCLE_ORGANIZATION","","TX","PUBLIC_SOURCE_FOUND","SOURCE_PRESENT_REQUIRES_VALIDATION","true","PENDING","false","false","COLORADO COUNTY SHERIFFS DEPARTMENT TX official website","COLORADO COUNTY SHERIFFS DEPARTMENT TX contact official"
"BD_BOOK_EXP_00421","JIM WELLS COUNTY SHERIFFS OFFICE","MOTORCYCLE_ORGANIZATION","","TX","PUBLIC_SOURCE_FOUND","SOURCE_PRESENT_REQUIRES_VALIDATION","true","PENDING","false","false","JIM WELLS COUNTY SHERIFFS OFFICE TX official website","JIM WELLS COUNTY SHERIFFS OFFICE TX contact official"
"BD_BOOK_EXP_00422","DEAF SMITH COUNTY SHERIFFS OFFICE","MOTORCYCLE_ORGANIZATION","","TX","PUBLIC_SOURCE_FOUND","SOURCE_PRESENT_REQUIRES_VALIDATION","true","PENDING","false","false","DEAF SMITH COUNTY SHERIFFS OFFICE TX official website","DEAF SMITH COUNTY SHERIFFS OFFICE TX contact official"
"BD_BOOK_EXP_00423","CASTRO COUNTY SHERIFFS DEPARTMENT","MOTORCYCLE_ORGANIZATION","","TX","PUBLIC_SOURCE_FOUND","SOURCE_PRESENT_REQUIRES_VALIDATION","true","PENDING","false","false","CASTRO COUNTY SHERIFFS DEPARTMENT TX official website","CASTRO COUNTY SHERIFFS DEPARTMENT TX contact official"
"BD_BOOK_EXP_00424","BRISCOE COUNTY SHERIFFS DEPARTMENT","MOTORCYCLE_ORGANIZATION","","TX","PUBLIC_SOURCE_FOUND","SOURCE_PRESENT_REQUIRES_VALIDATION","true","PENDING","false","false","BRISCOE COUNTY SHERIFFS DEPARTMENT TX official website","BRISCOE COUNTY SHERIFFS DEPARTMENT TX contact official"
"BD_BOOK_EXP_00425","DIMMIT COUNTY SHERIFFS OFFICE","MOTORCYCLE_ORGANIZATION","","TX","PUBLIC_SOURCE_FOUND","SOURCE_PRESENT_REQUIRES_VALIDATION","true","PENDING","false","false","DIMMIT COUNTY SHERIFFS OFFICE TX official website","DIMMIT COUNTY SHERIFFS OFFICE TX contact official"
"BD_BOOK_EXP_00426","TYLER COUNTY SHERIFFS OFFICE","MOTORCYCLE_ORGANIZATION","","TX","PUBLIC_SOURCE_FOUND","SOURCE_PRESENT_REQUIRES_VALIDATION","true","PENDING","false","false","TYLER COUNTY SHERIFFS OFFICE TX official website","TYLER COUNTY SHERIFFS OFFICE TX contact official"
"BD_BOOK_EXP_00427","UPTON COUNTY SHERIFF OFFICE","MOTORCYCLE_ORGANIZATION","","TX","PUBLIC_SOURCE_FOUND","SOURCE_PRESENT_REQUIRES_VALIDATION","true","PENDING","false","false","UPTON COUNTY SHERIFF OFFICE TX official website","UPTON COUNTY SHERIFF OFFICE TX contact official"
"BD_BOOK_EXP_00428","HEMPHILL COUNTY SHERIFFS OFFICE","MOTORCYCLE_ORGANIZATION","","TX","PUBLIC_SOURCE_FOUND","SOURCE_PRESENT_REQUIRES_VALIDATION","true","PENDING","false","false","HEMPHILL COUNTY SHERIFFS OFFICE TX official website","HEMPHILL COUNTY SHERIFFS OFFICE TX contact official"
"BD_BOOK_EXP_00429","GRIMES COUNTY SHERIFFS DEPARTMENT","MOTORCYCLE_ORGANIZATION","","TX","PUBLIC_SOURCE_FOUND","SOURCE_PRESENT_REQUIRES_VALIDATION","true","PENDING","false","false","GRIMES COUNTY SHERIFFS DEPARTMENT TX official website","GRIMES COUNTY SHERIFFS DEPARTMENT TX contact official"
"BD_BOOK_EXP_00430","CROSBY COUNTY SHERIFFS OFFICE","MOTORCYCLE_ORGANIZATION","","TX","PUBLIC_SOURCE_FOUND","SOURCE_PRESENT_REQUIRES_VALIDATION","true","PENDING","false","false","CROSBY COUNTY SHERIFFS OFFICE TX official website","CROSBY COUNTY SHERIFFS OFFICE TX contact official"
"BD_BOOK_EXP_00431","STEPHENS COUNTY SHERIFFS OFFICE","MOTORCYCLE_ORGANIZATION","","TX","PUBLIC_SOURCE_FOUND","SOURCE_PRESENT_REQUIRES_VALIDATION","true","PENDING","false","false","STEPHENS COUNTY SHERIFFS OFFICE TX official website","STEPHENS COUNTY SHERIFFS OFFICE TX contact official"
"BD_BOOK_EXP_00432","MADISON COUNTY SHERIFFS OFFICE","MOTORCYCLE_ORGANIZATION","","TX","PUBLIC_SOURCE_FOUND","SOURCE_PRESENT_REQUIRES_VALIDATION","true","PENDING","false","false","MADISON COUNTY SHERIFFS OFFICE TX official website","MADISON COUNTY SHERIFFS OFFICE TX contact official"
"BD_BOOK_EXP_00433","GARZA COUNTY SHERIFFS OFFICE","MOTORCYCLE_ORGANIZATION","","TX","PUBLIC_SOURCE_FOUND","SOURCE_PRESENT_REQUIRES_VALIDATION","true","PENDING","false","false","GARZA COUNTY SHERIFFS OFFICE TX official website","GARZA COUNTY SHERIFFS OFFICE TX contact official"
"BD_BOOK_EXP_00434","SHACKELFORD COUNTY SHERIFFS OFFICE","MOTORCYCLE_ORGANIZATION","","TX","PUBLIC_SOURCE_FOUND","SOURCE_PRESENT_REQUIRES_VALIDATION","true","PENDING","false","false","SHACKELFORD COUNTY SHERIFFS OFFICE TX official website","SHACKELFORD COUNTY SHERIFFS OFFICE TX contact official"
"BD_BOOK_EXP_00435","WINKLER COUNTY SHERIFFS OFFICE","MOTORCYCLE_ORGANIZATION","","TX","PUBLIC_SOURCE_FOUND","SOURCE_PRESENT_REQUIRES_VALIDATION","true","PENDING","false","false","WINKLER COUNTY SHERIFFS OFFICE TX official website","WINKLER COUNTY SHERIFFS OFFICE TX contact official"
"BD_BOOK_EXP_00436","WHARTON COUNTY SHERIFFS OFFICE","MOTORCYCLE_ORGANIZATION","","TX","PUBLIC_SOURCE_FOUND","SOURCE_PRESENT_REQUIRES_VALIDATION","true","PENDING","false","false","WHARTON COUNTY SHERIFFS OFFICE TX official website","WHARTON COUNTY SHERIFFS OFFICE TX contact official"
"BD_BOOK_EXP_00437","SHELBY COUNTY SHERIFFS DEPARTMENT","MOTORCYCLE_ORGANIZATION","","TX","PUBLIC_SOURCE_FOUND","SOURCE_PRESENT_REQUIRES_VALIDATION","true","PENDING","false","false","SHELBY COUNTY SHERIFFS DEPARTMENT TX official website","SHELBY COUNTY SHERIFFS DEPARTMENT TX contact official"
"BD_BOOK_EXP_00438","LAVACA COUNTY SHERIFFS DEPARTMENT - LAVACA COUNTY JAIL","MOTORCYCLE_ORGANIZATION","","TX","PUBLIC_SOURCE_FOUND","SOURCE_PRESENT_REQUIRES_VALIDATION","true","PENDING","false","false","LAVACA COUNTY SHERIFFS DEPARTMENT - LAVACA COUNTY JAIL TX official website","LAVACA COUNTY SHERIFFS DEPARTMENT - LAVACA COUNTY JAIL TX contact official"
"BD_BOOK_EXP_00439","FREESTONE COUNTY SHERIFF DEPARTMENT","MOTORCYCLE_ORGANIZATION","","TX","PUBLIC_SOURCE_FOUND","SOURCE_PRESENT_REQUIRES_VALIDATION","true","PENDING","false","false","FREESTONE COUNTY SHERIFF DEPARTMENT TX official website","FREESTONE COUNTY SHERIFF DEPARTMENT TX contact official"
"BD_BOOK_EXP_00440","FAYETTE COUNTY SHERIFFS DEPARTMENT","MOTORCYCLE_ORGANIZATION","","TX","PUBLIC_SOURCE_FOUND","SOURCE_PRESENT_REQUIRES_VALIDATION","true","PENDING","false","false","FAYETTE COUNTY SHERIFFS DEPARTMENT TX official website","FAYETTE COUNTY SHERIFFS DEPARTMENT TX contact official"
"BD_BOOK_EXP_00441","CALLAHAN COUNTY SHERIFFS DEPARTMENT","MOTORCYCLE_ORGANIZATION","","TX","PUBLIC_SOURCE_FOUND","SOURCE_PRESENT_REQUIRES_VALIDATION","true","PENDING","false","false","CALLAHAN COUNTY SHERIFFS DEPARTMENT TX official website","CALLAHAN COUNTY SHERIFFS DEPARTMENT TX contact official"
"BD_BOOK_EXP_00442","GOLIAD COUNTY SHERIFFS OFFICE","MOTORCYCLE_ORGANIZATION","","TX","PUBLIC_SOURCE_FOUND","SOURCE_PRESENT_REQUIRES_VALIDATION","true","PENDING","false","false","GOLIAD COUNTY SHERIFFS OFFICE TX official website","GOLIAD COUNTY SHERIFFS OFFICE TX contact official"
"BD_BOOK_EXP_00443","ZAVALA COUNTY SHERIFFS OFFICE","MOTORCYCLE_ORGANIZATION","","TX","PUBLIC_SOURCE_FOUND","SOURCE_PRESENT_REQUIRES_VALIDATION","true","PENDING","false","false","ZAVALA COUNTY SHERIFFS OFFICE TX official website","ZAVALA COUNTY SHERIFFS OFFICE TX contact official"
"BD_BOOK_EXP_00444","SAN AUGUSTINE COUNTY SHERIFFS OFFICE","MOTORCYCLE_ORGANIZATION","","TX","PUBLIC_SOURCE_FOUND","SOURCE_PRESENT_REQUIRES_VALIDATION","true","PENDING","false","false","SAN AUGUSTINE COUNTY SHERIFFS OFFICE TX official website","SAN AUGUSTINE COUNTY SHERIFFS OFFICE TX contact official"
"BD_BOOK_EXP_00445","MCCULLOCH COUNTY SHERIFFS OFFICE","MOTORCYCLE_ORGANIZATION","","TX","PUBLIC_SOURCE_FOUND","SOURCE_PRESENT_REQUIRES_VALIDATION","true","PENDING","false","false","MCCULLOCH COUNTY SHERIFFS OFFICE TX official website","MCCULLOCH COUNTY SHERIFFS OFFICE TX contact official"
"BD_BOOK_EXP_00446","HILL COUNTY SHERIFF OFFICE","MOTORCYCLE_ORGANIZATION","","TX","PUBLIC_SOURCE_FOUND","SOURCE_PRESENT_REQUIRES_VALIDATION","true","PENDING","false","false","HILL COUNTY SHERIFF OFFICE TX official website","HILL COUNTY SHERIFF OFFICE TX contact official"
"BD_BOOK_EXP_00447","SAN PATRICIO COUNTY SHERIFF OFFICE","MOTORCYCLE_ORGANIZATION","","TX","PUBLIC_SOURCE_FOUND","SOURCE_PRESENT_REQUIRES_VALIDATION","true","PENDING","false","false","SAN PATRICIO COUNTY SHERIFF OFFICE TX official website","SAN PATRICIO COUNTY SHERIFF OFFICE TX contact official"
"BD_BOOK_EXP_00448","SHERMAN COUNTY SHERIFFS OFFICE","MOTORCYCLE_ORGANIZATION","","TX","PUBLIC_SOURCE_FOUND","SOURCE_PRESENT_REQUIRES_VALIDATION","true","PENDING","false","false","SHERMAN COUNTY SHERIFFS OFFICE TX official website","SHERMAN COUNTY SHERIFFS OFFICE TX contact official"
"BD_BOOK_EXP_00449","CHAMBERS COUNTY SHERIFFS DEPARTMENT","MOTORCYCLE_ORGANIZATION","","TX","PUBLIC_SOURCE_FOUND","SOURCE_PRESENT_REQUIRES_VALIDATION","true","PENDING","false","false","CHAMBERS COUNTY SHERIFFS DEPARTMENT TX official website","CHAMBERS COUNTY SHERIFFS DEPARTMENT TX contact official"
"BD_BOOK_EXP_00450","CHILDRESS COUNTY SHERIFFS OFFICE","MOTORCYCLE_ORGANIZATION","","TX","PUBLIC_SOURCE_FOUND","SOURCE_PRESENT_REQUIRES_VALIDATION","true","PENDING","false","false","CHILDRESS COUNTY SHERIFFS OFFICE TX official website","CHILDRESS COUNTY SHERIFFS OFFICE TX contact official"
"BD_BOOK_EXP_00451","DICKENS COUNTY SHERIFFS OFFICE","MOTORCYCLE_ORGANIZATION","","TX","PUBLIC_SOURCE_FOUND","SOURCE_PRESENT_REQUIRES_VALIDATION","true","PENDING","false","false","DICKENS COUNTY SHERIFFS OFFICE TX official website","DICKENS COUNTY SHERIFFS OFFICE TX contact official"
"BD_BOOK_EXP_00452","DELTA COUNTY SHERIFFS OFFICE","MOTORCYCLE_ORGANIZATION","","TX","PUBLIC_SOURCE_FOUND","SOURCE_PRESENT_REQUIRES_VALIDATION","true","PENDING","false","false","DELTA COUNTY SHERIFFS OFFICE TX official website","DELTA COUNTY SHERIFFS OFFICE TX contact official"
"BD_BOOK_EXP_00453","KLEBERG COUNTY SHERIFFS OFFICE","MOTORCYCLE_ORGANIZATION","","TX","PUBLIC_SOURCE_FOUND","SOURCE_PRESENT_REQUIRES_VALIDATION","true","PENDING","false","false","KLEBERG COUNTY SHERIFFS OFFICE TX official website","KLEBERG COUNTY SHERIFFS OFFICE TX contact official"
"BD_BOOK_EXP_00454","CAMP COUNTY SHERIFFS OFFICE","MOTORCYCLE_ORGANIZATION","","TX","PUBLIC_SOURCE_FOUND","SOURCE_PRESENT_REQUIRES_VALIDATION","true","PENDING","false","false","CAMP COUNTY SHERIFFS OFFICE TX official website","CAMP COUNTY SHERIFFS OFFICE TX contact official"
"BD_BOOK_EXP_00455","EL PASO COUNTY SHERIFFS OFFICE - FABENS SUBSTATION","MOTORCYCLE_ORGANIZATION","","TX","PUBLIC_SOURCE_FOUND","SOURCE_PRESENT_REQUIRES_VALIDATION","true","PENDING","false","false","EL PASO COUNTY SHERIFFS OFFICE - FABENS SUBSTATION TX official website","EL PASO COUNTY SHERIFFS OFFICE - FABENS SUBSTATION TX contact official"
"BD_BOOK_EXP_00456","TARRANT COUNTY SHERIFFS DEPARTMENT","MOTORCYCLE_ORGANIZATION","","TX","PUBLIC_SOURCE_FOUND","SOURCE_PRESENT_REQUIRES_VALIDATION","true","PENDING","false","false","TARRANT COUNTY SHERIFFS DEPARTMENT TX official website","TARRANT COUNTY SHERIFFS DEPARTMENT TX contact official"
"BD_BOOK_EXP_00457","EL PASO COUNTY SHERIFFS OFFICE - MONTANA SUBSTATION","MOTORCYCLE_ORGANIZATION","","TX","PUBLIC_SOURCE_FOUND","SOURCE_PRESENT_REQUIRES_VALIDATION","true","PENDING","false","false","EL PASO COUNTY SHERIFFS OFFICE - MONTANA SUBSTATION TX official website","EL PASO COUNTY SHERIFFS OFFICE - MONTANA SUBSTATION TX contact official"
"BD_BOOK_EXP_00458","EL PASO COUNTY SHERIFFS OFFICE - VINTON SUBSTATION","MOTORCYCLE_ORGANIZATION","","TX","PUBLIC_SOURCE_FOUND","SOURCE_PRESENT_REQUIRES_VALIDATION","true","PENDING","false","false","EL PASO COUNTY SHERIFFS OFFICE - VINTON SUBSTATION TX official website","EL PASO COUNTY SHERIFFS OFFICE - VINTON SUBSTATION TX contact official"
"BD_BOOK_EXP_00459","EL PASO COUNTY SHERIFFS OFFICE - CLINT SUBSTATION","MOTORCYCLE_ORGANIZATION","","TX","PUBLIC_SOURCE_FOUND","SOURCE_PRESENT_REQUIRES_VALIDATION","true","PENDING","false","false","EL PASO COUNTY SHERIFFS OFFICE - CLINT SUBSTATION TX official website","EL PASO COUNTY SHERIFFS OFFICE - CLINT SUBSTATION TX contact official"
"BD_BOOK_EXP_00460","HARDEMAN COUNTY SHERIFFS DEPARTMENT","MOTORCYCLE_ORGANIZATION","","TX","PUBLIC_SOURCE_FOUND","SOURCE_PRESENT_REQUIRES_VALIDATION","true","PENDING","false","false","HARDEMAN COUNTY SHERIFFS DEPARTMENT TX official website","HARDEMAN COUNTY SHERIFFS DEPARTMENT TX contact official"
"BD_BOOK_EXP_00461","MILAM COUNTY SHERIFFS DEPARTMENT","MOTORCYCLE_ORGANIZATION","","TX","PUBLIC_SOURCE_FOUND","SOURCE_PRESENT_REQUIRES_VALIDATION","true","PENDING","false","false","MILAM COUNTY SHERIFFS DEPARTMENT TX official website","MILAM COUNTY SHERIFFS DEPARTMENT TX contact official"
"BD_BOOK_EXP_00462","WISE COUNTY SHERIFFS DEPARTMENT CHICO SUBSTATION","MOTORCYCLE_ORGANIZATION","","TX","PUBLIC_SOURCE_FOUND","SOURCE_PRESENT_REQUIRES_VALIDATION","true","PENDING","false","false","WISE COUNTY SHERIFFS DEPARTMENT CHICO SUBSTATION TX official website","WISE COUNTY SHERIFFS DEPARTMENT CHICO SUBSTATION TX contact official"
"BD_BOOK_EXP_00463","VAL VERDE COUNTY SHERIFF","MOTORCYCLE_ORGANIZATION","","TX","PUBLIC_SOURCE_FOUND","SOURCE_PRESENT_REQUIRES_VALIDATION","true","PENDING","false","false","VAL VERDE COUNTY SHERIFF TX official website","VAL VERDE COUNTY SHERIFF TX contact official"
"BD_BOOK_EXP_00464","DONLEY COUNTY SHERIFFS OFFICE","MOTORCYCLE_ORGANIZATION","","TX","PUBLIC_SOURCE_FOUND","SOURCE_PRESENT_REQUIRES_VALIDATION","true","PENDING","false","false","DONLEY COUNTY SHERIFFS OFFICE TX official website","DONLEY COUNTY SHERIFFS OFFICE TX contact official"
"BD_BOOK_EXP_00465","ERATH COUNTY SHERIFFS OFFICE","MOTORCYCLE_ORGANIZATION","","TX","PUBLIC_SOURCE_FOUND","SOURCE_PRESENT_REQUIRES_VALIDATION","true","PENDING","false","false","ERATH COUNTY SHERIFFS OFFICE TX official website","ERATH COUNTY SHERIFFS OFFICE TX contact official"
"BD_BOOK_EXP_00466","Alameda County Sheriff's Office","MOTORCYCLE_ORGANIZATION","","CA","PUBLIC_SOURCE_FOUND","SOURCE_PRESENT_REQUIRES_VALIDATION","true","PENDING","false","false","Alameda County Sheriff's Office CA official website","Alameda County Sheriff's Office CA contact official"
"BD_BOOK_EXP_00467","Bakersfield Police Department","MOTORCYCLE_ORGANIZATION","","CA","PUBLIC_SOURCE_FOUND","SOURCE_PRESENT_REQUIRES_VALIDATION","true","PENDING","false","false","Bakersfield Police Department CA official website","Bakersfield Police Department CA contact official"
"BD_BOOK_EXP_00468","CSU San Francisco Police Department","MOTORCYCLE_ORGANIZATION","","CA","PUBLIC_SOURCE_FOUND","SOURCE_PRESENT_REQUIRES_VALIDATION","true","PENDING","false","false","CSU San Francisco Police Department CA official website","CSU San Francisco Police Department CA contact official"
"BD_BOOK_EXP_00469","Fresno County Sheriff's Department","MOTORCYCLE_ORGANIZATION","","CA","PUBLIC_SOURCE_FOUND","SOURCE_PRESENT_REQUIRES_VALIDATION","true","PENDING","false","false","Fresno County Sheriff's Department CA official website","Fresno County Sheriff's Department CA contact official"
"BD_BOOK_EXP_00470","Kern County Sheriff's Department","MOTORCYCLE_ORGANIZATION","","CA","PUBLIC_SOURCE_FOUND","SOURCE_PRESENT_REQUIRES_VALIDATION","true","PENDING","false","false","Kern County Sheriff's Department CA official website","Kern County Sheriff's Department CA contact official"
"BD_BOOK_EXP_00471","Los Angeles Port Police Department","MOTORCYCLE_ORGANIZATION","","CA","PUBLIC_SOURCE_FOUND","SOURCE_PRESENT_REQUIRES_VALIDATION","true","PENDING","false","false","Los Angeles Port Police Department CA official website","Los Angeles Port Police Department CA contact official"
"BD_BOOK_EXP_00472","Oakland City Housing Authority Police Department","MOTORCYCLE_ORGANIZATION","","CA","PUBLIC_SOURCE_FOUND","SOURCE_PRESENT_REQUIRES_VALIDATION","true","PENDING","false","false","Oakland City Housing Authority Police Department CA official website","Oakland City Housing Authority Police Department CA contact official"
"BD_BOOK_EXP_00473","Sacramento County Sheriff's Department","MOTORCYCLE_ORGANIZATION","","CA","PUBLIC_SOURCE_FOUND","SOURCE_PRESENT_REQUIRES_VALIDATION","true","PENDING","false","false","Sacramento County Sheriff's Department CA official website","Sacramento County Sheriff's Department CA contact official"
"BD_BOOK_EXP_00474","San Diego County Sheriff's Department","MOTORCYCLE_ORGANIZATION","","CA","PUBLIC_SOURCE_FOUND","SOURCE_PRESENT_REQUIRES_VALIDATION","true","PENDING","false","false","San Diego County Sheriff's Department CA official website","San Diego County Sheriff's Department CA contact official"
"BD_BOOK_EXP_00475","San Diego Harbor Police Department, Port Of","MOTORCYCLE_ORGANIZATION","","CA","PUBLIC_SOURCE_FOUND","SOURCE_PRESENT_REQUIRES_VALIDATION","true","PENDING","false","false","San Diego Harbor Police Department, Port Of CA official website","San Diego Harbor Police Department, Port Of CA contact official"
"BD_BOOK_EXP_00476","San Francisco County Sheriff's Department","MOTORCYCLE_ORGANIZATION","","CA","PUBLIC_SOURCE_FOUND","SOURCE_PRESENT_REQUIRES_VALIDATION","true","PENDING","false","false","San Francisco County Sheriff's Department CA official website","San Francisco County Sheriff's Department CA contact official"
"BD_BOOK_EXP_00477","Santa Clara County Sheriff's Department","MOTORCYCLE_ORGANIZATION","","CA","PUBLIC_SOURCE_FOUND","SOURCE_PRESENT_REQUIRES_VALIDATION","true","PENDING","false","false","Santa Clara County Sheriff's Department CA official website","Santa Clara County Sheriff's Department CA contact official"
"BD_BOOK_EXP_00478","South San Francisco Police Department","MOTORCYCLE_ORGANIZATION","","CA","PUBLIC_SOURCE_FOUND","SOURCE_PRESENT_REQUIRES_VALIDATION","true","PENDING","false","false","South San Francisco Police Department CA official website","South San Francisco Police Department CA contact official"
"BD_BOOK_EXP_00479","UC Los Angeles Police Department","MOTORCYCLE_ORGANIZATION","","CA","PUBLIC_SOURCE_FOUND","SOURCE_PRESENT_REQUIRES_VALIDATION","true","PENDING","false","false","UC Los Angeles Police Department CA official website","UC Los Angeles Police Department CA contact official"
"BD_BOOK_EXP_00480","UC San Diego Police Department","MOTORCYCLE_ORGANIZATION","","CA","PUBLIC_SOURCE_FOUND","SOURCE_PRESENT_REQUIRES_VALIDATION","true","PENDING","false","false","UC San Diego Police Department CA official website","UC San Diego Police Department CA contact official"
"BD_BOOK_EXP_00481","UC San Francisco Police Department","MOTORCYCLE_ORGANIZATION","","CA","PUBLIC_SOURCE_FOUND","SOURCE_PRESENT_REQUIRES_VALIDATION","true","PENDING","false","false","UC San Francisco Police Department CA official website","UC San Francisco Police Department CA contact official"
"BD_BOOK_EXP_00482","West Sacramento Police Department","MOTORCYCLE_ORGANIZATION","","CA","PUBLIC_SOURCE_FOUND","SOURCE_PRESENT_REQUIRES_VALIDATION","true","PENDING","false","false","West Sacramento Police Department CA official website","West Sacramento Police Department CA contact official"
"BD_BOOK_EXP_00483","San Francisco Community College District Police Department","MOTORCYCLE_ORGANIZATION","","CA","PUBLIC_SOURCE_FOUND","SOURCE_PRESENT_REQUIRES_VALIDATION","true","PENDING","false","false","San Francisco Community College District Police Department CA official website","San Francisco Community College District Police Department CA contact official"
"BD_BOOK_EXP_00484","CSU Los Angeles University Police Department","MOTORCYCLE_ORGANIZATION","","CA","PUBLIC_SOURCE_FOUND","SOURCE_PRESENT_REQUIRES_VALIDATION","true","PENDING","false","false","CSU Los Angeles University Police Department CA official website","CSU Los Angeles University Police Department CA contact official"
"BD_BOOK_EXP_00485","Los Angeles School Police Department","MOTORCYCLE_ORGANIZATION","","CA","PUBLIC_SOURCE_FOUND","SOURCE_PRESENT_REQUIRES_VALIDATION","true","PENDING","false","false","Los Angeles School Police Department CA official website","Los Angeles School Police Department CA contact official"
"BD_BOOK_EXP_00486","Los Angeles World Airports Police Department","MOTORCYCLE_ORGANIZATION","","CA","PUBLIC_SOURCE_FOUND","SOURCE_PRESENT_REQUIRES_VALIDATION","true","PENDING","false","false","Los Angeles World Airports Police Department CA official website","Los Angeles World Airports Police Department CA contact official"
"BD_BOOK_EXP_00487","Riverside Community College District Police Department","MOTORCYCLE_ORGANIZATION","","CA","PUBLIC_SOURCE_FOUND","SOURCE_PRESENT_REQUIRES_VALIDATION","true","PENDING","false","false","Riverside Community College District Police Department CA official website","Riverside Community College District Police Department CA contact official"
"BD_BOOK_EXP_00488","CSU Fresno University Police Department","MOTORCYCLE_ORGANIZATION","","CA","PUBLIC_SOURCE_FOUND","SOURCE_PRESENT_REQUIRES_VALIDATION","true","PENDING","false","false","CSU Fresno University Police Department CA official website","CSU Fresno University Police Department CA contact official"
"BD_BOOK_EXP_00489","CSU Sacramento Public Safety/University Police Department","MOTORCYCLE_ORGANIZATION","","CA","PUBLIC_SOURCE_FOUND","SOURCE_PRESENT_REQUIRES_VALIDATION","true","PENDING","false","false","CSU Sacramento Public Safety/University Police Department CA official website","CSU Sacramento Public Safety/University Police Department CA contact official"
"BD_BOOK_EXP_00490","Midland Police Department Law Enforcement Academy","MOTORCYCLE_ORGANIZATION","","TX","PUBLIC_SOURCE_FOUND","SOURCE_PRESENT_REQUIRES_VALIDATION","true","PENDING","false","false","Midland Police Department Law Enforcement Academy TX official website","Midland Police Department Law Enforcement Academy TX contact official"
"BD_BOOK_EXP_00491","Houston City College Police Academy","MOTORCYCLE_ORGANIZATION","","TX","PUBLIC_SOURCE_FOUND","SOURCE_PRESENT_REQUIRES_VALIDATION","true","PENDING","false","false","Houston City College Police Academy TX official website","Houston City College Police Academy TX contact official"
"BD_BOOK_EXP_00492","Houston Police Academy","MOTORCYCLE_ORGANIZATION","","TX","PUBLIC_SOURCE_FOUND","SOURCE_PRESENT_REQUIRES_VALIDATION","true","PENDING","false","false","Houston Police Academy TX official website","Houston Police Academy TX contact official"
"BD_BOOK_EXP_00493","Austin Police Academy","MOTORCYCLE_ORGANIZATION","","TX","PUBLIC_SOURCE_FOUND","SOURCE_PRESENT_REQUIRES_VALIDATION","true","PENDING","false","false","Austin Police Academy TX official website","Austin Police Academy TX contact official"
"BD_BOOK_EXP_00494","Fort Worth Police Academy","MOTORCYCLE_ORGANIZATION","","TX","PUBLIC_SOURCE_FOUND","SOURCE_PRESENT_REQUIRES_VALIDATION","true","PENDING","false","false","Fort Worth Police Academy TX official website","Fort Worth Police Academy TX contact official"
"BD_BOOK_EXP_00495","San Antonio Police Academy","MOTORCYCLE_ORGANIZATION","","TX","PUBLIC_SOURCE_FOUND","SOURCE_PRESENT_REQUIRES_VALIDATION","true","PENDING","false","false","San Antonio Police Academy TX official website","San Antonio Police Academy TX contact official"
"BD_BOOK_EXP_00496","Dallas Area Rapid Transit Police Department","MOTORCYCLE_ORGANIZATION","","TX","PUBLIC_SOURCE_FOUND","SOURCE_PRESENT_REQUIRES_VALIDATION","true","PENDING","false","false","Dallas Area Rapid Transit Police Department TX official website","Dallas Area Rapid Transit Police Department TX contact official"
"BD_BOOK_EXP_00497","Houston I.S.D. Police Department","MOTORCYCLE_ORGANIZATION","","TX","PUBLIC_SOURCE_FOUND","SOURCE_PRESENT_REQUIRES_VALIDATION","true","PENDING","false","false","Houston I.S.D. Police Department TX official website","Houston I.S.D. Police Department TX contact official"
"BD_BOOK_EXP_00498","Dallas Co. Sheriff's Academy","MOTORCYCLE_ORGANIZATION","","TX","PUBLIC_SOURCE_FOUND","SOURCE_PRESENT_REQUIRES_VALIDATION","true","PENDING","false","false","Dallas Co. Sheriff's Academy TX official website","Dallas Co. Sheriff's Academy TX contact official"
"BD_BOOK_EXP_00499","Houston County Sheriff's Office","MOTORCYCLE_ORGANIZATION","","TX","PUBLIC_SOURCE_FOUND","SOURCE_PRESENT_REQUIRES_VALIDATION","true","PENDING","false","false","Houston County Sheriff's Office TX official website","Houston County Sheriff's Office TX contact official"
"BD_BOOK_EXP_00500","Austin Co. Sheriff'S Office","MOTORCYCLE_ORGANIZATION","","TX","PUBLIC_SOURCE_FOUND","SOURCE_PRESENT_REQUIRES_VALIDATION","true","PENDING","false","false","Austin Co. Sheriff'S Office TX official website","Austin Co. Sheriff'S Office TX contact official"
"BD_BOOK_EXP_00501","Abilene Police Academy","MOTORCYCLE_ORGANIZATION","","TX","PUBLIC_SOURCE_FOUND","SOURCE_PRESENT_REQUIRES_VALIDATION","true","PENDING","false","false","Abilene Police Academy TX official website","Abilene Police Academy TX contact official"
"BD_BOOK_EXP_00502","Amarillo Police Academy","MOTORCYCLE_ORGANIZATION","","TX","PUBLIC_SOURCE_FOUND","SOURCE_PRESENT_REQUIRES_VALIDATION","true","PENDING","false","false","Amarillo Police Academy TX official website","Amarillo Police Academy TX contact official"
"BD_BOOK_EXP_00503","Arlington Police Academy","MOTORCYCLE_ORGANIZATION","","TX","PUBLIC_SOURCE_FOUND","SOURCE_PRESENT_REQUIRES_VALIDATION","true","PENDING","false","false","Arlington Police Academy TX official website","Arlington Police Academy TX contact official"
"BD_BOOK_EXP_00504","Baytown Police Academy","MOTORCYCLE_ORGANIZATION","","TX","PUBLIC_SOURCE_FOUND","SOURCE_PRESENT_REQUIRES_VALIDATION","true","PENDING","false","false","Baytown Police Academy TX official website","Baytown Police Academy TX contact official"
"BD_BOOK_EXP_00505","Brownsville Police Academy","MOTORCYCLE_ORGANIZATION","","TX","PUBLIC_SOURCE_FOUND","SOURCE_PRESENT_REQUIRES_VALIDATION","true","PENDING","false","false","Brownsville Police Academy TX official website","Brownsville Police Academy TX contact official"
"BD_BOOK_EXP_00506","Central Texas College Police Academy And Law Enforcement","MOTORCYCLE_ORGANIZATION","","TX","PUBLIC_SOURCE_FOUND","SOURCE_PRESENT_REQUIRES_VALIDATION","true","PENDING","false","false","Central Texas College Police Academy And Law Enforcement TX official website","Central Texas College Police Academy And Law Enforcement TX contact official"
"BD_BOOK_EXP_00507","Corpus Christi Police Academy","MOTORCYCLE_ORGANIZATION","","TX","PUBLIC_SOURCE_FOUND","SOURCE_PRESENT_REQUIRES_VALIDATION","true","PENDING","false","false","Corpus Christi Police Academy TX official website","Corpus Christi Police Academy TX contact official"
"BD_BOOK_EXP_00508","Del Mar College Reg. Police Academy","MOTORCYCLE_ORGANIZATION","","TX","PUBLIC_SOURCE_FOUND","SOURCE_PRESENT_REQUIRES_VALIDATION","true","PENDING","false","false","Del Mar College Reg. Police Academy TX official website","Del Mar College Reg. Police Academy TX contact official"
"BD_BOOK_EXP_00509","Del Rio Police Academy","MOTORCYCLE_ORGANIZATION","","TX","PUBLIC_SOURCE_FOUND","SOURCE_PRESENT_REQUIRES_VALIDATION","true","PENDING","false","false","Del Rio Police Academy TX official website","Del Rio Police Academy TX contact official"
"BD_BOOK_EXP_00510","Denton Police Academy","MOTORCYCLE_ORGANIZATION","","TX","PUBLIC_SOURCE_FOUND","SOURCE_PRESENT_REQUIRES_VALIDATION","true","PENDING","false","false","Denton Police Academy TX official website","Denton Police Academy TX contact official"
"BD_BOOK_EXP_00511","East Texas Police Academy","MOTORCYCLE_ORGANIZATION","","TX","PUBLIC_SOURCE_FOUND","SOURCE_PRESENT_REQUIRES_VALIDATION","true","PENDING","false","false","East Texas Police Academy TX official website","East Texas Police Academy TX contact official"
"BD_BOOK_EXP_00512","Garland Police Academy","MOTORCYCLE_ORGANIZATION","","TX","PUBLIC_SOURCE_FOUND","SOURCE_PRESENT_REQUIRES_VALIDATION","true","PENDING","false","false","Garland Police Academy TX official website","Garland Police Academy TX contact official"
"BD_BOOK_EXP_00513","Grand Prairie Police Academy","MOTORCYCLE_ORGANIZATION","","TX","PUBLIC_SOURCE_FOUND","SOURCE_PRESENT_REQUIRES_VALIDATION","true","PENDING","false","false","Grand Prairie Police Academy TX official website","Grand Prairie Police Academy TX contact official"
"BD_BOOK_EXP_00583","Porsche Beverly Hills Showroom — Los Angeles, CA","MOTORCYCLE_ORGANIZATION","","National","AUTHENTICATION_PENDING","SOURCE_DISCOVERY_REQUIRED","false","PENDING","false","false","Porsche Beverly Hills Showroom — Los Angeles, CA National official website","Porsche Beverly Hills Showroom — Los Angeles, CA National contact official"
"BD_BOOK_EXP_00584","Porsche Downtown LA — Los Angeles, CA","MOTORCYCLE_ORGANIZATION","","National","AUTHENTICATION_PENDING","SOURCE_DISCOVERY_REQUIRED","false","PENDING","false","false","Porsche Downtown LA — Los Angeles, CA National official website","Porsche Downtown LA — Los Angeles, CA National contact official"
"BD_BOOK_EXP_00585","Petersen Automotive Museum — Los Angeles, CA","MOTORCYCLE_ORGANIZATION","","National","AUTHENTICATION_PENDING","SOURCE_DISCOVERY_REQUIRED","false","PENDING","false","false","Petersen Automotive Museum — Los Angeles, CA National official website","Petersen Automotive Museum — Los Angeles, CA National contact official"
"BD_BOOK_EXP_00587","Beverly Hills BMW Wilshire Showroom — Los Angeles, CA","MOTORCYCLE_ORGANIZATION","","National","AUTHENTICATION_PENDING","SOURCE_DISCOVERY_REQUIRED","false","PENDING","false","false","Beverly Hills BMW Wilshire Showroom — Los Angeles, CA National official website","Beverly Hills BMW Wilshire Showroom — Los Angeles, CA National contact official"
"BD_BOOK_EXP_00784","Wynwood Creative Warehouse — Miami, FL","MOTORCYCLE_ORGANIZATION","","National","AUTHENTICATION_PENDING","SOURCE_DISCOVERY_REQUIRED","false","PENDING","false","false","Wynwood Creative Warehouse — Miami, FL National official website","Wynwood Creative Warehouse — Miami, FL National contact official"
"BD_BOOK_EXP_00834","NEW YORK GANG / VIOLENT CRIME UNIT","MOTORCYCLE_ORGANIZATION","","NY","AUTHENTICATION_PENDING","SOURCE_DISCOVERY_REQUIRED","false","PENDING","false","false","NEW YORK GANG / VIOLENT CRIME UNIT NY official website","NEW YORK GANG / VIOLENT CRIME UNIT NY contact official"
"BD_BOOK_EXP_00835","NEW YORK NARCOTICS / ORGANIZED CRIME UNIT","MOTORCYCLE_ORGANIZATION","","NY","AUTHENTICATION_PENDING","SOURCE_DISCOVERY_REQUIRED","false","PENDING","false","false","NEW YORK NARCOTICS / ORGANIZED CRIME UNIT NY official website","NEW YORK NARCOTICS / ORGANIZED CRIME UNIT NY contact official"
"BD_BOOK_EXP_00843","LOS ANGELES GANG / VIOLENT CRIME UNIT","MOTORCYCLE_ORGANIZATION","","CA","AUTHENTICATION_PENDING","SOURCE_DISCOVERY_REQUIRED","false","PENDING","false","false","LOS ANGELES GANG / VIOLENT CRIME UNIT CA official website","LOS ANGELES GANG / VIOLENT CRIME UNIT CA contact official"
"BD_BOOK_EXP_00844","LOS ANGELES NARCOTICS / ORGANIZED CRIME UNIT","MOTORCYCLE_ORGANIZATION","","CA","AUTHENTICATION_PENDING","SOURCE_DISCOVERY_REQUIRED","false","PENDING","false","false","LOS ANGELES NARCOTICS / ORGANIZED CRIME UNIT CA official website","LOS ANGELES NARCOTICS / ORGANIZED CRIME UNIT CA contact official"
"BD_BOOK_EXP_00852","CHICAGO GANG / VIOLENT CRIME UNIT","MOTORCYCLE_ORGANIZATION","","IL","AUTHENTICATION_PENDING","SOURCE_DISCOVERY_REQUIRED","false","PENDING","false","false","CHICAGO GANG / VIOLENT CRIME UNIT IL official website","CHICAGO GANG / VIOLENT CRIME UNIT IL contact official"
"BD_BOOK_EXP_00853","CHICAGO NARCOTICS / ORGANIZED CRIME UNIT","MOTORCYCLE_ORGANIZATION","","IL","AUTHENTICATION_PENDING","SOURCE_DISCOVERY_REQUIRED","false","PENDING","false","false","CHICAGO NARCOTICS / ORGANIZED CRIME UNIT IL official website","CHICAGO NARCOTICS / ORGANIZED CRIME UNIT IL contact official"
"BD_BOOK_EXP_00861","HOUSTON GANG / VIOLENT CRIME UNIT","MOTORCYCLE_ORGANIZATION","","TX","AUTHENTICATION_PENDING","SOURCE_DISCOVERY_REQUIRED","false","PENDING","false","false","HOUSTON GANG / VIOLENT CRIME UNIT TX official website","HOUSTON GANG / VIOLENT CRIME UNIT TX contact official"
"BD_BOOK_EXP_00862","HOUSTON NARCOTICS / ORGANIZED CRIME UNIT","MOTORCYCLE_ORGANIZATION","","TX","AUTHENTICATION_PENDING","SOURCE_DISCOVERY_REQUIRED","false","PENDING","false","false","HOUSTON NARCOTICS / ORGANIZED CRIME UNIT TX official website","HOUSTON NARCOTICS / ORGANIZED CRIME UNIT TX contact official"
"BD_BOOK_EXP_00870","PHOENIX GANG / VIOLENT CRIME UNIT","MOTORCYCLE_ORGANIZATION","","AZ","AUTHENTICATION_PENDING","SOURCE_DISCOVERY_REQUIRED","false","PENDING","false","false","PHOENIX GANG / VIOLENT CRIME UNIT AZ official website","PHOENIX GANG / VIOLENT CRIME UNIT AZ contact official"
"BD_BOOK_EXP_00871","PHOENIX NARCOTICS / ORGANIZED CRIME UNIT","MOTORCYCLE_ORGANIZATION","","AZ","AUTHENTICATION_PENDING","SOURCE_DISCOVERY_REQUIRED","false","PENDING","false","false","PHOENIX NARCOTICS / ORGANIZED CRIME UNIT AZ official website","PHOENIX NARCOTICS / ORGANIZED CRIME UNIT AZ contact official"
"BD_BOOK_EXP_00879","PHILADELPHIA GANG / VIOLENT CRIME UNIT","MOTORCYCLE_ORGANIZATION","","PA","AUTHENTICATION_PENDING","SOURCE_DISCOVERY_REQUIRED","false","PENDING","false","false","PHILADELPHIA GANG / VIOLENT CRIME UNIT PA official website","PHILADELPHIA GANG / VIOLENT CRIME UNIT PA contact official"
"BD_BOOK_EXP_00880","PHILADELPHIA NARCOTICS / ORGANIZED CRIME UNIT","MOTORCYCLE_ORGANIZATION","","PA","AUTHENTICATION_PENDING","SOURCE_DISCOVERY_REQUIRED","false","PENDING","false","false","PHILADELPHIA NARCOTICS / ORGANIZED CRIME UNIT PA official website","PHILADELPHIA NARCOTICS / ORGANIZED CRIME UNIT PA contact official"
"BD_BOOK_EXP_00889","SAN ANTONIO GANG / VIOLENT CRIME UNIT","MOTORCYCLE_ORGANIZATION","","TX","AUTHENTICATION_PENDING","SOURCE_DISCOVERY_REQUIRED","false","PENDING","false","false","SAN ANTONIO GANG / VIOLENT CRIME UNIT TX official website","SAN ANTONIO GANG / VIOLENT CRIME UNIT TX contact official"
"BD_BOOK_EXP_00890","SAN ANTONIO NARCOTICS / ORGANIZED CRIME UNIT","MOTORCYCLE_ORGANIZATION","","TX","AUTHENTICATION_PENDING","SOURCE_DISCOVERY_REQUIRED","false","PENDING","false","false","SAN ANTONIO NARCOTICS / ORGANIZED CRIME UNIT TX official website","SAN ANTONIO NARCOTICS / ORGANIZED CRIME UNIT TX contact official"
"BD_BOOK_EXP_00898","SAN DIEGO GANG / VIOLENT CRIME UNIT","MOTORCYCLE_ORGANIZATION","","CA","AUTHENTICATION_PENDING","SOURCE_DISCOVERY_REQUIRED","false","PENDING","false","false","SAN DIEGO GANG / VIOLENT CRIME UNIT CA official website","SAN DIEGO GANG / VIOLENT CRIME UNIT CA contact official"
"BD_BOOK_EXP_00899","SAN DIEGO NARCOTICS / ORGANIZED CRIME UNIT","MOTORCYCLE_ORGANIZATION","","CA","AUTHENTICATION_PENDING","SOURCE_DISCOVERY_REQUIRED","false","PENDING","false","false","SAN DIEGO NARCOTICS / ORGANIZED CRIME UNIT CA official website","SAN DIEGO NARCOTICS / ORGANIZED CRIME UNIT CA contact official"
"BD_BOOK_EXP_00907","DALLAS GANG / VIOLENT CRIME UNIT","MOTORCYCLE_ORGANIZATION","","TX","AUTHENTICATION_PENDING","SOURCE_DISCOVERY_REQUIRED","false","PENDING","false","false","DALLAS GANG / VIOLENT CRIME UNIT TX official website","DALLAS GANG / VIOLENT CRIME UNIT TX contact official"
"BD_BOOK_EXP_00908","DALLAS NARCOTICS / ORGANIZED CRIME UNIT","MOTORCYCLE_ORGANIZATION","","TX","AUTHENTICATION_PENDING","SOURCE_DISCOVERY_REQUIRED","false","PENDING","false","false","DALLAS NARCOTICS / ORGANIZED CRIME UNIT TX official website","DALLAS NARCOTICS / ORGANIZED CRIME UNIT TX contact official"
"BD_BOOK_EXP_00917","SAN JOSE GANG / VIOLENT CRIME UNIT","MOTORCYCLE_ORGANIZATION","","CA","AUTHENTICATION_PENDING","SOURCE_DISCOVERY_REQUIRED","false","PENDING","false","false","SAN JOSE GANG / VIOLENT CRIME UNIT CA official website","SAN JOSE GANG / VIOLENT CRIME UNIT CA contact official"
"BD_BOOK_EXP_00918","SAN JOSE NARCOTICS / ORGANIZED CRIME UNIT","MOTORCYCLE_ORGANIZATION","","CA","AUTHENTICATION_PENDING","SOURCE_DISCOVERY_REQUIRED","false","PENDING","false","false","SAN JOSE NARCOTICS / ORGANIZED CRIME UNIT CA official website","SAN JOSE NARCOTICS / ORGANIZED CRIME UNIT CA contact official"
"BD_BOOK_EXP_00927","AUSTIN GANG / VIOLENT CRIME UNIT","MOTORCYCLE_ORGANIZATION","","TX","AUTHENTICATION_PENDING","SOURCE_DISCOVERY_REQUIRED","false","PENDING","false","false","AUSTIN GANG / VIOLENT CRIME UNIT TX official website","AUSTIN GANG / VIOLENT CRIME UNIT TX contact official"
"BD_BOOK_EXP_00928","AUSTIN NARCOTICS / ORGANIZED CRIME UNIT","MOTORCYCLE_ORGANIZATION","","TX","AUTHENTICATION_PENDING","SOURCE_DISCOVERY_REQUIRED","false","PENDING","false","false","AUSTIN NARCOTICS / ORGANIZED CRIME UNIT TX official website","AUSTIN NARCOTICS / ORGANIZED CRIME UNIT TX contact official"
"BD_BOOK_EXP_00937","JACKSONVILLE GANG / VIOLENT CRIME UNIT","MOTORCYCLE_ORGANIZATION","","FL","AUTHENTICATION_PENDING","SOURCE_DISCOVERY_REQUIRED","false","PENDING","false","false","JACKSONVILLE GANG / VIOLENT CRIME UNIT FL official website","JACKSONVILLE GANG / VIOLENT CRIME UNIT FL contact official"
"BD_BOOK_EXP_00938","JACKSONVILLE NARCOTICS / ORGANIZED CRIME UNIT","MOTORCYCLE_ORGANIZATION","","FL","AUTHENTICATION_PENDING","SOURCE_DISCOVERY_REQUIRED","false","PENDING","false","false","JACKSONVILLE NARCOTICS / ORGANIZED CRIME UNIT FL official website","JACKSONVILLE NARCOTICS / ORGANIZED CRIME UNIT FL contact official"
"BD_BOOK_EXP_00947","FORT WORTH GANG / VIOLENT CRIME UNIT","MOTORCYCLE_ORGANIZATION","","TX","AUTHENTICATION_PENDING","SOURCE_DISCOVERY_REQUIRED","false","PENDING","false","false","FORT WORTH GANG / VIOLENT CRIME UNIT TX official website","FORT WORTH GANG / VIOLENT CRIME UNIT TX contact official"
"BD_BOOK_EXP_00948","FORT WORTH NARCOTICS / ORGANIZED CRIME UNIT","MOTORCYCLE_ORGANIZATION","","TX","AUTHENTICATION_PENDING","SOURCE_DISCOVERY_REQUIRED","false","PENDING","false","false","FORT WORTH NARCOTICS / ORGANIZED CRIME UNIT TX official website","FORT WORTH NARCOTICS / ORGANIZED CRIME UNIT TX contact official"
"BD_BOOK_EXP_00957","COLUMBUS GANG / VIOLENT CRIME UNIT","MOTORCYCLE_ORGANIZATION","","OH","AUTHENTICATION_PENDING","SOURCE_DISCOVERY_REQUIRED","false","PENDING","false","false","COLUMBUS GANG / VIOLENT CRIME UNIT OH official website","COLUMBUS GANG / VIOLENT CRIME UNIT OH contact official"
"BD_BOOK_EXP_00958","COLUMBUS NARCOTICS / ORGANIZED CRIME UNIT","MOTORCYCLE_ORGANIZATION","","OH","AUTHENTICATION_PENDING","SOURCE_DISCOVERY_REQUIRED","false","PENDING","false","false","COLUMBUS NARCOTICS / ORGANIZED CRIME UNIT OH official website","COLUMBUS NARCOTICS / ORGANIZED CRIME UNIT OH contact official"
"BD_BOOK_EXP_00967","CHARLOTTE GANG / VIOLENT CRIME UNIT","MOTORCYCLE_ORGANIZATION","","NC","AUTHENTICATION_PENDING","SOURCE_DISCOVERY_REQUIRED","false","PENDING","false","false","CHARLOTTE GANG / VIOLENT CRIME UNIT NC official website","CHARLOTTE GANG / VIOLENT CRIME UNIT NC contact official"
"BD_BOOK_EXP_00968","CHARLOTTE NARCOTICS / ORGANIZED CRIME UNIT","MOTORCYCLE_ORGANIZATION","","NC","AUTHENTICATION_PENDING","SOURCE_DISCOVERY_REQUIRED","false","PENDING","false","false","CHARLOTTE NARCOTICS / ORGANIZED CRIME UNIT NC official website","CHARLOTTE NARCOTICS / ORGANIZED CRIME UNIT NC contact official"
"BD_BOOK_EXP_00976","SAN FRANCISCO GANG / VIOLENT CRIME UNIT","MOTORCYCLE_ORGANIZATION","","CA","AUTHENTICATION_PENDING","SOURCE_DISCOVERY_REQUIRED","false","PENDING","false","false","SAN FRANCISCO GANG / VIOLENT CRIME UNIT CA official website","SAN FRANCISCO GANG / VIOLENT CRIME UNIT CA contact official"
"BD_BOOK_EXP_00977","SAN FRANCISCO NARCOTICS / ORGANIZED CRIME UNIT","MOTORCYCLE_ORGANIZATION","","CA","AUTHENTICATION_PENDING","SOURCE_DISCOVERY_REQUIRED","false","PENDING","false","false","SAN FRANCISCO NARCOTICS / ORGANIZED CRIME UNIT CA official website","SAN FRANCISCO NARCOTICS / ORGANIZED CRIME UNIT CA contact official"
"BD_BOOK_EXP_00986","INDIANAPOLIS GANG / VIOLENT CRIME UNIT","MOTORCYCLE_ORGANIZATION","","IN","AUTHENTICATION_PENDING","SOURCE_DISCOVERY_REQUIRED","false","PENDING","false","false","INDIANAPOLIS GANG / VIOLENT CRIME UNIT IN official website","INDIANAPOLIS GANG / VIOLENT CRIME UNIT IN contact official"
"BD_BOOK_EXP_00987","INDIANAPOLIS NARCOTICS / ORGANIZED CRIME UNIT","MOTORCYCLE_ORGANIZATION","","IN","AUTHENTICATION_PENDING","SOURCE_DISCOVERY_REQUIRED","false","PENDING","false","false","INDIANAPOLIS NARCOTICS / ORGANIZED CRIME UNIT IN official website","INDIANAPOLIS NARCOTICS / ORGANIZED CRIME UNIT IN contact official"
"BD_BOOK_EXP_00995","SEATTLE GANG / VIOLENT CRIME UNIT","MOTORCYCLE_ORGANIZATION","","WA","AUTHENTICATION_PENDING","SOURCE_DISCOVERY_REQUIRED","false","PENDING","false","false","SEATTLE GANG / VIOLENT CRIME UNIT WA official website","SEATTLE GANG / VIOLENT CRIME UNIT WA contact official"
"BD_BOOK_EXP_00996","SEATTLE NARCOTICS / ORGANIZED CRIME UNIT","MOTORCYCLE_ORGANIZATION","","WA","AUTHENTICATION_PENDING","SOURCE_DISCOVERY_REQUIRED","false","PENDING","false","false","SEATTLE NARCOTICS / ORGANIZED CRIME UNIT WA official website","SEATTLE NARCOTICS / ORGANIZED CRIME UNIT WA contact official"
"BD_BOOK_EXP_01004","DENVER GANG / VIOLENT CRIME UNIT","MOTORCYCLE_ORGANIZATION","","CO","AUTHENTICATION_PENDING","SOURCE_DISCOVERY_REQUIRED","false","PENDING","false","false","DENVER GANG / VIOLENT CRIME UNIT CO official website","DENVER GANG / VIOLENT CRIME UNIT CO contact official"
"BD_BOOK_EXP_01005","DENVER NARCOTICS / ORGANIZED CRIME UNIT","MOTORCYCLE_ORGANIZATION","","CO","AUTHENTICATION_PENDING","SOURCE_DISCOVERY_REQUIRED","false","PENDING","false","false","DENVER NARCOTICS / ORGANIZED CRIME UNIT CO official website","DENVER NARCOTICS / ORGANIZED CRIME UNIT CO contact official"
"BD_BOOK_EXP_01014","WASHINGTON GANG / VIOLENT CRIME UNIT","MOTORCYCLE_ORGANIZATION","","DC","AUTHENTICATION_PENDING","SOURCE_DISCOVERY_REQUIRED","false","PENDING","false","false","WASHINGTON GANG / VIOLENT CRIME UNIT DC official website","WASHINGTON GANG / VIOLENT CRIME UNIT DC contact official"
"BD_BOOK_EXP_01015","WASHINGTON NARCOTICS / ORGANIZED CRIME UNIT","MOTORCYCLE_ORGANIZATION","","DC","AUTHENTICATION_PENDING","SOURCE_DISCOVERY_REQUIRED","false","PENDING","false","false","WASHINGTON NARCOTICS / ORGANIZED CRIME UNIT DC official website","WASHINGTON NARCOTICS / ORGANIZED CRIME UNIT DC contact official"
"BD_BOOK_EXP_01023","BOSTON GANG / VIOLENT CRIME UNIT","MOTORCYCLE_ORGANIZATION","","MA","AUTHENTICATION_PENDING","SOURCE_DISCOVERY_REQUIRED","false","PENDING","false","false","BOSTON GANG / VIOLENT CRIME UNIT MA official website","BOSTON GANG / VIOLENT CRIME UNIT MA contact official"
"BD_BOOK_EXP_01024","BOSTON NARCOTICS / ORGANIZED CRIME UNIT","MOTORCYCLE_ORGANIZATION","","MA","AUTHENTICATION_PENDING","SOURCE_DISCOVERY_REQUIRED","false","PENDING","false","false","BOSTON NARCOTICS / ORGANIZED CRIME UNIT MA official website","BOSTON NARCOTICS / ORGANIZED CRIME UNIT MA contact official"
"BD_BOOK_EXP_01033","EL PASO GANG / VIOLENT CRIME UNIT","MOTORCYCLE_ORGANIZATION","","TX","AUTHENTICATION_PENDING","SOURCE_DISCOVERY_REQUIRED","false","PENDING","false","false","EL PASO GANG / VIOLENT CRIME UNIT TX official website","EL PASO GANG / VIOLENT CRIME UNIT TX contact official"
"BD_BOOK_EXP_01034","EL PASO NARCOTICS / ORGANIZED CRIME UNIT","MOTORCYCLE_ORGANIZATION","","TX","AUTHENTICATION_PENDING","SOURCE_DISCOVERY_REQUIRED","false","PENDING","false","false","EL PASO NARCOTICS / ORGANIZED CRIME UNIT TX official website","EL PASO NARCOTICS / ORGANIZED CRIME UNIT TX contact official"
"BD_BOOK_EXP_01043","NASHVILLE GANG / VIOLENT CRIME UNIT","MOTORCYCLE_ORGANIZATION","","TN","AUTHENTICATION_PENDING","SOURCE_DISCOVERY_REQUIRED","false","PENDING","false","false","NASHVILLE GANG / VIOLENT CRIME UNIT TN official website","NASHVILLE GANG / VIOLENT CRIME UNIT TN contact official"
"BD_BOOK_EXP_01044","NASHVILLE NARCOTICS / ORGANIZED CRIME UNIT","MOTORCYCLE_ORGANIZATION","","TN","AUTHENTICATION_PENDING","SOURCE_DISCOVERY_REQUIRED","false","PENDING","false","false","NASHVILLE NARCOTICS / ORGANIZED CRIME UNIT TN official website","NASHVILLE NARCOTICS / ORGANIZED CRIME UNIT TN contact official"
"BD_BOOK_EXP_01052","DETROIT GANG / VIOLENT CRIME UNIT","MOTORCYCLE_ORGANIZATION","","MI","AUTHENTICATION_PENDING","SOURCE_DISCOVERY_REQUIRED","false","PENDING","false","false","DETROIT GANG / VIOLENT CRIME UNIT MI official website","DETROIT GANG / VIOLENT CRIME UNIT MI contact official"
"BD_BOOK_EXP_01053","DETROIT NARCOTICS / ORGANIZED CRIME UNIT","MOTORCYCLE_ORGANIZATION","","MI","AUTHENTICATION_PENDING","SOURCE_DISCOVERY_REQUIRED","false","PENDING","false","false","DETROIT NARCOTICS / ORGANIZED CRIME UNIT MI official website","DETROIT NARCOTICS / ORGANIZED CRIME UNIT MI contact official"
"BD_BOOK_EXP_01062","OKLAHOMA CITY GANG / VIOLENT CRIME UNIT","MOTORCYCLE_ORGANIZATION","","OK","AUTHENTICATION_PENDING","SOURCE_DISCOVERY_REQUIRED","false","PENDING","false","false","OKLAHOMA CITY GANG / VIOLENT CRIME UNIT OK official website","OKLAHOMA CITY GANG / VIOLENT CRIME UNIT OK contact official"
"BD_BOOK_EXP_01063","OKLAHOMA CITY NARCOTICS / ORGANIZED CRIME UNIT","MOTORCYCLE_ORGANIZATION","","OK","AUTHENTICATION_PENDING","SOURCE_DISCOVERY_REQUIRED","false","PENDING","false","false","OKLAHOMA CITY NARCOTICS / ORGANIZED CRIME UNIT OK official website","OKLAHOMA CITY NARCOTICS / ORGANIZED CRIME UNIT OK contact official"
"BD_BOOK_EXP_01072","PORTLAND GANG / VIOLENT CRIME UNIT","MOTORCYCLE_ORGANIZATION","","OR","AUTHENTICATION_PENDING","SOURCE_DISCOVERY_REQUIRED","false","PENDING","false","false","PORTLAND GANG / VIOLENT CRIME UNIT OR official website","PORTLAND GANG / VIOLENT CRIME UNIT OR contact official"
"BD_BOOK_EXP_01073","PORTLAND NARCOTICS / ORGANIZED CRIME UNIT","MOTORCYCLE_ORGANIZATION","","OR","AUTHENTICATION_PENDING","SOURCE_DISCOVERY_REQUIRED","false","PENDING","false","false","PORTLAND NARCOTICS / ORGANIZED CRIME UNIT OR official website","PORTLAND NARCOTICS / ORGANIZED CRIME UNIT OR contact official"
"BD_BOOK_EXP_01082","LAS VEGAS GANG / VIOLENT CRIME UNIT","MOTORCYCLE_ORGANIZATION","","NV","AUTHENTICATION_PENDING","SOURCE_DISCOVERY_REQUIRED","false","PENDING","false","false","LAS VEGAS GANG / VIOLENT CRIME UNIT NV official website","LAS VEGAS GANG / VIOLENT CRIME UNIT NV contact official"
"BD_BOOK_EXP_01083","LAS VEGAS NARCOTICS / ORGANIZED CRIME UNIT","MOTORCYCLE_ORGANIZATION","","NV","AUTHENTICATION_PENDING","SOURCE_DISCOVERY_REQUIRED","false","PENDING","false","false","LAS VEGAS NARCOTICS / ORGANIZED CRIME UNIT NV official website","LAS VEGAS NARCOTICS / ORGANIZED CRIME UNIT NV contact official"
"BD_BOOK_EXP_01092","MEMPHIS GANG / VIOLENT CRIME UNIT","MOTORCYCLE_ORGANIZATION","","TN","AUTHENTICATION_PENDING","SOURCE_DISCOVERY_REQUIRED","false","PENDING","false","false","MEMPHIS GANG / VIOLENT CRIME UNIT TN official website","MEMPHIS GANG / VIOLENT CRIME UNIT TN contact official"
"BD_BOOK_EXP_01093","MEMPHIS NARCOTICS / ORGANIZED CRIME UNIT","MOTORCYCLE_ORGANIZATION","","TN","AUTHENTICATION_PENDING","SOURCE_DISCOVERY_REQUIRED","false","PENDING","false","false","MEMPHIS NARCOTICS / ORGANIZED CRIME UNIT TN official website","MEMPHIS NARCOTICS / ORGANIZED CRIME UNIT TN contact official"
"BD_BOOK_EXP_01102","LOUISVILLE GANG / VIOLENT CRIME UNIT","MOTORCYCLE_ORGANIZATION","","KY","AUTHENTICATION_PENDING","SOURCE_DISCOVERY_REQUIRED","false","PENDING","false","false","LOUISVILLE GANG / VIOLENT CRIME UNIT KY official website","LOUISVILLE GANG / VIOLENT CRIME UNIT KY contact official"
"BD_BOOK_EXP_01103","LOUISVILLE NARCOTICS / ORGANIZED CRIME UNIT","MOTORCYCLE_ORGANIZATION","","KY","AUTHENTICATION_PENDING","SOURCE_DISCOVERY_REQUIRED","false","PENDING","false","false","LOUISVILLE NARCOTICS / ORGANIZED CRIME UNIT KY official website","LOUISVILLE NARCOTICS / ORGANIZED CRIME UNIT KY contact official"
"BD_BOOK_EXP_01112","BALTIMORE GANG / VIOLENT CRIME UNIT","MOTORCYCLE_ORGANIZATION","","MD","AUTHENTICATION_PENDING","SOURCE_DISCOVERY_REQUIRED","false","PENDING","false","false","BALTIMORE GANG / VIOLENT CRIME UNIT MD official website","BALTIMORE GANG / VIOLENT CRIME UNIT MD contact official"
"BD_BOOK_EXP_01113","BALTIMORE NARCOTICS / ORGANIZED CRIME UNIT","MOTORCYCLE_ORGANIZATION","","MD","AUTHENTICATION_PENDING","SOURCE_DISCOVERY_REQUIRED","false","PENDING","false","false","BALTIMORE NARCOTICS / ORGANIZED CRIME UNIT MD official website","BALTIMORE NARCOTICS / ORGANIZED CRIME UNIT MD contact official"
"BD_BOOK_EXP_01122","MILWAUKEE GANG / VIOLENT CRIME UNIT","MOTORCYCLE_ORGANIZATION","","WI","AUTHENTICATION_PENDING","SOURCE_DISCOVERY_REQUIRED","false","PENDING","false","false","MILWAUKEE GANG / VIOLENT CRIME UNIT WI official website","MILWAUKEE GANG / VIOLENT CRIME UNIT WI contact official"
"BD_BOOK_EXP_01123","MILWAUKEE NARCOTICS / ORGANIZED CRIME UNIT","MOTORCYCLE_ORGANIZATION","","WI","AUTHENTICATION_PENDING","SOURCE_DISCOVERY_REQUIRED","false","PENDING","false","false","MILWAUKEE NARCOTICS / ORGANIZED CRIME UNIT WI official website","MILWAUKEE NARCOTICS / ORGANIZED CRIME UNIT WI contact official"
"BD_BOOK_EXP_01132","ALBUQUERQUE GANG / VIOLENT CRIME UNIT","MOTORCYCLE_ORGANIZATION","","NM","AUTHENTICATION_PENDING","SOURCE_DISCOVERY_REQUIRED","false","PENDING","false","false","ALBUQUERQUE GANG / VIOLENT CRIME UNIT NM official website","ALBUQUERQUE GANG / VIOLENT CRIME UNIT NM contact official"
"BD_BOOK_EXP_01133","ALBUQUERQUE NARCOTICS / ORGANIZED CRIME UNIT","MOTORCYCLE_ORGANIZATION","","NM","AUTHENTICATION_PENDING","SOURCE_DISCOVERY_REQUIRED","false","PENDING","false","false","ALBUQUERQUE NARCOTICS / ORGANIZED CRIME UNIT NM official website","ALBUQUERQUE NARCOTICS / ORGANIZED CRIME UNIT NM contact official"
"BD_BOOK_EXP_01141","TUCSON GANG / VIOLENT CRIME UNIT","MOTORCYCLE_ORGANIZATION","","AZ","AUTHENTICATION_PENDING","SOURCE_DISCOVERY_REQUIRED","false","PENDING","false","false","TUCSON GANG / VIOLENT CRIME UNIT AZ official website","TUCSON GANG / VIOLENT CRIME UNIT AZ contact official"
"BD_BOOK_EXP_01142","TUCSON NARCOTICS / ORGANIZED CRIME UNIT","MOTORCYCLE_ORGANIZATION","","AZ","AUTHENTICATION_PENDING","SOURCE_DISCOVERY_REQUIRED","false","PENDING","false","false","TUCSON NARCOTICS / ORGANIZED CRIME UNIT AZ official website","TUCSON NARCOTICS / ORGANIZED CRIME UNIT AZ contact official"
"BD_BOOK_EXP_01151","FRESNO GANG / VIOLENT CRIME UNIT","MOTORCYCLE_ORGANIZATION","","CA","AUTHENTICATION_PENDING","SOURCE_DISCOVERY_REQUIRED","false","PENDING","false","false","FRESNO GANG / VIOLENT CRIME UNIT CA official website","FRESNO GANG / VIOLENT CRIME UNIT CA contact official"
"BD_BOOK_EXP_01152","FRESNO NARCOTICS / ORGANIZED CRIME UNIT","MOTORCYCLE_ORGANIZATION","","CA","AUTHENTICATION_PENDING","SOURCE_DISCOVERY_REQUIRED","false","PENDING","false","false","FRESNO NARCOTICS / ORGANIZED CRIME UNIT CA official website","FRESNO NARCOTICS / ORGANIZED CRIME UNIT CA contact official"
"BD_BOOK_EXP_01161","SACRAMENTO GANG / VIOLENT CRIME UNIT","MOTORCYCLE_ORGANIZATION","","CA","AUTHENTICATION_PENDING","SOURCE_DISCOVERY_REQUIRED","false","PENDING","false","false","SACRAMENTO GANG / VIOLENT CRIME UNIT CA official website","SACRAMENTO GANG / VIOLENT CRIME UNIT CA contact official"
"BD_BOOK_EXP_01162","SACRAMENTO NARCOTICS / ORGANIZED CRIME UNIT","MOTORCYCLE_ORGANIZATION","","CA","AUTHENTICATION_PENDING","SOURCE_DISCOVERY_REQUIRED","false","PENDING","false","false","SACRAMENTO NARCOTICS / ORGANIZED CRIME UNIT CA official website","SACRAMENTO NARCOTICS / ORGANIZED CRIME UNIT CA contact official"
"BD_BOOK_EXP_01170","MESA GANG / VIOLENT CRIME UNIT","MOTORCYCLE_ORGANIZATION","","AZ","AUTHENTICATION_PENDING","SOURCE_DISCOVERY_REQUIRED","false","PENDING","false","false","MESA GANG / VIOLENT CRIME UNIT AZ official website","MESA GANG / VIOLENT CRIME UNIT AZ contact official"
"BD_BOOK_EXP_01171","MESA NARCOTICS / ORGANIZED CRIME UNIT","MOTORCYCLE_ORGANIZATION","","AZ","AUTHENTICATION_PENDING","SOURCE_DISCOVERY_REQUIRED","false","PENDING","false","false","MESA NARCOTICS / ORGANIZED CRIME UNIT AZ official website","MESA NARCOTICS / ORGANIZED CRIME UNIT AZ contact official"
"BD_BOOK_EXP_01179","KANSAS CITY GANG / VIOLENT CRIME UNIT","MOTORCYCLE_ORGANIZATION","","MO","AUTHENTICATION_PENDING","SOURCE_DISCOVERY_REQUIRED","false","PENDING","false","false","KANSAS CITY GANG / VIOLENT CRIME UNIT MO official website","KANSAS CITY GANG / VIOLENT CRIME UNIT MO contact official"
"BD_BOOK_EXP_01180","KANSAS CITY NARCOTICS / ORGANIZED CRIME UNIT","MOTORCYCLE_ORGANIZATION","","MO","AUTHENTICATION_PENDING","SOURCE_DISCOVERY_REQUIRED","false","PENDING","false","false","KANSAS CITY NARCOTICS / ORGANIZED CRIME UNIT MO official website","KANSAS CITY NARCOTICS / ORGANIZED CRIME UNIT MO contact official"
"BD_BOOK_EXP_01188","ATLANTA GANG / VIOLENT CRIME UNIT","MOTORCYCLE_ORGANIZATION","","GA","AUTHENTICATION_PENDING","SOURCE_DISCOVERY_REQUIRED","false","PENDING","false","false","ATLANTA GANG / VIOLENT CRIME UNIT GA official website","ATLANTA GANG / VIOLENT CRIME UNIT GA contact official"
"BD_BOOK_EXP_01189","ATLANTA NARCOTICS / ORGANIZED CRIME UNIT","MOTORCYCLE_ORGANIZATION","","GA","AUTHENTICATION_PENDING","SOURCE_DISCOVERY_REQUIRED","false","PENDING","false","false","ATLANTA NARCOTICS / ORGANIZED CRIME UNIT GA official website","ATLANTA NARCOTICS / ORGANIZED CRIME UNIT GA contact official"
"BD_BOOK_EXP_01198","COLORADO SPRINGS GANG / VIOLENT CRIME UNIT","MOTORCYCLE_ORGANIZATION","","CO","AUTHENTICATION_PENDING","SOURCE_DISCOVERY_REQUIRED","false","PENDING","false","false","COLORADO SPRINGS GANG / VIOLENT CRIME UNIT CO official website","COLORADO SPRINGS GANG / VIOLENT CRIME UNIT CO contact official"
"BD_BOOK_EXP_01199","COLORADO SPRINGS NARCOTICS / ORGANIZED CRIME UNIT","MOTORCYCLE_ORGANIZATION","","CO","AUTHENTICATION_PENDING","SOURCE_DISCOVERY_REQUIRED","false","PENDING","false","false","COLORADO SPRINGS NARCOTICS / ORGANIZED CRIME UNIT CO official website","COLORADO SPRINGS NARCOTICS / ORGANIZED CRIME UNIT CO contact official"
"BD_BOOK_EXP_01208","OMAHA GANG / VIOLENT CRIME UNIT","MOTORCYCLE_ORGANIZATION","","NE","AUTHENTICATION_PENDING","SOURCE_DISCOVERY_REQUIRED","false","PENDING","false","false","OMAHA GANG / VIOLENT CRIME UNIT NE official website","OMAHA GANG / VIOLENT CRIME UNIT NE contact official"
"BD_BOOK_EXP_01209","OMAHA NARCOTICS / ORGANIZED CRIME UNIT","MOTORCYCLE_ORGANIZATION","","NE","AUTHENTICATION_PENDING","SOURCE_DISCOVERY_REQUIRED","false","PENDING","false","false","OMAHA NARCOTICS / ORGANIZED CRIME UNIT NE official website","OMAHA NARCOTICS / ORGANIZED CRIME UNIT NE contact official"
"BD_BOOK_EXP_01218","RALEIGH GANG / VIOLENT CRIME UNIT","MOTORCYCLE_ORGANIZATION","","NC","AUTHENTICATION_PENDING","SOURCE_DISCOVERY_REQUIRED","false","PENDING","false","false","RALEIGH GANG / VIOLENT CRIME UNIT NC official website","RALEIGH GANG / VIOLENT CRIME UNIT NC contact official"
"BD_BOOK_EXP_01219","RALEIGH NARCOTICS / ORGANIZED CRIME UNIT","MOTORCYCLE_ORGANIZATION","","NC","AUTHENTICATION_PENDING","SOURCE_DISCOVERY_REQUIRED","false","PENDING","false","false","RALEIGH NARCOTICS / ORGANIZED CRIME UNIT NC official website","RALEIGH NARCOTICS / ORGANIZED CRIME UNIT NC contact official"
"BD_BOOK_EXP_01228","MIAMI GANG / VIOLENT CRIME UNIT","MOTORCYCLE_ORGANIZATION","","FL","AUTHENTICATION_PENDING","SOURCE_DISCOVERY_REQUIRED","false","PENDING","false","false","MIAMI GANG / VIOLENT CRIME UNIT FL official website","MIAMI GANG / VIOLENT CRIME UNIT FL contact official"
"BD_BOOK_EXP_01229","MIAMI NARCOTICS / ORGANIZED CRIME UNIT","MOTORCYCLE_ORGANIZATION","","FL","AUTHENTICATION_PENDING","SOURCE_DISCOVERY_REQUIRED","false","PENDING","false","false","MIAMI NARCOTICS / ORGANIZED CRIME UNIT FL official website","MIAMI NARCOTICS / ORGANIZED CRIME UNIT FL contact official"
"BD_BOOK_EXP_01238","LONG BEACH GANG / VIOLENT CRIME UNIT","MOTORCYCLE_ORGANIZATION","","CA","AUTHENTICATION_PENDING","SOURCE_DISCOVERY_REQUIRED","false","PENDING","false","false","LONG BEACH GANG / VIOLENT CRIME UNIT CA official website","LONG BEACH GANG / VIOLENT CRIME UNIT CA contact official"
"BD_BOOK_EXP_01239","LONG BEACH NARCOTICS / ORGANIZED CRIME UNIT","MOTORCYCLE_ORGANIZATION","","CA","AUTHENTICATION_PENDING","SOURCE_DISCOVERY_REQUIRED","false","PENDING","false","false","LONG BEACH NARCOTICS / ORGANIZED CRIME UNIT CA official website","LONG BEACH NARCOTICS / ORGANIZED CRIME UNIT CA contact official"
"BD_BOOK_EXP_01248","VIRGINIA BEACH GANG / VIOLENT CRIME UNIT","MOTORCYCLE_ORGANIZATION","","VA","AUTHENTICATION_PENDING","SOURCE_DISCOVERY_REQUIRED","false","PENDING","false","false","VIRGINIA BEACH GANG / VIOLENT CRIME UNIT VA official website","VIRGINIA BEACH GANG / VIOLENT CRIME UNIT VA contact official"
"BD_BOOK_EXP_01249","VIRGINIA BEACH NARCOTICS / ORGANIZED CRIME UNIT","MOTORCYCLE_ORGANIZATION","","VA","AUTHENTICATION_PENDING","SOURCE_DISCOVERY_REQUIRED","false","PENDING","false","false","VIRGINIA BEACH NARCOTICS / ORGANIZED CRIME UNIT VA official website","VIRGINIA BEACH NARCOTICS / ORGANIZED CRIME UNIT VA contact official"
"BD_BOOK_EXP_01258","OAKLAND GANG / VIOLENT CRIME UNIT","MOTORCYCLE_ORGANIZATION","","CA","AUTHENTICATION_PENDING","SOURCE_DISCOVERY_REQUIRED","false","PENDING","false","false","OAKLAND GANG / VIOLENT CRIME UNIT CA official website","OAKLAND GANG / VIOLENT CRIME UNIT CA contact official"
"BD_BOOK_EXP_01259","OAKLAND NARCOTICS / ORGANIZED CRIME UNIT","MOTORCYCLE_ORGANIZATION","","CA","AUTHENTICATION_PENDING","SOURCE_DISCOVERY_REQUIRED","false","PENDING","false","false","OAKLAND NARCOTICS / ORGANIZED CRIME UNIT CA official website","OAKLAND NARCOTICS / ORGANIZED CRIME UNIT CA contact official"
"BD_BOOK_EXP_01267","MINNEAPOLIS GANG / VIOLENT CRIME UNIT","MOTORCYCLE_ORGANIZATION","","MN","AUTHENTICATION_PENDING","SOURCE_DISCOVERY_REQUIRED","false","PENDING","false","false","MINNEAPOLIS GANG / VIOLENT CRIME UNIT MN official website","MINNEAPOLIS GANG / VIOLENT CRIME UNIT MN contact official"
"BD_BOOK_EXP_01268","MINNEAPOLIS NARCOTICS / ORGANIZED CRIME UNIT","MOTORCYCLE_ORGANIZATION","","MN","AUTHENTICATION_PENDING","SOURCE_DISCOVERY_REQUIRED","false","PENDING","false","false","MINNEAPOLIS NARCOTICS / ORGANIZED CRIME UNIT MN official website","MINNEAPOLIS NARCOTICS / ORGANIZED CRIME UNIT MN contact official"
"BD_BOOK_EXP_01277","TULSA GANG / VIOLENT CRIME UNIT","MOTORCYCLE_ORGANIZATION","","OK","AUTHENTICATION_PENDING","SOURCE_DISCOVERY_REQUIRED","false","PENDING","false","false","TULSA GANG / VIOLENT CRIME UNIT OK official website","TULSA GANG / VIOLENT CRIME UNIT OK contact official"
"BD_BOOK_EXP_01278","TULSA NARCOTICS / ORGANIZED CRIME UNIT","MOTORCYCLE_ORGANIZATION","","OK","AUTHENTICATION_PENDING","SOURCE_DISCOVERY_REQUIRED","false","PENDING","false","false","TULSA NARCOTICS / ORGANIZED CRIME UNIT OK official website","TULSA NARCOTICS / ORGANIZED CRIME UNIT OK contact official"
"BD_BOOK_EXP_01287","TAMPA GANG / VIOLENT CRIME UNIT","MOTORCYCLE_ORGANIZATION","","FL","AUTHENTICATION_PENDING","SOURCE_DISCOVERY_REQUIRED","false","PENDING","false","false","TAMPA GANG / VIOLENT CRIME UNIT FL official website","TAMPA GANG / VIOLENT CRIME UNIT FL contact official"
"BD_BOOK_EXP_01288","TAMPA NARCOTICS / ORGANIZED CRIME UNIT","MOTORCYCLE_ORGANIZATION","","FL","AUTHENTICATION_PENDING","SOURCE_DISCOVERY_REQUIRED","false","PENDING","false","false","TAMPA NARCOTICS / ORGANIZED CRIME UNIT FL official website","TAMPA NARCOTICS / ORGANIZED CRIME UNIT FL contact official"
"BD_BOOK_EXP_01297","ARLINGTON GANG / VIOLENT CRIME UNIT","MOTORCYCLE_ORGANIZATION","","TX","AUTHENTICATION_PENDING","SOURCE_DISCOVERY_REQUIRED","false","PENDING","false","false","ARLINGTON GANG / VIOLENT CRIME UNIT TX official website","ARLINGTON GANG / VIOLENT CRIME UNIT TX contact official"
"BD_BOOK_EXP_01298","ARLINGTON NARCOTICS / ORGANIZED CRIME UNIT","MOTORCYCLE_ORGANIZATION","","TX","AUTHENTICATION_PENDING","SOURCE_DISCOVERY_REQUIRED","false","PENDING","false","false","ARLINGTON NARCOTICS / ORGANIZED CRIME UNIT TX official website","ARLINGTON NARCOTICS / ORGANIZED CRIME UNIT TX contact official"
"BD_BOOK_EXP_01307","NEW ORLEANS GANG / VIOLENT CRIME UNIT","MOTORCYCLE_ORGANIZATION","","LA","AUTHENTICATION_PENDING","SOURCE_DISCOVERY_REQUIRED","false","PENDING","false","false","NEW ORLEANS GANG / VIOLENT CRIME UNIT LA official website","NEW ORLEANS GANG / VIOLENT CRIME UNIT LA contact official"
"BD_BOOK_EXP_01308","NEW ORLEANS NARCOTICS / ORGANIZED CRIME UNIT","MOTORCYCLE_ORGANIZATION","","LA","AUTHENTICATION_PENDING","SOURCE_DISCOVERY_REQUIRED","false","PENDING","false","false","NEW ORLEANS NARCOTICS / ORGANIZED CRIME UNIT LA official website","NEW ORLEANS NARCOTICS / ORGANIZED CRIME UNIT LA contact official"