"FullName","Name","Length","LastWriteTime"
"C:\Dev\Nexus_MASTER\.gitignore",".gitignore","71","10/12/2025 8:22:07 AM"
"C:\Dev\Nexus_MASTER\_archive","_archive",,"4/16/2026 8:00:26 PM"
"C:\Dev\Nexus_MASTER\_archive\src_legacy","src_legacy",,"4/16/2026 8:00:26 PM"
"C:\Dev\Nexus_MASTER\_archive\src_legacy\colorforge,js.js","colorforge,js.js","2763","11/16/2025 8:08:09 PM"
"C:\Dev\Nexus_MASTER\_archive\src_legacy\colorforge.js","colorforge.js","2763","11/18/2025 9:40:51 PM"
"C:\Dev\Nexus_MASTER\_archive\src_legacy\globe.js","globe.js","8116","1/23/2026 7:59:00 PM"
"C:\Dev\Nexus_MASTER\_archive\src_legacy\heatmap.js","heatmap.js","3708","10/25/2025 8:51:46 PM"
"C:\Dev\Nexus_MASTER\_archive\src_legacy\New Text Document.txt","New Text Document.txt","0","10/25/2025 9:19:12 PM"
"C:\Dev\Nexus_MASTER\_archive\src_legacy\public_legacy","public_legacy",,"4/16/2026 8:00:29 PM"
"C:\Dev\Nexus_MASTER\_archive\src_legacy\shader_veins.js","shader_veins.js","3419","1/10/2026 12:47:00 PM"
"C:\Dev\Nexus_MASTER\_archive\src_legacy\style.css","style.css","3488","10/25/2025 8:20:24 PM"
"C:\Dev\Nexus_MASTER\_archive\src_legacy\telemetry.LEGACY.DO_NOT_USE.js","telemetry.LEGACY.DO_NOT_USE.js","8918","2/7/2026 3:51:57 PM"
"C:\Dev\Nexus_MASTER\_archive\src_legacy\ui.LEGACY.DO_NOT_USE.js","ui.LEGACY.DO_NOT_USE.js","4804","2/7/2026 3:52:14 PM"
"C:\Dev\Nexus_MASTER\_archive\src_legacy\ui-panels.js","ui-panels.js","2027","10/25/2025 8:23:55 PM"
"C:\Dev\Nexus_MASTER\ACTUAL_FILES.txt","ACTUAL_FILES.txt","25162","12/26/2025 8:00:08 PM"
"C:\Dev\Nexus_MASTER\backups","backups",,"5/4/2026 9:55:34 PM"
"C:\Dev\Nexus_MASTER\backups\black_dragon_final_lock_20260504_215525","black_dragon_final_lock_20260504_215525",,"5/4/2026 9:55:25 PM"
"C:\Dev\Nexus_MASTER\backups\black_dragon_final_lock_20260504_215525\backup_manifest.json","backup_manifest.json","202","5/4/2026 9:55:25 PM"
"C:\Dev\Nexus_MASTER\backups\black_dragon_final_lock_20260504_215525\data_black_dragon","data_black_dragon",,"5/4/2026 9:55:25 PM"
"C:\Dev\Nexus_MASTER\backups\black_dragon_final_lock_20260504_215525\data_black_dragon\agency_websites.json","agency_websites.json","34463","5/2/2026 11:01:05 AM"
"C:\Dev\Nexus_MASTER\backups\black_dragon_final_lock_20260504_215525\data_black_dragon\black_dragon_city_coverage_report.v1.json","black_dragon_city_coverage_report.v1.json","53383","5/2/2026 9:55:52 AM"
"C:\Dev\Nexus_MASTER\backups\black_dragon_final_lock_20260504_215525\data_black_dragon\black_dragon_city_expansion_candidates.v1.json","black_dragon_city_expansion_candidates.v1.json","92237","5/2/2026 11:10:27 AM"
"C:\Dev\Nexus_MASTER\backups\black_dragon_final_lock_20260504_215525\data_black_dragon\black_dragon_city_index.json","black_dragon_city_index.json","13868","5/1/2026 7:04:54 PM"
"C:\Dev\Nexus_MASTER\backups\black_dragon_final_lock_20260504_215525\data_black_dragon\black_dragon_enrichment_rules.v1.json","black_dragon_enrichment_rules.v1.json","5892","5/1/2026 7:19:12 PM"
"C:\Dev\Nexus_MASTER\backups\black_dragon_final_lock_20260504_215525\data_black_dragon\black_dragon_leads_master.backup_1777682182211.json","black_dragon_leads_master.backup_1777682182211.json","29475","5/1/2026 5:36:22 PM"
"C:\Dev\Nexus_MASTER\backups\black_dragon_final_lock_20260504_215525\data_black_dragon\black_dragon_leads_master.backup_1777685748719.json","black_dragon_leads_master.backup_1777685748719.json","55681","5/1/2026 6:35:48 PM"
"C:\Dev\Nexus_MASTER\backups\black_dragon_final_lock_20260504_215525\data_black_dragon\black_dragon_leads_master.json","black_dragon_leads_master.json","54844","5/1/2026 6:35:48 PM"
"C:\Dev\Nexus_MASTER\backups\black_dragon_final_lock_20260504_215525\data_black_dragon\black_dragon_live_account.clean.json","black_dragon_live_account.clean.json","264251","5/2/2026 6:37:39 PM"
"C:\Dev\Nexus_MASTER\backups\black_dragon_final_lock_20260504_215525\data_black_dragon\black_dragon_live_account.json","black_dragon_live_account.json","639281","5/2/2026 5:00:07 PM"
"C:\Dev\Nexus_MASTER\backups\black_dragon_final_lock_20260504_215525\data_black_dragon\black_dragon_major_city_targets.expanded_review.v1.json","black_dragon_major_city_targets.expanded_review.v1.json","110955","5/2/2026 11:25:39 AM"
"C:\Dev\Nexus_MASTER\backups\black_dragon_final_lock_20260504_215525\data_black_dragon\black_dragon_major_city_targets.phase2_plus_ca_fl.v1.json","black_dragon_major_city_targets.phase2_plus_ca_fl.v1.json","182358","5/2/2026 1:19:19 PM"
"C:\Dev\Nexus_MASTER\backups\black_dragon_final_lock_20260504_215525\data_black_dragon\black_dragon_major_city_targets.phase2_review.v1.json","black_dragon_major_city_targets.phase2_review.v1.json","125544","5/2/2026 12:38:37 PM"
"C:\Dev\Nexus_MASTER\backups\black_dragon_final_lock_20260504_215525\data_black_dragon\black_dragon_major_city_targets.v1.json","black_dragon_major_city_targets.v1.json","22579","5/2/2026 10:34:28 AM"
"C:\Dev\Nexus_MASTER\backups\black_dragon_final_lock_20260504_215525\data_black_dragon\black_dragon_pass3_expanded_targets.json","black_dragon_pass3_expanded_targets.json","1330735","5/2/2026 6:58:41 PM"
"C:\Dev\Nexus_MASTER\backups\black_dragon_final_lock_20260504_215525\data_black_dragon\black_dragon_pass3_ranked_locked.json","black_dragon_pass3_ranked_locked.json","1634385","5/2/2026 7:27:07 PM"
"C:\Dev\Nexus_MASTER\backups\black_dragon_final_lock_20260504_215525\data_black_dragon\black_dragon_pass4_outreach_enabled.json","black_dragon_pass4_outreach_enabled.json","1937965","5/2/2026 7:35:37 PM"
"C:\Dev\Nexus_MASTER\backups\black_dragon_final_lock_20260504_215525\data_black_dragon\black_dragon_source_registry.v1.json","black_dragon_source_registry.v1.json","11692","5/1/2026 7:48:00 PM"
"C:\Dev\Nexus_MASTER\backups\black_dragon_final_lock_20260504_215525\data_black_dragon\black_dragon_state_agency_directory_registry.v1.json","black_dragon_state_agency_directory_registry.v1.json","9373","5/2/2026 12:54:22 PM"
"C:\Dev\Nexus_MASTER\backups\black_dragon_final_lock_20260504_215525\data_black_dragon\black_dragon_top50_coverage_report.v1.json","black_dragon_top50_coverage_report.v1.json","39594","5/2/2026 9:50:25 AM"
"C:\Dev\Nexus_MASTER\backups\black_dragon_final_lock_20260504_215525\data_black_dragon\black_dragon_view_model.v1.json","black_dragon_view_model.v1.json","5017","5/1/2026 7:29:10 PM"
"C:\Dev\Nexus_MASTER\backups\black_dragon_final_lock_20260504_215525\data_black_dragon\build_target_output_layer.js","build_target_output_layer.js","2299","5/4/2026 7:19:20 PM"
"C:\Dev\Nexus_MASTER\backups\black_dragon_final_lock_20260504_215525\data_black_dragon\contact_candidate_collector_log.json","contact_candidate_collector_log.json","397","5/4/2026 8:15:34 PM"
"C:\Dev\Nexus_MASTER\backups\black_dragon_final_lock_20260504_215525\data_black_dragon\contact_candidate_review_shortlist.json","contact_candidate_review_shortlist.json","232681","5/4/2026 8:24:12 PM"
"C:\Dev\Nexus_MASTER\backups\black_dragon_final_lock_20260504_215525\data_black_dragon\contact_candidates.json","contact_candidates.json","799146","5/4/2026 8:15:34 PM"
"C:\Dev\Nexus_MASTER\backups\black_dragon_final_lock_20260504_215525\data_black_dragon\contact_enriched_targets.json","contact_enriched_targets.json","2226104","5/4/2026 9:45:10 PM"
"C:\Dev\Nexus_MASTER\backups\black_dragon_final_lock_20260504_215525\data_black_dragon\contact_enrichment_log.json","contact_enrichment_log.json","327","5/4/2026 9:45:10 PM"
"C:\Dev\Nexus_MASTER\backups\black_dragon_final_lock_20260504_215525\data_black_dragon\enrichment_queue.json","enrichment_queue.json","2134787","5/4/2026 9:45:10 PM"
"C:\Dev\Nexus_MASTER\backups\black_dragon_final_lock_20260504_215525\data_black_dragon\manual_contact_overrides.json","manual_contact_overrides.json","94641","5/4/2026 9:45:03 PM"
"C:\Dev\Nexus_MASTER\backups\black_dragon_final_lock_20260504_215525\data_black_dragon\outreach_shortlist.json","outreach_shortlist.json","1223","5/4/2026 9:31:51 PM"
"C:\Dev\Nexus_MASTER\backups\black_dragon_final_lock_20260504_215525\data_black_dragon\questionnaire.json","questionnaire.json","850","5/1/2026 5:08:29 PM"
"C:\Dev\Nexus_MASTER\backups\black_dragon_final_lock_20260504_215525\data_black_dragon\ready_targets.json","ready_targets.json","2","5/4/2026 9:45:10 PM"
"C:\Dev\Nexus_MASTER\backups\black_dragon_final_lock_20260504_215525\data_black_dragon\scored_targets.json","scored_targets.json","144841","5/2/2026 2:58:00 PM"
"C:\Dev\Nexus_MASTER\backups\black_dragon_final_lock_20260504_215525\data_black_dragon\source_cache","source_cache",,"5/4/2026 9:55:25 PM"
"C:\Dev\Nexus_MASTER\backups\black_dragon_final_lock_20260504_215525\data_black_dragon\source_cache\hifld_local_law_enforcement_locations.authority_targets.json","hifld_local_law_enforcement_locations.authority_targets.json","118813","5/2/2026 9:07:15 AM"
"C:\Dev\Nexus_MASTER\backups\black_dragon_final_lock_20260504_215525\data_black_dragon\source_cache\hifld_local_law_enforcement_locations.cache.json","hifld_local_law_enforcement_locations.cache.json","1293","5/1/2026 8:41:46 PM"
"C:\Dev\Nexus_MASTER\backups\black_dragon_final_lock_20260504_215525\data_black_dragon\source_cache\hifld_local_law_enforcement_locations.candidates.json","hifld_local_law_enforcement_locations.candidates.json","3411925","5/1/2026 8:53:35 PM"
"C:\Dev\Nexus_MASTER\backups\black_dragon_final_lock_20260504_215525\data_black_dragon\source_cache\hifld_local_law_enforcement_locations.consolidated_entities.json","hifld_local_law_enforcement_locations.consolidated_entities.json","568463","5/2/2026 8:56:37 AM"
"C:\Dev\Nexus_MASTER\backups\black_dragon_final_lock_20260504_215525\data_black_dragon\source_cache\hifld_local_law_enforcement_locations.geojson","hifld_local_law_enforcement_locations.geojson","2495466","5/1/2026 8:41:46 PM"
"C:\Dev\Nexus_MASTER\backups\black_dragon_final_lock_20260504_215525\data_black_dragon\source_cache\hifld_local_law_enforcement_locations.import_candidates.json","hifld_local_law_enforcement_locations.import_candidates.json","821906","5/1/2026 9:02:53 PM"
"C:\Dev\Nexus_MASTER\backups\black_dragon_final_lock_20260504_215525\data_black_dragon\source_cache\hifld_local_law_enforcement_locations.priority_review.json","hifld_local_law_enforcement_locations.priority_review.json","3724421","5/1/2026 8:57:50 PM"
"C:\Dev\Nexus_MASTER\backups\black_dragon_final_lock_20260504_215525\data_black_dragon\source_cache\hifld_local_law_enforcement_locations.validated_targets.json","hifld_local_law_enforcement_locations.validated_targets.json","131328","5/2/2026 9:16:11 AM"
"C:\Dev\Nexus_MASTER\backups\black_dragon_final_lock_20260504_215525\data_black_dragon\source_cache\source_cache_manifest.json","source_cache_manifest.json","5308","5/1/2026 8:41:46 PM"
"C:\Dev\Nexus_MASTER\backups\black_dragon_final_lock_20260504_215525\data_black_dragon\source_cache\state_directories","state_directories",,"5/4/2026 9:55:25 PM"
"C:\Dev\Nexus_MASTER\backups\black_dragon_final_lock_20260504_215525\data_black_dragon\source_cache\state_directories\az_acjc_statewide_agency_directory.cache.json","az_acjc_statewide_agency_directory.cache.json","640","5/2/2026 12:54:25 PM"
"C:\Dev\Nexus_MASTER\backups\black_dragon_final_lock_20260504_215525\data_black_dragon\source_cache\state_directories\az_acjc_statewide_agency_directory.candidates.json","az_acjc_statewide_agency_directory.candidates.json","135538","5/2/2026 2:44:58 PM"
"C:\Dev\Nexus_MASTER\backups\black_dragon_final_lock_20260504_215525\data_black_dragon\source_cache\state_directories\az_acjc_statewide_agency_directory.html","az_acjc_statewide_agency_directory.html","69796","5/3/2026 11:05:04 AM"
"C:\Dev\Nexus_MASTER\backups\black_dragon_final_lock_20260504_215525\data_black_dragon\source_cache\state_directories\az_acjc_statewide_agency_directory.merged.html","az_acjc_statewide_agency_directory.merged.html","69797","5/2/2026 2:44:58 PM"
"C:\Dev\Nexus_MASTER\backups\black_dragon_final_lock_20260504_215525\data_black_dragon\source_cache\state_directories\az_acjc_statewide_agency_directory.page1.backup.html","az_acjc_statewide_agency_directory.page1.backup.html","131359","5/2/2026 2:34:41 PM"
"C:\Dev\Nexus_MASTER\backups\black_dragon_final_lock_20260504_215525\data_black_dragon\source_cache\state_directories\az_pages","az_pages",,"5/4/2026 9:55:25 PM"
"C:\Dev\Nexus_MASTER\backups\black_dragon_final_lock_20260504_215525\data_black_dragon\source_cache\state_directories\az_pages\az_page_01.html","az_page_01.html","131859","5/2/2026 2:43:31 PM"
"C:\Dev\Nexus_MASTER\backups\black_dragon_final_lock_20260504_215525\data_black_dragon\source_cache\state_directories\az_pages\az_page_02.html","az_page_02.html","132530","5/2/2026 2:43:34 PM"
"C:\Dev\Nexus_MASTER\backups\black_dragon_final_lock_20260504_215525\data_black_dragon\source_cache\state_directories\az_pages\az_page_03.html","az_page_03.html","132537","5/2/2026 2:43:36 PM"
"C:\Dev\Nexus_MASTER\backups\black_dragon_final_lock_20260504_215525\data_black_dragon\source_cache\state_directories\az_pages\az_page_04.html","az_page_04.html","132538","5/2/2026 2:43:39 PM"
"C:\Dev\Nexus_MASTER\backups\black_dragon_final_lock_20260504_215525\data_black_dragon\source_cache\state_directories\az_pages\az_page_05.html","az_page_05.html","132796","5/2/2026 2:43:41 PM"
"C:\Dev\Nexus_MASTER\backups\black_dragon_final_lock_20260504_215525\data_black_dragon\source_cache\state_directories\az_pages\az_page_06.html","az_page_06.html","132990","5/2/2026 2:43:44 PM"
"C:\Dev\Nexus_MASTER\backups\black_dragon_final_lock_20260504_215525\data_black_dragon\source_cache\state_directories\az_pages\az_page_07.html","az_page_07.html","132789","5/2/2026 2:43:46 PM"
"C:\Dev\Nexus_MASTER\backups\black_dragon_final_lock_20260504_215525\data_black_dragon\source_cache\state_directories\az_pages\az_page_08.html","az_page_08.html","132935","5/2/2026 2:43:49 PM"
"C:\Dev\Nexus_MASTER\backups\black_dragon_final_lock_20260504_215525\data_black_dragon\source_cache\state_directories\az_pages\az_page_09.html","az_page_09.html","132865","5/2/2026 2:43:51 PM"
"C:\Dev\Nexus_MASTER\backups\black_dragon_final_lock_20260504_215525\data_black_dragon\source_cache\state_directories\az_pages\az_page_10.html","az_page_10.html","133055","5/2/2026 2:43:54 PM"
"C:\Dev\Nexus_MASTER\backups\black_dragon_final_lock_20260504_215525\data_black_dragon\source_cache\state_directories\az_pages\az_page_11.html","az_page_11.html","133077","5/2/2026 2:43:56 PM"
"C:\Dev\Nexus_MASTER\backups\black_dragon_final_lock_20260504_215525\data_black_dragon\source_cache\state_directories\az_pages\az_page_12.html","az_page_12.html","133266","5/2/2026 2:43:59 PM"
"C:\Dev\Nexus_MASTER\backups\black_dragon_final_lock_20260504_215525\data_black_dragon\source_cache\state_directories\az_pages\az_page_13.html","az_page_13.html","127836","5/2/2026 2:44:01 PM"
"C:\Dev\Nexus_MASTER\backups\black_dragon_final_lock_20260504_215525\data_black_dragon\source_cache\state_directories\ca_post_law_enforcement_agencies.authority_targets.json","ca_post_law_enforcement_agencies.authority_targets.json","28296","5/2/2026 1:12:23 PM"
"C:\Dev\Nexus_MASTER\backups\black_dragon_final_lock_20260504_215525\data_black_dragon\source_cache\state_directories\ca_post_law_enforcement_agencies.cache.json","ca_post_law_enforcement_agencies.cache.json","536","5/2/2026 12:53:41 PM"
"C:\Dev\Nexus_MASTER\backups\black_dragon_final_lock_20260504_215525\data_black_dragon\source_cache\state_directories\ca_post_law_enforcement_agencies.candidates.json","ca_post_law_enforcement_agencies.candidates.json","121694","5/2/2026 1:07:15 PM"
"C:\Dev\Nexus_MASTER\backups\black_dragon_final_lock_20260504_215525\data_black_dragon\source_cache\state_directories\ca_post_law_enforcement_agencies.html","ca_post_law_enforcement_agencies.html","110535","5/2/2026 12:53:41 PM"
"C:\Dev\Nexus_MASTER\backups\black_dragon_final_lock_20260504_215525\data_black_dragon\source_cache\state_directories\fl_fdle_criminal_justice_agency_addresses.cache.json","fl_fdle_criminal_justice_agency_addresses.cache.json","578","5/2/2026 12:54:00 PM"
"C:\Dev\Nexus_MASTER\backups\black_dragon_final_lock_20260504_215525\data_black_dragon\source_cache\state_directories\fl_fdle_criminal_justice_agency_addresses.html","fl_fdle_criminal_justice_agency_addresses.html","28207","5/2/2026 12:54:00 PM"
"C:\Dev\Nexus_MASTER\backups\black_dragon_final_lock_20260504_215525\data_black_dragon\source_cache\state_directories\fl_fdle_criminal_justice_agency_websites.authority_targets.json","fl_fdle_criminal_justice_agency_websites.authority_targets.json","18770","5/2/2026 1:12:43 PM"
"C:\Dev\Nexus_MASTER\backups\black_dragon_final_lock_20260504_215525\data_black_dragon\source_cache\state_directories\fl_fdle_criminal_justice_agency_websites.cache.json","fl_fdle_criminal_justice_agency_websites.cache.json","571","5/2/2026 12:54:00 PM"
"C:\Dev\Nexus_MASTER\backups\black_dragon_final_lock_20260504_215525\data_black_dragon\source_cache\state_directories\fl_fdle_criminal_justice_agency_websites.candidates.json","fl_fdle_criminal_justice_agency_websites.candidates.json","97408","5/2/2026 1:07:15 PM"
"C:\Dev\Nexus_MASTER\backups\black_dragon_final_lock_20260504_215525\data_black_dragon\source_cache\state_directories\fl_fdle_criminal_justice_agency_websites.html","fl_fdle_criminal_justice_agency_websites.html","59306","5/2/2026 12:54:00 PM"
"C:\Dev\Nexus_MASTER\backups\black_dragon_final_lock_20260504_215525\data_black_dragon\source_cache\state_directories\il_ptb_training_authority.cache.json","il_ptb_training_authority.cache.json","558","5/2/2026 12:54:26 PM"
"C:\Dev\Nexus_MASTER\backups\black_dragon_final_lock_20260504_215525\data_black_dragon\source_cache\state_directories\il_ptb_training_authority.html","il_ptb_training_authority.html","60681","5/2/2026 12:54:26 PM"
"C:\Dev\Nexus_MASTER\backups\black_dragon_final_lock_20260504_215525\data_black_dragon\source_cache\state_directories\il_sheriffs_association_directory.cache.json","il_sheriffs_association_directory.cache.json","578","5/2/2026 12:54:27 PM"
"C:\Dev\Nexus_MASTER\backups\black_dragon_final_lock_20260504_215525\data_black_dragon\source_cache\state_directories\il_sheriffs_association_directory.candidates.json","il_sheriffs_association_directory.candidates.json","1462","5/2/2026 2:44:58 PM"
"C:\Dev\Nexus_MASTER\backups\black_dragon_final_lock_20260504_215525\data_black_dragon\source_cache\state_directories\il_sheriffs_association_directory.html","il_sheriffs_association_directory.html","284500","5/2/2026 12:54:27 PM"
"C:\Dev\Nexus_MASTER\backups\black_dragon_final_lock_20260504_215525\data_black_dragon\source_cache\state_directories\nc_cjin_law_enforcement_agencies.cache.json","nc_cjin_law_enforcement_agencies.cache.json","585","5/2/2026 12:54:28 PM"
"C:\Dev\Nexus_MASTER\backups\black_dragon_final_lock_20260504_215525\data_black_dragon\source_cache\state_directories\nc_cjin_law_enforcement_agencies.candidates.json","nc_cjin_law_enforcement_agencies.candidates.json","160","5/2/2026 2:44:58 PM"
"C:\Dev\Nexus_MASTER\backups\black_dragon_final_lock_20260504_215525\data_black_dragon\source_cache\state_directories\nc_cjin_law_enforcement_agencies.html","nc_cjin_law_enforcement_agencies.html","113951","5/2/2026 12:54:28 PM"
"C:\Dev\Nexus_MASTER\backups\black_dragon_final_lock_20260504_215525\data_black_dragon\source_cache\state_directories\ny_dcjs_criminal_justice_agencies.authority_targets.json","ny_dcjs_criminal_justice_agencies.authority_targets.json","19454","5/2/2026 12:32:50 PM"
"C:\Dev\Nexus_MASTER\backups\black_dragon_final_lock_20260504_215525\data_black_dragon\source_cache\state_directories\ny_dcjs_criminal_justice_agencies.cache.json","ny_dcjs_criminal_justice_agencies.cache.json","771950","5/2/2026 12:08:47 PM"
"C:\Dev\Nexus_MASTER\backups\black_dragon_final_lock_20260504_215525\data_black_dragon\source_cache\state_directories\ny_dcjs_criminal_justice_agencies.candidates.json","ny_dcjs_criminal_justice_agencies.candidates.json","69751","5/2/2026 12:17:22 PM"
"C:\Dev\Nexus_MASTER\backups\black_dragon_final_lock_20260504_215525\data_black_dragon\source_cache\state_directories\oh_ag_law_enforcement_directory.cache.json","oh_ag_law_enforcement_directory.cache.json","613","5/2/2026 12:54:28 PM"
"C:\Dev\Nexus_MASTER\backups\black_dragon_final_lock_20260504_215525\data_black_dragon\source_cache\state_directories\oh_ag_law_enforcement_directory.candidates.json","oh_ag_law_enforcement_directory.candidates.json","159","5/2/2026 2:44:58 PM"
"C:\Dev\Nexus_MASTER\backups\black_dragon_final_lock_20260504_215525\data_black_dragon\source_cache\state_directories\oh_ag_law_enforcement_directory.html","oh_ag_law_enforcement_directory.html","27044","5/2/2026 12:54:28 PM"
"C:\Dev\Nexus_MASTER\backups\black_dragon_final_lock_20260504_215525\data_black_dragon\source_cache\state_directories\state_batch_az_il_oh_nc.authority_targets.json","state_batch_az_il_oh_nc.authority_targets.json","104458","5/2/2026 2:52:06 PM"
"C:\Dev\Nexus_MASTER\backups\black_dragon_final_lock_20260504_215525\data_black_dragon\source_cache\state_directories\state_directory_manifest.json","state_directory_manifest.json","11441","5/2/2026 12:54:28 PM"
"C:\Dev\Nexus_MASTER\backups\black_dragon_final_lock_20260504_215525\data_black_dragon\targets_master.json","targets_master.json","111557","5/2/2026 2:54:38 PM"
"C:\Dev\Nexus_MASTER\backups\black_dragon_final_lock_20260504_215525\data_black_dragon\targets_with_dossiers.json","targets_with_dossiers.json","231336","5/2/2026 4:12:59 PM"
"C:\Dev\Nexus_MASTER\backups\black_dragon_final_lock_20260504_215525\data_black_dragon\top_targets_contact_enriched.json","top_targets_contact_enriched.json","51417","5/2/2026 3:05:25 PM"
"C:\Dev\Nexus_MASTER\backups\black_dragon_final_lock_20260504_215525\data_black_dragon\top_targets_outreach_package.json","top_targets_outreach_package.json","37564","5/2/2026 3:07:51 PM"
"C:\Dev\Nexus_MASTER\backups\black_dragon_final_lock_20260504_215525\data_black_dragon\top_targets_shortlist.json","top_targets_shortlist.json","18721","5/2/2026 3:03:14 PM"
"C:\Dev\Nexus_MASTER\backups\black_dragon_final_lock_20260504_215525\intel_clients","intel_clients",,"5/4/2026 9:55:25 PM"
"C:\Dev\Nexus_MASTER\backups\black_dragon_final_lock_20260504_215525\intel_clients\black dragon","black dragon",,"5/4/2026 9:55:25 PM"
"C:\Dev\Nexus_MASTER\backups\black_dragon_final_lock_20260504_215525\intel_clients\black dragon\archive","archive",,"5/4/2026 9:55:25 PM"
"C:\Dev\Nexus_MASTER\backups\black_dragon_final_lock_20260504_215525\intel_clients\black dragon\black_dragon_enrichment_rules.v1.json","black_dragon_enrichment_rules.v1.json","0","5/3/2026 11:04:35 AM"
"C:\Dev\Nexus_MASTER\backups\black_dragon_final_lock_20260504_215525\intel_clients\black dragon\exports","exports",,"5/4/2026 9:55:25 PM"
"C:\Dev\Nexus_MASTER\backups\black_dragon_final_lock_20260504_215525\intel_clients\black dragon\sources","sources",,"5/4/2026 9:55:25 PM"
"C:\Dev\Nexus_MASTER\backups\black_dragon_final_lock_20260504_215525\intel_clients\black_dragon.client_preset.bridge.js","black_dragon.client_preset.bridge.js","4474","4/30/2026 5:17:06 PM"
"C:\Dev\Nexus_MASTER\backups\black_dragon_final_lock_20260504_215525\intel_clients\black_dragon.data_loader.js","black_dragon.data_loader.js","4391","4/30/2026 6:19:03 PM"
"C:\Dev\Nexus_MASTER\backups\black_dragon_final_lock_20260504_215525\intel_clients\black_dragon.dossier.adapter.js","black_dragon.dossier.adapter.js","5344","4/29/2026 9:56:34 PM"
"C:\Dev\Nexus_MASTER\backups\black_dragon_final_lock_20260504_215525\intel_clients\black_dragon.dossier_layer.enhancer.js","black_dragon.dossier_layer.enhancer.js","1580","4/30/2026 6:08:52 AM"
"C:\Dev\Nexus_MASTER\backups\black_dragon_final_lock_20260504_215525\intel_clients\black_dragon.enrichment.adapter.js","black_dragon.enrichment.adapter.js","7423","5/1/2026 5:18:56 PM"
"C:\Dev\Nexus_MASTER\backups\black_dragon_final_lock_20260504_215525\intel_clients\black_dragon.intake.config.js","black_dragon.intake.config.js","8176","4/29/2026 9:29:55 PM"
"C:\Dev\Nexus_MASTER\backups\black_dragon_final_lock_20260504_215525\intel_clients\black_dragon.integrity.check.js","black_dragon.integrity.check.js","2747","4/30/2026 6:29:39 AM"
"C:\Dev\Nexus_MASTER\backups\black_dragon_final_lock_20260504_215525\intel_clients\black_dragon.layer_bridge.js","black_dragon.layer_bridge.js","1344","4/30/2026 6:08:16 AM"
"C:\Dev\Nexus_MASTER\backups\black_dragon_final_lock_20260504_215525\intel_clients\black_dragon.lead_normalizer.js","black_dragon.lead_normalizer.js","9303","5/1/2026 5:43:56 PM"
"C:\Dev\Nexus_MASTER\backups\black_dragon_final_lock_20260504_215525\intel_clients\black_dragon.pipeline.adapter.js","black_dragon.pipeline.adapter.js","7282","4/29/2026 9:37:53 PM"
"C:\Dev\Nexus_MASTER\backups\black_dragon_final_lock_20260504_215525\intel_clients\black_dragon.processor.v1.js","black_dragon.processor.v1.js","2588","4/30/2026 6:09:46 AM"
"C:\Dev\Nexus_MASTER\backups\black_dragon_final_lock_20260504_215525\intel_clients\black_dragon.scoring.adapter.js","black_dragon.scoring.adapter.js","7542","5/1/2026 6:48:24 PM"
"C:\Dev\Nexus_MASTER\backups\black_dragon_final_lock_20260504_215525\intel_clients\black_dragon.signal_definitions.js","black_dragon.signal_definitions.js","12890","4/29/2026 9:30:33 PM"
"C:\Dev\Nexus_MASTER\backups\black_dragon_final_lock_20260504_215525\intel_clients\black_dragon_signal_definitions.v1.json","black_dragon_signal_definitions.v1.json","4322","5/1/2026 7:11:19 PM"
"C:\Dev\Nexus_MASTER\backups\black_dragon_final_lock_20260504_215525\intel_clients\lead_output.schema.json","lead_output.schema.json","2826","4/29/2026 9:51:33 PM"
"C:\Dev\Nexus_MASTER\backups\black_dragon_final_lock_20260504_215525\scripts_black_dragon","scripts_black_dragon",,"5/4/2026 9:55:25 PM"
"C:\Dev\Nexus_MASTER\backups\black_dragon_final_lock_20260504_215525\scripts_black_dragon\build_candidate_review_shortlist.js","build_candidate_review_shortlist.js","5004","5/4/2026 8:18:13 PM"
"C:\Dev\Nexus_MASTER\backups\black_dragon_final_lock_20260504_215525\scripts_black_dragon\build_outreach_shortlist.js","build_outreach_shortlist.js","3431","5/4/2026 8:43:30 PM"
"C:\Dev\Nexus_MASTER\backups\black_dragon_final_lock_20260504_215525\scripts_black_dragon\build_target_output_layer.js","build_target_output_layer.js","2358","5/4/2026 7:25:40 PM"
"C:\Dev\Nexus_MASTER\backups\black_dragon_final_lock_20260504_215525\scripts_black_dragon\contact_candidate_collector.js","contact_candidate_collector.js","11622","5/4/2026 7:52:30 PM"
"C:\Dev\Nexus_MASTER\backups\black_dragon_final_lock_20260504_215525\scripts_black_dragon\contact_enrichment_engine.js","contact_enrichment_engine.js","16632","5/4/2026 9:07:51 PM"
"C:\Dev\Nexus_MASTER\backups\black_dragon_final_lock_20260504_215525\scripts_black_dragon\manual_contact_overrides.json","manual_contact_overrides.json","1986","5/4/2026 8:55:53 PM"
"C:\Dev\Nexus_MASTER\backups\black_dragon_final_lock_20260504_215525\scripts_black_dragon\promote_review_candidates.js","promote_review_candidates.js","5730","5/4/2026 9:44:49 PM"
"C:\Dev\Nexus_MASTER\backups\black_dragon_final_lock_20260504_215533","black_dragon_final_lock_20260504_215533",,"5/4/2026 9:55:34 PM"
"C:\Dev\Nexus_MASTER\backups\black_dragon_final_lock_20260504_215533\backup_manifest.json","backup_manifest.json","202","5/4/2026 9:55:34 PM"
"C:\Dev\Nexus_MASTER\backups\black_dragon_final_lock_20260504_215533\data_black_dragon","data_black_dragon",,"5/4/2026 9:55:34 PM"
"C:\Dev\Nexus_MASTER\backups\black_dragon_final_lock_20260504_215533\data_black_dragon\agency_websites.json","agency_websites.json","34463","5/2/2026 11:01:05 AM"
"C:\Dev\Nexus_MASTER\backups\black_dragon_final_lock_20260504_215533\data_black_dragon\black_dragon_city_coverage_report.v1.json","black_dragon_city_coverage_report.v1.json","53383","5/2/2026 9:55:52 AM"
"C:\Dev\Nexus_MASTER\backups\black_dragon_final_lock_20260504_215533\data_black_dragon\black_dragon_city_expansion_candidates.v1.json","black_dragon_city_expansion_candidates.v1.json","92237","5/2/2026 11:10:27 AM"
"C:\Dev\Nexus_MASTER\backups\black_dragon_final_lock_20260504_215533\data_black_dragon\black_dragon_city_index.json","black_dragon_city_index.json","13868","5/1/2026 7:04:54 PM"
"C:\Dev\Nexus_MASTER\backups\black_dragon_final_lock_20260504_215533\data_black_dragon\black_dragon_enrichment_rules.v1.json","black_dragon_enrichment_rules.v1.json","5892","5/1/2026 7:19:12 PM"
"C:\Dev\Nexus_MASTER\backups\black_dragon_final_lock_20260504_215533\data_black_dragon\black_dragon_leads_master.backup_1777682182211.json","black_dragon_leads_master.backup_1777682182211.json","29475","5/1/2026 5:36:22 PM"
"C:\Dev\Nexus_MASTER\backups\black_dragon_final_lock_20260504_215533\data_black_dragon\black_dragon_leads_master.backup_1777685748719.json","black_dragon_leads_master.backup_1777685748719.json","55681","5/1/2026 6:35:48 PM"
"C:\Dev\Nexus_MASTER\backups\black_dragon_final_lock_20260504_215533\data_black_dragon\black_dragon_leads_master.json","black_dragon_leads_master.json","54844","5/1/2026 6:35:48 PM"
"C:\Dev\Nexus_MASTER\backups\black_dragon_final_lock_20260504_215533\data_black_dragon\black_dragon_live_account.clean.json","black_dragon_live_account.clean.json","264251","5/2/2026 6:37:39 PM"
"C:\Dev\Nexus_MASTER\backups\black_dragon_final_lock_20260504_215533\data_black_dragon\black_dragon_live_account.json","black_dragon_live_account.json","639281","5/2/2026 5:00:07 PM"
"C:\Dev\Nexus_MASTER\backups\black_dragon_final_lock_20260504_215533\data_black_dragon\black_dragon_major_city_targets.expanded_review.v1.json","black_dragon_major_city_targets.expanded_review.v1.json","110955","5/2/2026 11:25:39 AM"
"C:\Dev\Nexus_MASTER\backups\black_dragon_final_lock_20260504_215533\data_black_dragon\black_dragon_major_city_targets.phase2_plus_ca_fl.v1.json","black_dragon_major_city_targets.phase2_plus_ca_fl.v1.json","182358","5/2/2026 1:19:19 PM"
"C:\Dev\Nexus_MASTER\backups\black_dragon_final_lock_20260504_215533\data_black_dragon\black_dragon_major_city_targets.phase2_review.v1.json","black_dragon_major_city_targets.phase2_review.v1.json","125544","5/2/2026 12:38:37 PM"
"C:\Dev\Nexus_MASTER\backups\black_dragon_final_lock_20260504_215533\data_black_dragon\black_dragon_major_city_targets.v1.json","black_dragon_major_city_targets.v1.json","22579","5/2/2026 10:34:28 AM"
"C:\Dev\Nexus_MASTER\backups\black_dragon_final_lock_20260504_215533\data_black_dragon\black_dragon_pass3_expanded_targets.json","black_dragon_pass3_expanded_targets.json","1330735","5/2/2026 6:58:41 PM"
"C:\Dev\Nexus_MASTER\backups\black_dragon_final_lock_20260504_215533\data_black_dragon\black_dragon_pass3_ranked_locked.json","black_dragon_pass3_ranked_locked.json","1634385","5/2/2026 7:27:07 PM"
"C:\Dev\Nexus_MASTER\backups\black_dragon_final_lock_20260504_215533\data_black_dragon\black_dragon_pass4_outreach_enabled.json","black_dragon_pass4_outreach_enabled.json","1937965","5/2/2026 7:35:37 PM"
"C:\Dev\Nexus_MASTER\backups\black_dragon_final_lock_20260504_215533\data_black_dragon\black_dragon_source_registry.v1.json","black_dragon_source_registry.v1.json","11692","5/1/2026 7:48:00 PM"
"C:\Dev\Nexus_MASTER\backups\black_dragon_final_lock_20260504_215533\data_black_dragon\black_dragon_state_agency_directory_registry.v1.json","black_dragon_state_agency_directory_registry.v1.json","9373","5/2/2026 12:54:22 PM"
"C:\Dev\Nexus_MASTER\backups\black_dragon_final_lock_20260504_215533\data_black_dragon\black_dragon_top50_coverage_report.v1.json","black_dragon_top50_coverage_report.v1.json","39594","5/2/2026 9:50:25 AM"
"C:\Dev\Nexus_MASTER\backups\black_dragon_final_lock_20260504_215533\data_black_dragon\black_dragon_view_model.v1.json","black_dragon_view_model.v1.json","5017","5/1/2026 7:29:10 PM"
"C:\Dev\Nexus_MASTER\backups\black_dragon_final_lock_20260504_215533\data_black_dragon\build_target_output_layer.js","build_target_output_layer.js","2299","5/4/2026 7:19:20 PM"
"C:\Dev\Nexus_MASTER\backups\black_dragon_final_lock_20260504_215533\data_black_dragon\contact_candidate_collector_log.json","contact_candidate_collector_log.json","397","5/4/2026 8:15:34 PM"
"C:\Dev\Nexus_MASTER\backups\black_dragon_final_lock_20260504_215533\data_black_dragon\contact_candidate_review_shortlist.json","contact_candidate_review_shortlist.json","232681","5/4/2026 8:24:12 PM"
"C:\Dev\Nexus_MASTER\backups\black_dragon_final_lock_20260504_215533\data_black_dragon\contact_candidates.json","contact_candidates.json","799146","5/4/2026 8:15:34 PM"
"C:\Dev\Nexus_MASTER\backups\black_dragon_final_lock_20260504_215533\data_black_dragon\contact_enriched_targets.json","contact_enriched_targets.json","2226104","5/4/2026 9:45:10 PM"
"C:\Dev\Nexus_MASTER\backups\black_dragon_final_lock_20260504_215533\data_black_dragon\contact_enrichment_log.json","contact_enrichment_log.json","327","5/4/2026 9:45:10 PM"
"C:\Dev\Nexus_MASTER\backups\black_dragon_final_lock_20260504_215533\data_black_dragon\enrichment_queue.json","enrichment_queue.json","2134787","5/4/2026 9:45:10 PM"
"C:\Dev\Nexus_MASTER\backups\black_dragon_final_lock_20260504_215533\data_black_dragon\manual_contact_overrides.json","manual_contact_overrides.json","94641","5/4/2026 9:45:03 PM"
"C:\Dev\Nexus_MASTER\backups\black_dragon_final_lock_20260504_215533\data_black_dragon\outreach_shortlist.json","outreach_shortlist.json","1223","5/4/2026 9:31:51 PM"
"C:\Dev\Nexus_MASTER\backups\black_dragon_final_lock_20260504_215533\data_black_dragon\questionnaire.json","questionnaire.json","850","5/1/2026 5:08:29 PM"
"C:\Dev\Nexus_MASTER\backups\black_dragon_final_lock_20260504_215533\data_black_dragon\ready_targets.json","ready_targets.json","2","5/4/2026 9:45:10 PM"
"C:\Dev\Nexus_MASTER\backups\black_dragon_final_lock_20260504_215533\data_black_dragon\scored_targets.json","scored_targets.json","144841","5/2/2026 2:58:00 PM"
"C:\Dev\Nexus_MASTER\backups\black_dragon_final_lock_20260504_215533\data_black_dragon\source_cache","source_cache",,"5/4/2026 9:55:34 PM"
"C:\Dev\Nexus_MASTER\backups\black_dragon_final_lock_20260504_215533\data_black_dragon\source_cache\hifld_local_law_enforcement_locations.authority_targets.json","hifld_local_law_enforcement_locations.authority_targets.json","118813","5/2/2026 9:07:15 AM"
"C:\Dev\Nexus_MASTER\backups\black_dragon_final_lock_20260504_215533\data_black_dragon\source_cache\hifld_local_law_enforcement_locations.cache.json","hifld_local_law_enforcement_locations.cache.json","1293","5/1/2026 8:41:46 PM"
"C:\Dev\Nexus_MASTER\backups\black_dragon_final_lock_20260504_215533\data_black_dragon\source_cache\hifld_local_law_enforcement_locations.candidates.json","hifld_local_law_enforcement_locations.candidates.json","3411925","5/1/2026 8:53:35 PM"
"C:\Dev\Nexus_MASTER\backups\black_dragon_final_lock_20260504_215533\data_black_dragon\source_cache\hifld_local_law_enforcement_locations.consolidated_entities.json","hifld_local_law_enforcement_locations.consolidated_entities.json","568463","5/2/2026 8:56:37 AM"
"C:\Dev\Nexus_MASTER\backups\black_dragon_final_lock_20260504_215533\data_black_dragon\source_cache\hifld_local_law_enforcement_locations.geojson","hifld_local_law_enforcement_locations.geojson","2495466","5/1/2026 8:41:46 PM"
"C:\Dev\Nexus_MASTER\backups\black_dragon_final_lock_20260504_215533\data_black_dragon\source_cache\hifld_local_law_enforcement_locations.import_candidates.json","hifld_local_law_enforcement_locations.import_candidates.json","821906","5/1/2026 9:02:53 PM"
"C:\Dev\Nexus_MASTER\backups\black_dragon_final_lock_20260504_215533\data_black_dragon\source_cache\hifld_local_law_enforcement_locations.priority_review.json","hifld_local_law_enforcement_locations.priority_review.json","3724421","5/1/2026 8:57:50 PM"
"C:\Dev\Nexus_MASTER\backups\black_dragon_final_lock_20260504_215533\data_black_dragon\source_cache\hifld_local_law_enforcement_locations.validated_targets.json","hifld_local_law_enforcement_locations.validated_targets.json","131328","5/2/2026 9:16:11 AM"
"C:\Dev\Nexus_MASTER\backups\black_dragon_final_lock_20260504_215533\data_black_dragon\source_cache\source_cache_manifest.json","source_cache_manifest.json","5308","5/1/2026 8:41:46 PM"
"C:\Dev\Nexus_MASTER\backups\black_dragon_final_lock_20260504_215533\data_black_dragon\source_cache\state_directories","state_directories",,"5/4/2026 9:55:34 PM"
"C:\Dev\Nexus_MASTER\backups\black_dragon_final_lock_20260504_215533\data_black_dragon\source_cache\state_directories\az_acjc_statewide_agency_directory.cache.json","az_acjc_statewide_agency_directory.cache.json","640","5/2/2026 12:54:25 PM"
"C:\Dev\Nexus_MASTER\backups\black_dragon_final_lock_20260504_215533\data_black_dragon\source_cache\state_directories\az_acjc_statewide_agency_directory.candidates.json","az_acjc_statewide_agency_directory.candidates.json","135538","5/2/2026 2:44:58 PM"
"C:\Dev\Nexus_MASTER\backups\black_dragon_final_lock_20260504_215533\data_black_dragon\source_cache\state_directories\az_acjc_statewide_agency_directory.html","az_acjc_statewide_agency_directory.html","69796","5/3/2026 11:05:04 AM"
"C:\Dev\Nexus_MASTER\backups\black_dragon_final_lock_20260504_215533\data_black_dragon\source_cache\state_directories\az_acjc_statewide_agency_directory.merged.html","az_acjc_statewide_agency_directory.merged.html","69797","5/2/2026 2:44:58 PM"
"C:\Dev\Nexus_MASTER\backups\black_dragon_final_lock_20260504_215533\data_black_dragon\source_cache\state_directories\az_acjc_statewide_agency_directory.page1.backup.html","az_acjc_statewide_agency_directory.page1.backup.html","131359","5/2/2026 2:34:41 PM"
"C:\Dev\Nexus_MASTER\backups\black_dragon_final_lock_20260504_215533\data_black_dragon\source_cache\state_directories\az_pages","az_pages",,"5/4/2026 9:55:34 PM"
"C:\Dev\Nexus_MASTER\backups\black_dragon_final_lock_20260504_215533\data_black_dragon\source_cache\state_directories\az_pages\az_page_01.html","az_page_01.html","131859","5/2/2026 2:43:31 PM"
"C:\Dev\Nexus_MASTER\backups\black_dragon_final_lock_20260504_215533\data_black_dragon\source_cache\state_directories\az_pages\az_page_02.html","az_page_02.html","132530","5/2/2026 2:43:34 PM"
"C:\Dev\Nexus_MASTER\backups\black_dragon_final_lock_20260504_215533\data_black_dragon\source_cache\state_directories\az_pages\az_page_03.html","az_page_03.html","132537","5/2/2026 2:43:36 PM"
"C:\Dev\Nexus_MASTER\backups\black_dragon_final_lock_20260504_215533\data_black_dragon\source_cache\state_directories\az_pages\az_page_04.html","az_page_04.html","132538","5/2/2026 2:43:39 PM"
"C:\Dev\Nexus_MASTER\backups\black_dragon_final_lock_20260504_215533\data_black_dragon\source_cache\state_directories\az_pages\az_page_05.html","az_page_05.html","132796","5/2/2026 2:43:41 PM"
"C:\Dev\Nexus_MASTER\backups\black_dragon_final_lock_20260504_215533\data_black_dragon\source_cache\state_directories\az_pages\az_page_06.html","az_page_06.html","132990","5/2/2026 2:43:44 PM"
"C:\Dev\Nexus_MASTER\backups\black_dragon_final_lock_20260504_215533\data_black_dragon\source_cache\state_directories\az_pages\az_page_07.html","az_page_07.html","132789","5/2/2026 2:43:46 PM"
"C:\Dev\Nexus_MASTER\backups\black_dragon_final_lock_20260504_215533\data_black_dragon\source_cache\state_directories\az_pages\az_page_08.html","az_page_08.html","132935","5/2/2026 2:43:49 PM"
"C:\Dev\Nexus_MASTER\backups\black_dragon_final_lock_20260504_215533\data_black_dragon\source_cache\state_directories\az_pages\az_page_09.html","az_page_09.html","132865","5/2/2026 2:43:51 PM"
"C:\Dev\Nexus_MASTER\backups\black_dragon_final_lock_20260504_215533\data_black_dragon\source_cache\state_directories\az_pages\az_page_10.html","az_page_10.html","133055","5/2/2026 2:43:54 PM"
"C:\Dev\Nexus_MASTER\backups\black_dragon_final_lock_20260504_215533\data_black_dragon\source_cache\state_directories\az_pages\az_page_11.html","az_page_11.html","133077","5/2/2026 2:43:56 PM"
"C:\Dev\Nexus_MASTER\backups\black_dragon_final_lock_20260504_215533\data_black_dragon\source_cache\state_directories\az_pages\az_page_12.html","az_page_12.html","133266","5/2/2026 2:43:59 PM"
"C:\Dev\Nexus_MASTER\backups\black_dragon_final_lock_20260504_215533\data_black_dragon\source_cache\state_directories\az_pages\az_page_13.html","az_page_13.html","127836","5/2/2026 2:44:01 PM"
"C:\Dev\Nexus_MASTER\backups\black_dragon_final_lock_20260504_215533\data_black_dragon\source_cache\state_directories\ca_post_law_enforcement_agencies.authority_targets.json","ca_post_law_enforcement_agencies.authority_targets.json","28296","5/2/2026 1:12:23 PM"
"C:\Dev\Nexus_MASTER\backups\black_dragon_final_lock_20260504_215533\data_black_dragon\source_cache\state_directories\ca_post_law_enforcement_agencies.cache.json","ca_post_law_enforcement_agencies.cache.json","536","5/2/2026 12:53:41 PM"
"C:\Dev\Nexus_MASTER\backups\black_dragon_final_lock_20260504_215533\data_black_dragon\source_cache\state_directories\ca_post_law_enforcement_agencies.candidates.json","ca_post_law_enforcement_agencies.candidates.json","121694","5/2/2026 1:07:15 PM"
"C:\Dev\Nexus_MASTER\backups\black_dragon_final_lock_20260504_215533\data_black_dragon\source_cache\state_directories\ca_post_law_enforcement_agencies.html","ca_post_law_enforcement_agencies.html","110535","5/2/2026 12:53:41 PM"
"C:\Dev\Nexus_MASTER\backups\black_dragon_final_lock_20260504_215533\data_black_dragon\source_cache\state_directories\fl_fdle_criminal_justice_agency_addresses.cache.json","fl_fdle_criminal_justice_agency_addresses.cache.json","578","5/2/2026 12:54:00 PM"
"C:\Dev\Nexus_MASTER\backups\black_dragon_final_lock_20260504_215533\data_black_dragon\source_cache\state_directories\fl_fdle_criminal_justice_agency_addresses.html","fl_fdle_criminal_justice_agency_addresses.html","28207","5/2/2026 12:54:00 PM"
"C:\Dev\Nexus_MASTER\backups\black_dragon_final_lock_20260504_215533\data_black_dragon\source_cache\state_directories\fl_fdle_criminal_justice_agency_websites.authority_targets.json","fl_fdle_criminal_justice_agency_websites.authority_targets.json","18770","5/2/2026 1:12:43 PM"
"C:\Dev\Nexus_MASTER\backups\black_dragon_final_lock_20260504_215533\data_black_dragon\source_cache\state_directories\fl_fdle_criminal_justice_agency_websites.cache.json","fl_fdle_criminal_justice_agency_websites.cache.json","571","5/2/2026 12:54:00 PM"
"C:\Dev\Nexus_MASTER\backups\black_dragon_final_lock_20260504_215533\data_black_dragon\source_cache\state_directories\fl_fdle_criminal_justice_agency_websites.candidates.json","fl_fdle_criminal_justice_agency_websites.candidates.json","97408","5/2/2026 1:07:15 PM"
"C:\Dev\Nexus_MASTER\backups\black_dragon_final_lock_20260504_215533\data_black_dragon\source_cache\state_directories\fl_fdle_criminal_justice_agency_websites.html","fl_fdle_criminal_justice_agency_websites.html","59306","5/2/2026 12:54:00 PM"
"C:\Dev\Nexus_MASTER\backups\black_dragon_final_lock_20260504_215533\data_black_dragon\source_cache\state_directories\il_ptb_training_authority.cache.json","il_ptb_training_authority.cache.json","558","5/2/2026 12:54:26 PM"
"C:\Dev\Nexus_MASTER\backups\black_dragon_final_lock_20260504_215533\data_black_dragon\source_cache\state_directories\il_ptb_training_authority.html","il_ptb_training_authority.html","60681","5/2/2026 12:54:26 PM"
"C:\Dev\Nexus_MASTER\backups\black_dragon_final_lock_20260504_215533\data_black_dragon\source_cache\state_directories\il_sheriffs_association_directory.cache.json","il_sheriffs_association_directory.cache.json","578","5/2/2026 12:54:27 PM"
"C:\Dev\Nexus_MASTER\backups\black_dragon_final_lock_20260504_215533\data_black_dragon\source_cache\state_directories\il_sheriffs_association_directory.candidates.json","il_sheriffs_association_directory.candidates.json","1462","5/2/2026 2:44:58 PM"
"C:\Dev\Nexus_MASTER\backups\black_dragon_final_lock_20260504_215533\data_black_dragon\source_cache\state_directories\il_sheriffs_association_directory.html","il_sheriffs_association_directory.html","284500","5/2/2026 12:54:27 PM"
"C:\Dev\Nexus_MASTER\backups\black_dragon_final_lock_20260504_215533\data_black_dragon\source_cache\state_directories\nc_cjin_law_enforcement_agencies.cache.json","nc_cjin_law_enforcement_agencies.cache.json","585","5/2/2026 12:54:28 PM"
"C:\Dev\Nexus_MASTER\backups\black_dragon_final_lock_20260504_215533\data_black_dragon\source_cache\state_directories\nc_cjin_law_enforcement_agencies.candidates.json","nc_cjin_law_enforcement_agencies.candidates.json","160","5/2/2026 2:44:58 PM"
"C:\Dev\Nexus_MASTER\backups\black_dragon_final_lock_20260504_215533\data_black_dragon\source_cache\state_directories\nc_cjin_law_enforcement_agencies.html","nc_cjin_law_enforcement_agencies.html","113951","5/2/2026 12:54:28 PM"
"C:\Dev\Nexus_MASTER\backups\black_dragon_final_lock_20260504_215533\data_black_dragon\source_cache\state_directories\ny_dcjs_criminal_justice_agencies.authority_targets.json","ny_dcjs_criminal_justice_agencies.authority_targets.json","19454","5/2/2026 12:32:50 PM"
"C:\Dev\Nexus_MASTER\backups\black_dragon_final_lock_20260504_215533\data_black_dragon\source_cache\state_directories\ny_dcjs_criminal_justice_agencies.cache.json","ny_dcjs_criminal_justice_agencies.cache.json","771950","5/2/2026 12:08:47 PM"
"C:\Dev\Nexus_MASTER\backups\black_dragon_final_lock_20260504_215533\data_black_dragon\source_cache\state_directories\ny_dcjs_criminal_justice_agencies.candidates.json","ny_dcjs_criminal_justice_agencies.candidates.json","69751","5/2/2026 12:17:22 PM"
"C:\Dev\Nexus_MASTER\backups\black_dragon_final_lock_20260504_215533\data_black_dragon\source_cache\state_directories\oh_ag_law_enforcement_directory.cache.json","oh_ag_law_enforcement_directory.cache.json","613","5/2/2026 12:54:28 PM"
"C:\Dev\Nexus_MASTER\backups\black_dragon_final_lock_20260504_215533\data_black_dragon\source_cache\state_directories\oh_ag_law_enforcement_directory.candidates.json","oh_ag_law_enforcement_directory.candidates.json","159","5/2/2026 2:44:58 PM"
"C:\Dev\Nexus_MASTER\backups\black_dragon_final_lock_20260504_215533\data_black_dragon\source_cache\state_directories\oh_ag_law_enforcement_directory.html","oh_ag_law_enforcement_directory.html","27044","5/2/2026 12:54:28 PM"
"C:\Dev\Nexus_MASTER\backups\black_dragon_final_lock_20260504_215533\data_black_dragon\source_cache\state_directories\state_batch_az_il_oh_nc.authority_targets.json","state_batch_az_il_oh_nc.authority_targets.json","104458","5/2/2026 2:52:06 PM"
"C:\Dev\Nexus_MASTER\backups\black_dragon_final_lock_20260504_215533\data_black_dragon\source_cache\state_directories\state_directory_manifest.json","state_directory_manifest.json","11441","5/2/2026 12:54:28 PM"
"C:\Dev\Nexus_MASTER\backups\black_dragon_final_lock_20260504_215533\data_black_dragon\targets_master.json","targets_master.json","111557","5/2/2026 2:54:38 PM"
"C:\Dev\Nexus_MASTER\backups\black_dragon_final_lock_20260504_215533\data_black_dragon\targets_with_dossiers.json","targets_with_dossiers.json","231336","5/2/2026 4:12:59 PM"
"C:\Dev\Nexus_MASTER\backups\black_dragon_final_lock_20260504_215533\data_black_dragon\top_targets_contact_enriched.json","top_targets_contact_enriched.json","51417","5/2/2026 3:05:25 PM"
"C:\Dev\Nexus_MASTER\backups\black_dragon_final_lock_20260504_215533\data_black_dragon\top_targets_outreach_package.json","top_targets_outreach_package.json","37564","5/2/2026 3:07:51 PM"
"C:\Dev\Nexus_MASTER\backups\black_dragon_final_lock_20260504_215533\data_black_dragon\top_targets_shortlist.json","top_targets_shortlist.json","18721","5/2/2026 3:03:14 PM"
"C:\Dev\Nexus_MASTER\backups\black_dragon_final_lock_20260504_215533\intel_clients","intel_clients",,"5/4/2026 9:55:34 PM"
"C:\Dev\Nexus_MASTER\backups\black_dragon_final_lock_20260504_215533\intel_clients\black dragon","black dragon",,"5/4/2026 9:55:34 PM"
"C:\Dev\Nexus_MASTER\backups\black_dragon_final_lock_20260504_215533\intel_clients\black dragon\archive","archive",,"5/4/2026 9:55:34 PM"
"C:\Dev\Nexus_MASTER\backups\black_dragon_final_lock_20260504_215533\intel_clients\black dragon\black_dragon_enrichment_rules.v1.json","black_dragon_enrichment_rules.v1.json","0","5/3/2026 11:04:35 AM"
"C:\Dev\Nexus_MASTER\backups\black_dragon_final_lock_20260504_215533\intel_clients\black dragon\exports","exports",,"5/4/2026 9:55:34 PM"
"C:\Dev\Nexus_MASTER\backups\black_dragon_final_lock_20260504_215533\intel_clients\black dragon\sources","sources",,"5/4/2026 9:55:34 PM"
"C:\Dev\Nexus_MASTER\backups\black_dragon_final_lock_20260504_215533\intel_clients\black_dragon.client_preset.bridge.js","black_dragon.client_preset.bridge.js","4474","4/30/2026 5:17:06 PM"
"C:\Dev\Nexus_MASTER\backups\black_dragon_final_lock_20260504_215533\intel_clients\black_dragon.data_loader.js","black_dragon.data_loader.js","4391","4/30/2026 6:19:03 PM"
"C:\Dev\Nexus_MASTER\backups\black_dragon_final_lock_20260504_215533\intel_clients\black_dragon.dossier.adapter.js","black_dragon.dossier.adapter.js","5344","4/29/2026 9:56:34 PM"
"C:\Dev\Nexus_MASTER\backups\black_dragon_final_lock_20260504_215533\intel_clients\black_dragon.dossier_layer.enhancer.js","black_dragon.dossier_layer.enhancer.js","1580","4/30/2026 6:08:52 AM"
"C:\Dev\Nexus_MASTER\backups\black_dragon_final_lock_20260504_215533\intel_clients\black_dragon.enrichment.adapter.js","black_dragon.enrichment.adapter.js","7423","5/1/2026 5:18:56 PM"
"C:\Dev\Nexus_MASTER\backups\black_dragon_final_lock_20260504_215533\intel_clients\black_dragon.intake.config.js","black_dragon.intake.config.js","8176","4/29/2026 9:29:55 PM"
"C:\Dev\Nexus_MASTER\backups\black_dragon_final_lock_20260504_215533\intel_clients\black_dragon.integrity.check.js","black_dragon.integrity.check.js","2747","4/30/2026 6:29:39 AM"
"C:\Dev\Nexus_MASTER\backups\black_dragon_final_lock_20260504_215533\intel_clients\black_dragon.layer_bridge.js","black_dragon.layer_bridge.js","1344","4/30/2026 6:08:16 AM"
"C:\Dev\Nexus_MASTER\backups\black_dragon_final_lock_20260504_215533\intel_clients\black_dragon.lead_normalizer.js","black_dragon.lead_normalizer.js","9303","5/1/2026 5:43:56 PM"
"C:\Dev\Nexus_MASTER\backups\black_dragon_final_lock_20260504_215533\intel_clients\black_dragon.pipeline.adapter.js","black_dragon.pipeline.adapter.js","7282","4/29/2026 9:37:53 PM"
"C:\Dev\Nexus_MASTER\backups\black_dragon_final_lock_20260504_215533\intel_clients\black_dragon.processor.v1.js","black_dragon.processor.v1.js","2588","4/30/2026 6:09:46 AM"
"C:\Dev\Nexus_MASTER\backups\black_dragon_final_lock_20260504_215533\intel_clients\black_dragon.scoring.adapter.js","black_dragon.scoring.adapter.js","7542","5/1/2026 6:48:24 PM"
"C:\Dev\Nexus_MASTER\backups\black_dragon_final_lock_20260504_215533\intel_clients\black_dragon.signal_definitions.js","black_dragon.signal_definitions.js","12890","4/29/2026 9:30:33 PM"
"C:\Dev\Nexus_MASTER\backups\black_dragon_final_lock_20260504_215533\intel_clients\black_dragon_signal_definitions.v1.json","black_dragon_signal_definitions.v1.json","4322","5/1/2026 7:11:19 PM"
"C:\Dev\Nexus_MASTER\backups\black_dragon_final_lock_20260504_215533\intel_clients\lead_output.schema.json","lead_output.schema.json","2826","4/29/2026 9:51:33 PM"
"C:\Dev\Nexus_MASTER\backups\black_dragon_final_lock_20260504_215533\scripts_black_dragon","scripts_black_dragon",,"5/4/2026 9:55:34 PM"
"C:\Dev\Nexus_MASTER\backups\black_dragon_final_lock_20260504_215533\scripts_black_dragon\build_candidate_review_shortlist.js","build_candidate_review_shortlist.js","5004","5/4/2026 8:18:13 PM"
"C:\Dev\Nexus_MASTER\backups\black_dragon_final_lock_20260504_215533\scripts_black_dragon\build_outreach_shortlist.js","build_outreach_shortlist.js","3431","5/4/2026 8:43:30 PM"
"C:\Dev\Nexus_MASTER\backups\black_dragon_final_lock_20260504_215533\scripts_black_dragon\build_target_output_layer.js","build_target_output_layer.js","2358","5/4/2026 7:25:40 PM"
"C:\Dev\Nexus_MASTER\backups\black_dragon_final_lock_20260504_215533\scripts_black_dragon\contact_candidate_collector.js","contact_candidate_collector.js","11622","5/4/2026 7:52:30 PM"
"C:\Dev\Nexus_MASTER\backups\black_dragon_final_lock_20260504_215533\scripts_black_dragon\contact_enrichment_engine.js","contact_enrichment_engine.js","16632","5/4/2026 9:07:51 PM"
"C:\Dev\Nexus_MASTER\backups\black_dragon_final_lock_20260504_215533\scripts_black_dragon\manual_contact_overrides.json","manual_contact_overrides.json","1986","5/4/2026 8:55:53 PM"
"C:\Dev\Nexus_MASTER\backups\black_dragon_final_lock_20260504_215533\scripts_black_dragon\promote_review_candidates.js","promote_review_candidates.js","5730","5/4/2026 9:44:49 PM"
"C:\Dev\Nexus_MASTER\checklist","checklist",,"4/16/2026 8:00:28 PM"
"C:\Dev\Nexus_MASTER\clients","clients",,"4/16/2026 8:00:28 PM"
"C:\Dev\Nexus_MASTER\clients\_templates","_templates",,"4/16/2026 8:00:28 PM"
"C:\Dev\Nexus_MASTER\config","config",,"4/16/2026 9:08:46 PM"
"C:\Dev\Nexus_MASTER\config\industries","industries",,"4/16/2026 9:18:10 PM"
"C:\Dev\Nexus_MASTER\config\industries\law_enforcement_security.json","law_enforcement_security.json","903","4/16/2026 9:07:37 PM"
"C:\Dev\Nexus_MASTER\config\sources","sources",,"4/16/2026 9:18:35 PM"
"C:\Dev\Nexus_MASTER\config\sources\law_enforcement_security_source_registry_seed.json","law_enforcement_security_source_registry_seed.json","2796","4/16/2026 9:07:37 PM"
"C:\Dev\Nexus_MASTER\data","data",,"4/16/2026 10:51:43 PM"
"C:\Dev\Nexus_MASTER\data\city_index_test.json","city_index_test.json","178","4/16/2026 11:20:57 PM"
"C:\Dev\Nexus_MASTER\data\samples","samples",,"4/16/2026 9:19:11 PM"
"C:\Dev\Nexus_MASTER\data\samples\law_enforcement_security_sample_dataset.json","law_enforcement_security_sample_dataset.json","5902","4/16/2026 11:58:44 PM"
"C:\Dev\Nexus_MASTER\docs","docs",,"4/16/2026 9:19:26 PM"
"C:\Dev\Nexus_MASTER\docs\00_foundation","00_foundation",,"4/16/2026 8:00:28 PM"
"C:\Dev\Nexus_MASTER\docs\10_architecture","10_architecture",,"4/16/2026 8:00:29 PM"
"C:\Dev\Nexus_MASTER\docs\20_scoring_and_intel","20_scoring_and_intel",,"4/16/2026 8:00:29 PM"
"C:\Dev\Nexus_MASTER\docs\30_ops_and_security","30_ops_and_security",,"4/16/2026 8:00:29 PM"
"C:\Dev\Nexus_MASTER\docs\40_client_facing","40_client_facing",,"5/1/2026 5:02:08 PM"
"C:\Dev\Nexus_MASTER\docs\40_client_facing\BLACK DRAGON ? V1 SOURCES + CONNECTIONS + CODE DOC MAP.yaml","BLACK DRAGON ? V1 SOURCES + CONNECTIONS + CODE DOC MAP.yaml","18764","5/1/2026 5:02:08 PM"
"C:\Dev\Nexus_MASTER\docs\50_ui_and_experience","50_ui_and_experience",,"4/16/2026 8:00:29 PM"
"C:\Dev\Nexus_MASTER\docs\wiring_notes.md","wiring_notes.md","214","4/16/2026 9:07:38 PM"
"C:\Dev\Nexus_MASTER\filemap.txt","filemap.txt","62406","3/24/2026 4:46:48 PM"
"C:\Dev\Nexus_MASTER\index.html","index.html","17875","5/2/2026 3:20:46 PM"
"C:\Dev\Nexus_MASTER\logs","logs",,"5/6/2026 8:10:09 PM"
"C:\Dev\Nexus_MASTER\logs\nexus_full_audit","nexus_full_audit",,"5/6/2026 8:10:10 PM"
"C:\Dev\Nexus_MASTER\logs\nexus_full_audit\01_scripts_inventory.csv","01_scripts_inventory.csv","20682","5/6/2026 8:10:09 PM"
"C:\Dev\Nexus_MASTER\logs\nexus_full_audit\02_intelligence_files_inventory.csv","02_intelligence_files_inventory.csv","22836","5/6/2026 8:10:09 PM"
"C:\Dev\Nexus_MASTER\logs\nexus_full_audit\03_output_references.csv","03_output_references.csv","9977","5/6/2026 8:10:09 PM"
"C:\Dev\Nexus_MASTER\logs\nexus_full_audit\04_audit_references.csv","04_audit_references.csv","10496","5/6/2026 8:10:09 PM"
"C:\Dev\Nexus_MASTER\logs\nexus_full_audit\05_L10_synthesis_builder_numbered.txt","05_L10_synthesis_builder_numbered.txt","1985","5/6/2026 8:10:10 PM"
"C:\Dev\Nexus_MASTER\logs\nexus_full_audit\06_output_reference_existence.json","06_output_reference_existence.json","11373","5/6/2026 8:10:10 PM"
"C:\Dev\Nexus_MASTER\logs\nexus_full_audit\07_first_5_audit_run.txt","07_first_5_audit_run.txt","108","5/6/2026 8:10:10 PM"
"C:\Dev\Nexus_MASTER\logs\nexus_full_audit\08_first_5_layer_operational_audit.json","08_first_5_layer_operational_audit.json","278","5/6/2026 8:10:10 PM"
"C:\Dev\Nexus_MASTER\manifest.json","manifest.json","12321","4/10/2026 9:24:41 AM"
"C:\Dev\Nexus_MASTER\nexus_city_map_assets.txt","nexus_city_map_assets.txt","130263","4/16/2026 8:14:15 PM"
"C:\Dev\Nexus_MASTER\nexus_code_map.txt","nexus_code_map.txt","14569","4/16/2026 8:14:08 PM"
"C:\Dev\Nexus_MASTER\nexus_config_data_dirs.txt","nexus_config_data_dirs.txt","245","4/16/2026 8:14:27 PM"
"C:\Dev\Nexus_MASTER\nexus_file_map.txt","nexus_file_map.txt","162744","4/16/2026 8:07:07 PM"
"C:\Dev\Nexus_MASTER\NEXUS_FILEMAP_FULL.txt","NEXUS_FILEMAP_FULL.txt","220788","3/30/2026 11:06:45 PM"
"C:\Dev\Nexus_MASTER\NEXUS_FILEMAP_RELATIVE.txt","NEXUS_FILEMAP_RELATIVE.txt","96551","4/1/2026 6:28:55 PM"
"C:\Dev\Nexus_MASTER\NEXUS_GLOBE_FILEMAP.txt","NEXUS_GLOBE_FILEMAP.txt","586","3/30/2026 11:07:08 PM"
"C:\Dev\Nexus_MASTER\nexus_target_files.txt","nexus_target_files.txt","739","4/16/2026 8:14:21 PM"
"C:\Dev\Nexus_MASTER\NEXUS_TREE.txt","NEXUS_TREE.txt","44670","12/26/2025 7:31:59 PM"
"C:\Dev\Nexus_MASTER\NEXUS_TREE_CLEAN.txt","NEXUS_TREE_CLEAN.txt","3138","12/26/2025 7:41:28 PM"
"C:\Dev\Nexus_MASTER\node_modules","node_modules",,"5/4/2026 6:43:31 PM"
"C:\Dev\Nexus_MASTER\package.json","package.json","488","1/10/2026 12:58:18 PM"
"C:\Dev\Nexus_MASTER\package-lock.json","package-lock.json","59413","4/16/2026 10:05:33 PM"
"C:\Dev\Nexus_MASTER\playbooks","playbooks",,"4/16/2026 8:00:28 PM"
"C:\Dev\Nexus_MASTER\public","public",,"4/23/2026 4:54:43 PM"
"C:\Dev\Nexus_MASTER\public\.env",".env","58","11/8/2025 7:34:33 PM"
"C:\Dev\Nexus_MASTER\public\__pycache__","__pycache__",,"4/16/2026 8:00:26 PM"
"C:\Dev\Nexus_MASTER\public\__pycache__\scoring_engine.cpython-312.pyc","scoring_engine.cpython-312.pyc","4520","11/15/2025 9:47:35 PM"
"C:\Dev\Nexus_MASTER\public\_quarantine","_quarantine",,"4/16/2026 8:00:26 PM"
"C:\Dev\Nexus_MASTER\public\_quarantine\globe.EMBER_PROTOTYPE.js","globe.EMBER_PROTOTYPE.js","8116","3/24/2026 7:27:51 PM"
"C:\Dev\Nexus_MASTER\public\_quarantine\leads_loader.js","leads_loader.js","11987","2/2/2026 6:34:05 PM"
"C:\Dev\Nexus_MASTER\public\_quarantine\main.js","main.js","1810","10/25/2025 8:21:53 PM"
"C:\Dev\Nexus_MASTER\public\_quarantine\style.legacy.css","style.legacy.css","3488","3/24/2026 7:23:59 PM"
"C:\Dev\Nexus_MASTER\public\_quarantine\ui-panels.legacy.js","ui-panels.legacy.js","2027","3/24/2026 7:25:37 PM"
"C:\Dev\Nexus_MASTER\public\Assert-FunctionsInServedJs.ps1","Assert-FunctionsInServedJs.ps1","1908","1/18/2026 11:40:23 AM"
"C:\Dev\Nexus_MASTER\public\assets","assets",,"4/19/2026 9:17:32 AM"
"C:\Dev\Nexus_MASTER\public\assets\cities","cities",,"4/19/2026 10:08:20 AM"
"C:\Dev\Nexus_MASTER\public\assets\cities\_template","_template",,"4/16/2026 8:00:28 PM"
"C:\Dev\Nexus_MASTER\public\assets\cities\_template\base.png","base.png","13648","3/30/2026 10:31:22 PM"
"C:\Dev\Nexus_MASTER\public\assets\cities\Albuquerque.png","Albuquerque.png","3029412","4/18/2026 2:32:01 PM"
"C:\Dev\Nexus_MASTER\public\assets\cities\Anchorage.png","Anchorage.png","2049882","4/18/2026 2:36:38 PM"
"C:\Dev\Nexus_MASTER\public\assets\cities\Atlanta.png","Atlanta.png","3709792","4/18/2026 2:26:30 PM"
"C:\Dev\Nexus_MASTER\public\assets\cities\Baltimore.png","Baltimore.png","3183244","4/18/2026 2:45:22 PM"
"C:\Dev\Nexus_MASTER\public\assets\cities\Billings.png","Billings.png","2584700","4/18/2026 2:47:57 PM"
"C:\Dev\Nexus_MASTER\public\assets\cities\Birmingham .png","Birmingham .png","2870715","4/18/2026 2:37:35 PM"
"C:\Dev\Nexus_MASTER\public\assets\cities\Boise.png","Boise.png","3267265","4/18/2026 2:28:21 PM"
"C:\Dev\Nexus_MASTER\public\assets\cities\Bridgeport.png","Bridgeport.png","2851621","4/18/2026 2:39:27 PM"
"C:\Dev\Nexus_MASTER\public\assets\cities\Burlington.png","Burlington.png","2739666","4/18/2026 3:48:33 PM"
"C:\Dev\Nexus_MASTER\public\assets\cities\Charleston.png","Charleston.png","2474864","4/18/2026 3:49:12 PM"
"C:\Dev\Nexus_MASTER\public\assets\cities\Charlotte.png","Charlotte.png","3549606","4/18/2026 2:51:06 PM"
"C:\Dev\Nexus_MASTER\public\assets\cities\Cheyenne.png","Cheyenne.png","2573843","4/18/2026 3:50:03 PM"
"C:\Dev\Nexus_MASTER\public\assets\cities\Chicago.png","Chicago.png","2737641","4/18/2026 2:27:35 PM"
"C:\Dev\Nexus_MASTER\public\assets\cities\city_01f3a5ed","city_01f3a5ed",,"4/19/2026 9:12:18 AM"
"C:\Dev\Nexus_MASTER\public\assets\cities\city_01f3a5ed\base.png","base.png","3859089","4/18/2026 2:31:02 PM"
"C:\Dev\Nexus_MASTER\public\assets\cities\city_01f3a5ed\meta.json","meta.json","710","4/10/2026 11:42:16 AM"
"C:\Dev\Nexus_MASTER\public\assets\cities\city_0a31d438","city_0a31d438",,"4/19/2026 9:12:03 AM"
"C:\Dev\Nexus_MASTER\public\assets\cities\city_0a31d438\base.png","base.png","2932379","4/18/2026 8:33:10 PM"
"C:\Dev\Nexus_MASTER\public\assets\cities\city_0a31d438\meta.json","meta.json","713","4/10/2026 11:42:16 AM"
"C:\Dev\Nexus_MASTER\public\assets\cities\city_0a922e63","city_0a922e63",,"4/18/2026 4:30:25 PM"
"C:\Dev\Nexus_MASTER\public\assets\cities\city_0a922e63\base.png","base.png","3600940","4/18/2026 2:24:41 PM"
"C:\Dev\Nexus_MASTER\public\assets\cities\city_0a922e63\meta.json","meta.json","707","4/10/2026 11:42:16 AM"
"C:\Dev\Nexus_MASTER\public\assets\cities\city_127606b4","city_127606b4",,"4/19/2026 9:23:58 AM"
"C:\Dev\Nexus_MASTER\public\assets\cities\city_127606b4\base.png","base.png","2955815","4/18/2026 2:48:41 PM"
"C:\Dev\Nexus_MASTER\public\assets\cities\city_127606b4\meta.json","meta.json","705","4/10/2026 11:42:16 AM"
"C:\Dev\Nexus_MASTER\public\assets\cities\city_154a8fe9","city_154a8fe9",,"4/19/2026 9:22:20 AM"
"C:\Dev\Nexus_MASTER\public\assets\cities\city_154a8fe9\base.png","base.png","3599975","4/18/2026 2:25:17 PM"
"C:\Dev\Nexus_MASTER\public\assets\cities\city_154a8fe9\meta.json","meta.json","709","4/10/2026 11:42:16 AM"
"C:\Dev\Nexus_MASTER\public\assets\cities\city_16f77904","city_16f77904",,"4/19/2026 9:20:57 AM"
"C:\Dev\Nexus_MASTER\public\assets\cities\city_16f77904\base.png","base.png","3644926","4/18/2026 8:32:27 PM"
"C:\Dev\Nexus_MASTER\public\assets\cities\city_16f77904\meta.json","meta.json","706","4/10/2026 11:42:16 AM"
"C:\Dev\Nexus_MASTER\public\assets\cities\city_1ae44e4f","city_1ae44e4f",,"4/19/2026 9:12:34 AM"
"C:\Dev\Nexus_MASTER\public\assets\cities\city_1ae44e4f\base.png","base.png","3722864","4/18/2026 2:42:20 PM"
"C:\Dev\Nexus_MASTER\public\assets\cities\city_1ae44e4f\meta.json","meta.json","712","4/10/2026 11:42:16 AM"
"C:\Dev\Nexus_MASTER\public\assets\cities\city_1f98af58","city_1f98af58",,"4/19/2026 9:12:46 AM"
"C:\Dev\Nexus_MASTER\public\assets\cities\city_1f98af58\base.png","base.png","3407060","4/18/2026 2:17:55 PM"
"C:\Dev\Nexus_MASTER\public\assets\cities\city_1f98af58\meta.json","meta.json","714","4/10/2026 11:42:16 AM"
"C:\Dev\Nexus_MASTER\public\assets\cities\city_1fd1b37f","city_1fd1b37f",,"4/19/2026 9:12:56 AM"
"C:\Dev\Nexus_MASTER\public\assets\cities\city_1fd1b37f\base.png","base.png","3276381","4/18/2026 2:46:40 PM"
"C:\Dev\Nexus_MASTER\public\assets\cities\city_1fd1b37f\meta.json","meta.json","710","4/10/2026 11:42:16 AM"
"C:\Dev\Nexus_MASTER\public\assets\cities\city_29cb8e76","city_29cb8e76",,"4/19/2026 9:50:17 AM"
"C:\Dev\Nexus_MASTER\public\assets\cities\city_29cb8e76\base.png","base.png","2253210","4/18/2026 3:47:36 PM"
"C:\Dev\Nexus_MASTER\public\assets\cities\city_29cb8e76\meta.json","meta.json","712","4/10/2026 11:42:16 AM"
"C:\Dev\Nexus_MASTER\public\assets\cities\city_328b326a","city_328b326a",,"4/19/2026 9:22:33 AM"
"C:\Dev\Nexus_MASTER\public\assets\cities\city_328b326a\base.png","base.png","3186367","4/18/2026 8:30:29 PM"
"C:\Dev\Nexus_MASTER\public\assets\cities\city_328b326a\meta.json","meta.json","718","4/10/2026 11:42:16 AM"
"C:\Dev\Nexus_MASTER\public\assets\cities\city_39d61699","city_39d61699",,"4/19/2026 9:21:21 AM"
"C:\Dev\Nexus_MASTER\public\assets\cities\city_39d61699\base.png","base.png","3076478","4/18/2026 2:38:24 PM"
"C:\Dev\Nexus_MASTER\public\assets\cities\city_39d61699\meta.json","meta.json","707","4/10/2026 11:42:16 AM"
"C:\Dev\Nexus_MASTER\public\assets\cities\city_3d50f2fd","city_3d50f2fd",,"4/19/2026 9:13:09 AM"
"C:\Dev\Nexus_MASTER\public\assets\cities\city_3d50f2fd\base.png","base.png","3641885","4/18/2026 2:17:08 PM"
"C:\Dev\Nexus_MASTER\public\assets\cities\city_3d50f2fd\meta.json","meta.json","707","4/10/2026 11:42:16 AM"
"C:\Dev\Nexus_MASTER\public\assets\cities\city_3fad7905","city_3fad7905",,"4/19/2026 9:13:24 AM"
"C:\Dev\Nexus_MASTER\public\assets\cities\city_3fad7905\base.png","base.png","2457163","4/18/2026 3:46:43 PM"
"C:\Dev\Nexus_MASTER\public\assets\cities\city_3fad7905\meta.json","meta.json","708","4/10/2026 11:42:16 AM"
"C:\Dev\Nexus_MASTER\public\assets\cities\city_47748120","city_47748120",,"4/19/2026 9:24:44 AM"
"C:\Dev\Nexus_MASTER\public\assets\cities\city_47748120\base.png","base.png","3287589","4/18/2026 8:29:18 PM"
"C:\Dev\Nexus_MASTER\public\assets\cities\city_47748120\meta.json","meta.json","713","4/10/2026 11:42:16 AM"
"C:\Dev\Nexus_MASTER\public\assets\cities\city_47b59fac","city_47b59fac",,"4/19/2026 9:21:41 AM"
"C:\Dev\Nexus_MASTER\public\assets\cities\city_47b59fac\base.png","base.png","4149373","4/18/2026 2:23:56 PM"
"C:\Dev\Nexus_MASTER\public\assets\cities\city_47b59fac\meta.json","meta.json","710","4/10/2026 11:42:16 AM"
"C:\Dev\Nexus_MASTER\public\assets\cities\city_4c180874","city_4c180874",,"4/19/2026 9:13:38 AM"
"C:\Dev\Nexus_MASTER\public\assets\cities\city_4c180874\base.png","base.png","2737641","4/18/2026 2:27:35 PM"
"C:\Dev\Nexus_MASTER\public\assets\cities\city_4c180874\meta.json","meta.json","706","4/10/2026 11:42:16 AM"
"C:\Dev\Nexus_MASTER\public\assets\cities\city_5090c3c6","city_5090c3c6",,"4/19/2026 9:23:31 AM"
"C:\Dev\Nexus_MASTER\public\assets\cities\city_5090c3c6\base.png","base.png","3549606","4/18/2026 2:51:06 PM"
"C:\Dev\Nexus_MASTER\public\assets\cities\city_5090c3c6\meta.json","meta.json","709","4/10/2026 11:42:16 AM"
"C:\Dev\Nexus_MASTER\public\assets\cities\city_53389926","city_53389926",,"4/16/2026 8:00:28 PM"
"C:\Dev\Nexus_MASTER\public\assets\cities\city_53389926\base.png","base.png","10668518","4/11/2026 7:48:32 AM"
"C:\Dev\Nexus_MASTER\public\assets\cities\city_53389926\meta.json","meta.json","466","4/10/2026 7:20:46 PM"
"C:\Dev\Nexus_MASTER\public\assets\cities\city_5abab5f6","city_5abab5f6",,"4/19/2026 9:13:55 AM"
"C:\Dev\Nexus_MASTER\public\assets\cities\city_5abab5f6\base.png","base.png","4258512","4/18/2026 2:23:14 PM"
"C:\Dev\Nexus_MASTER\public\assets\cities\city_5abab5f6\meta.json","meta.json","705","4/10/2026 11:42:16 AM"
"C:\Dev\Nexus_MASTER\public\assets\cities\city_5fedc010","city_5fedc010",,"4/19/2026 9:47:42 AM"
"C:\Dev\Nexus_MASTER\public\assets\cities\city_5fedc010\base.png","base.png","2884048","4/19/2026 9:15:08 AM"
"C:\Dev\Nexus_MASTER\public\assets\cities\city_5fedc010\meta.json","meta.json","708","4/10/2026 11:42:16 AM"
"C:\Dev\Nexus_MASTER\public\assets\cities\city_6536761e","city_6536761e",,"4/19/2026 9:24:32 AM"
"C:\Dev\Nexus_MASTER\public\assets\cities\city_6536761e\base.png","base.png","3327504","4/18/2026 2:27:03 PM"
"C:\Dev\Nexus_MASTER\public\assets\cities\city_6536761e\meta.json","meta.json","706","4/10/2026 11:42:16 AM"
"C:\Dev\Nexus_MASTER\public\assets\cities\city_6cabf985","city_6cabf985",,"4/19/2026 9:18:32 AM"
"C:\Dev\Nexus_MASTER\public\assets\cities\city_6cabf985\base.png","base.png","3647749","4/18/2026 8:28:07 PM"
"C:\Dev\Nexus_MASTER\public\assets\cities\city_6cabf985\meta.json","meta.json","709","4/10/2026 11:42:16 AM"
"C:\Dev\Nexus_MASTER\public\assets\cities\city_756cb4ea","city_756cb4ea",,"4/19/2026 9:22:44 AM"
"C:\Dev\Nexus_MASTER\public\assets\cities\city_756cb4ea\base.png","base.png","3029412","4/18/2026 2:32:01 PM"
"C:\Dev\Nexus_MASTER\public\assets\cities\city_756cb4ea\meta.json","meta.json","714","4/10/2026 11:42:16 AM"
"C:\Dev\Nexus_MASTER\public\assets\cities\city_759cd460","city_759cd460",,"4/19/2026 10:06:13 AM"
"C:\Dev\Nexus_MASTER\public\assets\cities\city_759cd460\base.png","base.png","3318941","4/18/2026 8:27:15 PM"
"C:\Dev\Nexus_MASTER\public\assets\cities\city_759cd460\meta.json","meta.json","710","4/10/2026 11:42:16 AM"
"C:\Dev\Nexus_MASTER\public\assets\cities\city_7d043dae","city_7d043dae",,"4/19/2026 9:18:45 AM"
"C:\Dev\Nexus_MASTER\public\assets\cities\city_7d043dae\base.png","base.png","2936270","4/18/2026 8:25:24 PM"
"C:\Dev\Nexus_MASTER\public\assets\cities\city_7d043dae\meta.json","meta.json","706","4/10/2026 11:42:16 AM"
"C:\Dev\Nexus_MASTER\public\assets\cities\city_7e936870","city_7e936870",,"4/19/2026 11:58:04 AM"
"C:\Dev\Nexus_MASTER\public\assets\cities\city_7e936870\base.png","base.png","332031","4/19/2026 11:57:55 AM"
"C:\Dev\Nexus_MASTER\public\assets\cities\city_7e936870\meta.json","meta.json","710","4/10/2026 11:42:16 AM"
"C:\Dev\Nexus_MASTER\public\assets\cities\city_7eb25064","city_7eb25064",,"4/19/2026 9:20:00 AM"
"C:\Dev\Nexus_MASTER\public\assets\cities\city_7eb25064\base.png","base.png","3709792","4/18/2026 2:26:30 PM"
"C:\Dev\Nexus_MASTER\public\assets\cities\city_7eb25064\meta.json","meta.json","705","4/10/2026 11:42:16 AM"
"C:\Dev\Nexus_MASTER\public\assets\cities\city_828fab47","city_828fab47",,"4/19/2026 9:23:05 AM"
"C:\Dev\Nexus_MASTER\public\assets\cities\city_828fab47\base.png","base.png","3718764","4/18/2026 2:47:18 PM"
"C:\Dev\Nexus_MASTER\public\assets\cities\city_828fab47\meta.json","meta.json","711","4/10/2026 11:42:16 AM"
"C:\Dev\Nexus_MASTER\public\assets\cities\city_85e83faa","city_85e83faa",,"4/19/2026 9:21:53 AM"
"C:\Dev\Nexus_MASTER\public\assets\cities\city_85e83faa\base.png","base.png","3354775","4/18/2026 2:51:49 PM"
"C:\Dev\Nexus_MASTER\public\assets\cities\city_85e83faa\meta.json","meta.json","706","4/10/2026 11:42:16 AM"
"C:\Dev\Nexus_MASTER\public\assets\cities\city_8635d5db","city_8635d5db",,"4/19/2026 9:23:46 AM"
"C:\Dev\Nexus_MASTER\public\assets\cities\city_8635d5db\base.png","base.png","2395663","4/18/2026 2:34:27 PM"
"C:\Dev\Nexus_MASTER\public\assets\cities\city_8635d5db\meta.json","meta.json","709","4/10/2026 11:42:16 AM"
"C:\Dev\Nexus_MASTER\public\assets\cities\city_8e6f63cf","city_8e6f63cf",,"4/19/2026 9:20:30 AM"
"C:\Dev\Nexus_MASTER\public\assets\cities\city_8e6f63cf\base.png","base.png","2384336","4/18/2026 8:34:53 PM"
"C:\Dev\Nexus_MASTER\public\assets\cities\city_8e6f63cf\meta.json","meta.json","710","4/10/2026 11:42:16 AM"
"C:\Dev\Nexus_MASTER\public\assets\cities\city_8f664c09","city_8f664c09",,"4/19/2026 9:20:43 AM"
"C:\Dev\Nexus_MASTER\public\assets\cities\city_8f664c09\base.png","base.png","2729875","4/18/2026 8:24:38 PM"
"C:\Dev\Nexus_MASTER\public\assets\cities\city_8f664c09\meta.json","meta.json","710","4/10/2026 11:42:16 AM"
"C:\Dev\Nexus_MASTER\public\assets\cities\city_936b7d90","city_936b7d90",,"4/19/2026 9:23:18 AM"
"C:\Dev\Nexus_MASTER\public\assets\cities\city_936b7d90\base.png","base.png","3521662","4/18/2026 8:23:12 PM"
"C:\Dev\Nexus_MASTER\public\assets\cities\city_936b7d90\meta.json","meta.json","703","4/10/2026 11:42:16 AM"
"C:\Dev\Nexus_MASTER\public\assets\cities\city_95b0c3ba","city_95b0c3ba",,"4/19/2026 9:22:06 AM"
"C:\Dev\Nexus_MASTER\public\assets\cities\city_95b0c3ba\base.png","base.png","2950766","4/18/2026 7:31:05 PM"
"C:\Dev\Nexus_MASTER\public\assets\cities\city_95b0c3ba\meta.json","meta.json","706","4/10/2026 11:42:16 AM"
"C:\Dev\Nexus_MASTER\public\assets\cities\city_990961e3","city_990961e3",,"4/19/2026 9:24:19 AM"
"C:\Dev\Nexus_MASTER\public\assets\cities\city_990961e3\base.png","base.png","2608499","4/18/2026 8:22:20 PM"
"C:\Dev\Nexus_MASTER\public\assets\cities\city_990961e3\meta.json","meta.json","708","4/10/2026 11:42:16 AM"
"C:\Dev\Nexus_MASTER\public\assets\cities\city_a2cbee70","city_a2cbee70",,"4/19/2026 9:25:04 AM"
"C:\Dev\Nexus_MASTER\public\assets\cities\city_a2cbee70\base.png","base.png","3767141","4/18/2026 2:52:44 PM"
"C:\Dev\Nexus_MASTER\public\assets\cities\city_a2cbee70\meta.json","meta.json","713","4/10/2026 11:42:16 AM"
"C:\Dev\Nexus_MASTER\public\assets\cities\city_a324d561","city_a324d561",,"4/16/2026 8:00:28 PM"
"C:\Dev\Nexus_MASTER\public\assets\cities\city_a324d561\base.png","base.png","3415674","4/18/2026 7:27:55 PM"
"C:\Dev\Nexus_MASTER\public\assets\cities\city_a324d561\meta.json","meta.json","704","4/10/2026 11:42:16 AM"
"C:\Dev\Nexus_MASTER\public\assets\cities\city_a7350aab","city_a7350aab",,"4/19/2026 9:25:21 AM"
"C:\Dev\Nexus_MASTER\public\assets\cities\city_a7350aab\base.png","base.png","3183244","4/18/2026 2:45:22 PM"
"C:\Dev\Nexus_MASTER\public\assets\cities\city_a7350aab\meta.json","meta.json","709","4/10/2026 11:42:16 AM"
"C:\Dev\Nexus_MASTER\public\assets\cities\city_ab77b2a8","city_ab77b2a8",,"4/19/2026 9:25:33 AM"
"C:\Dev\Nexus_MASTER\public\assets\cities\city_ab77b2a8\base.png","base.png","4079172","4/18/2026 2:19:18 PM"
"C:\Dev\Nexus_MASTER\public\assets\cities\city_ab77b2a8\meta.json","meta.json","710","4/10/2026 11:42:16 AM"
"C:\Dev\Nexus_MASTER\public\assets\cities\city_af6fd06c","city_af6fd06c",,"4/19/2026 9:25:47 AM"
"C:\Dev\Nexus_MASTER\public\assets\cities\city_af6fd06c\base.png","base.png","3406153","4/18/2026 8:21:06 PM"
"C:\Dev\Nexus_MASTER\public\assets\cities\city_af6fd06c\meta.json","meta.json","704","4/10/2026 11:42:16 AM"
"C:\Dev\Nexus_MASTER\public\assets\cities\city_b5ad2562","city_b5ad2562",,"4/19/2026 9:26:01 AM"
"C:\Dev\Nexus_MASTER\public\assets\cities\city_b5ad2562\base.png","base.png","3343864","4/18/2026 2:33:20 PM"
"C:\Dev\Nexus_MASTER\public\assets\cities\city_b5ad2562\meta.json","meta.json","711","4/10/2026 11:42:16 AM"
"C:\Dev\Nexus_MASTER\public\assets\cities\city_b7ea02a9","city_b7ea02a9",,"4/19/2026 9:26:12 AM"
"C:\Dev\Nexus_MASTER\public\assets\cities\city_b7ea02a9\base.png","base.png","2936003","4/18/2026 7:29:41 PM"
"C:\Dev\Nexus_MASTER\public\assets\cities\city_b7ea02a9\meta.json","meta.json","709","4/10/2026 11:42:16 AM"
"C:\Dev\Nexus_MASTER\public\assets\cities\city_b903b4d0","city_b903b4d0",,"4/19/2026 9:26:26 AM"
"C:\Dev\Nexus_MASTER\public\assets\cities\city_b903b4d0\base.png","base.png","2726424","4/18/2026 8:18:48 PM"
"C:\Dev\Nexus_MASTER\public\assets\cities\city_b903b4d0\meta.json","meta.json","707","4/10/2026 11:42:16 AM"
"C:\Dev\Nexus_MASTER\public\assets\cities\city_c27d5d7f","city_c27d5d7f",,"4/19/2026 10:07:26 AM"
"C:\Dev\Nexus_MASTER\public\assets\cities\city_c27d5d7f\base.png","base.png","3475371","4/18/2026 2:35:22 PM"
"C:\Dev\Nexus_MASTER\public\assets\cities\city_c27d5d7f\meta.json","meta.json","711","4/10/2026 11:42:16 AM"
"C:\Dev\Nexus_MASTER\public\assets\cities\city_c79509a4","city_c79509a4",,"4/19/2026 9:27:11 AM"
"C:\Dev\Nexus_MASTER\public\assets\cities\city_c79509a4\base.png","base.png","3280419","4/18/2026 8:17:47 PM"
"C:\Dev\Nexus_MASTER\public\assets\cities\city_c79509a4\meta.json","meta.json","706","4/10/2026 11:42:16 AM"
"C:\Dev\Nexus_MASTER\public\assets\cities\city_c94decbe","city_c94decbe",,"4/19/2026 9:26:45 AM"
"C:\Dev\Nexus_MASTER\public\assets\cities\city_c94decbe\base.png","base.png","3344936","4/18/2026 8:16:47 PM"
"C:\Dev\Nexus_MASTER\public\assets\cities\city_c94decbe\meta.json","meta.json","709","4/10/2026 11:42:16 AM"
"C:\Dev\Nexus_MASTER\public\assets\cities\city_d2941d41","city_d2941d41",,"4/19/2026 9:27:24 AM"
"C:\Dev\Nexus_MASTER\public\assets\cities\city_d2941d41\base.png","base.png","3002458","4/18/2026 2:18:42 PM"
"C:\Dev\Nexus_MASTER\public\assets\cities\city_d2941d41\meta.json","meta.json","715","4/10/2026 11:42:16 AM"
"C:\Dev\Nexus_MASTER\public\assets\cities\city_dd17b133","city_dd17b133",,"4/19/2026 11:58:23 AM"
"C:\Dev\Nexus_MASTER\public\assets\cities\city_dd17b133\base.png","base.png","1798637","4/19/2026 10:09:38 AM"
"C:\Dev\Nexus_MASTER\public\assets\cities\city_dd17b133\meta.json","meta.json","712","4/10/2026 11:42:16 AM"
"C:\Dev\Nexus_MASTER\public\assets\cities\city_f03b8f57","city_f03b8f57",,"4/19/2026 9:27:42 AM"
"C:\Dev\Nexus_MASTER\public\assets\cities\city_f03b8f57\base.png","base.png","2998301","4/18/2026 2:49:19 PM"
"C:\Dev\Nexus_MASTER\public\assets\cities\city_f03b8f57\meta.json","meta.json","709","4/10/2026 11:42:16 AM"
"C:\Dev\Nexus_MASTER\public\assets\cities\Columbus.png","Columbus.png","3354775","4/18/2026 2:51:49 PM"
"C:\Dev\Nexus_MASTER\public\assets\cities\Dallas Texas.png","Dallas Texas.png","4258512","4/18/2026 2:23:14 PM"
"C:\Dev\Nexus_MASTER\public\assets\cities\Denver.png","Denver.png","3076478","4/18/2026 2:38:24 PM"
"C:\Dev\Nexus_MASTER\public\assets\cities\Des Moines.png","Des Moines.png","3627828","4/18/2026 2:43:01 PM"
"C:\Dev\Nexus_MASTER\public\assets\cities\Detroit.png","Detroit.png","3327504","4/18/2026 2:27:03 PM"
"C:\Dev\Nexus_MASTER\public\assets\cities\Eugene Oregon.png","Eugene Oregon.png","3833400","4/18/2026 2:21:11 PM"
"C:\Dev\Nexus_MASTER\public\assets\cities\Fargo.png","Fargo.png","2025939","4/18/2026 3:51:33 PM"
"C:\Dev\Nexus_MASTER\public\assets\cities\Fort Worth .png","Fort Worth .png","4149373","4/18/2026 2:23:56 PM"
"C:\Dev\Nexus_MASTER\public\assets\cities\Honalulu.png","Honalulu.png","2105568","4/18/2026 2:41:26 PM"
"C:\Dev\Nexus_MASTER\public\assets\cities\Houston .png","Houston .png","3600940","4/18/2026 2:24:41 PM"
"C:\Dev\Nexus_MASTER\public\assets\cities\Indianapolis.png","Indianapolis.png","3722864","4/18/2026 2:42:20 PM"
"C:\Dev\Nexus_MASTER\public\assets\cities\Jackson.png","Jackson.png","2689189","4/18/2026 3:52:18 PM"
"C:\Dev\Nexus_MASTER\public\assets\cities\jacksonville_city_id","jacksonville_city_id",,"4/19/2026 12:03:39 PM"
"C:\Dev\Nexus_MASTER\public\assets\cities\jacksonville_city_id\base.png","base.png","328387","4/19/2026 12:00:06 PM"
"C:\Dev\Nexus_MASTER\public\assets\cities\jacksonville_city_id\meta.json","meta.json","342","4/19/2026 12:03:39 PM"
"C:\Dev\Nexus_MASTER\public\assets\cities\Kansas City.png","Kansas City.png","3718764","4/18/2026 2:47:18 PM"
"C:\Dev\Nexus_MASTER\public\assets\cities\Las Vegas.png","Las Vegas.png","2998301","4/18/2026 2:49:19 PM"
"C:\Dev\Nexus_MASTER\public\assets\cities\Los Angeles.png","Los Angeles.png","3407060","4/18/2026 2:17:55 PM"
"C:\Dev\Nexus_MASTER\public\assets\cities\Manchester.png","Manchester.png","2957054","4/18/2026 2:50:17 PM"
"C:\Dev\Nexus_MASTER\public\assets\cities\Miluawkie .png","Miluawkie .png","2457163","4/18/2026 3:46:43 PM"
"C:\Dev\Nexus_MASTER\public\assets\cities\Minneapolis.png","Minneapolis.png","3276381","4/18/2026 2:46:40 PM"
"C:\Dev\Nexus_MASTER\public\assets\cities\Nashville.png","Nashville.png","3599975","4/18/2026 2:25:17 PM"
"C:\Dev\Nexus_MASTER\public\assets\cities\New Orleans .png","New Orleans .png","3343864","4/18/2026 2:33:20 PM"
"C:\Dev\Nexus_MASTER\public\assets\cities\New York City.png","New York City.png","3641885","4/18/2026 2:17:08 PM"
"C:\Dev\Nexus_MASTER\public\assets\cities\Newark.png","Newark.png","3405080","4/18/2026 2:29:35 PM"
"C:\Dev\Nexus_MASTER\public\assets\cities\Oklahoma.png","Oklahoma.png","3767141","4/18/2026 2:52:44 PM"
"C:\Dev\Nexus_MASTER\public\assets\cities\Omaha.png","Omaha.png","2955815","4/18/2026 2:48:41 PM"
"C:\Dev\Nexus_MASTER\public\assets\cities\Philadelphia .png","Philadelphia .png","3859089","4/18/2026 2:31:02 PM"
"C:\Dev\Nexus_MASTER\public\assets\cities\Phoenix.png","Phoenix.png","2395663","4/18/2026 2:34:27 PM"
"C:\Dev\Nexus_MASTER\public\assets\cities\Portland .png","Portland .png","4079172","4/18/2026 2:19:18 PM"
"C:\Dev\Nexus_MASTER\public\assets\cities\Portland Maine.png","Portland Maine.png","2666221","4/18/2026 2:44:24 PM"
"C:\Dev\Nexus_MASTER\public\assets\cities\Salt Lake City.png","Salt Lake City.png","3264237","4/18/2026 3:46:06 PM"
"C:\Dev\Nexus_MASTER\public\assets\cities\San Antonio.png","San Antonio.png","3475371","4/18/2026 2:35:22 PM"
"C:\Dev\Nexus_MASTER\public\assets\cities\San Diego.png","San Diego.png","3183934","4/19/2026 10:08:21 AM"
"C:\Dev\Nexus_MASTER\public\assets\cities\San Fransico.png","San Fransico.png","3002458","4/18/2026 2:18:42 PM"
"C:\Dev\Nexus_MASTER\public\assets\cities\san jose.png","san jose.png","3318941","4/18/2026 8:27:15 PM"
"C:\Dev\Nexus_MASTER\public\assets\cities\Souix Falls .png","Souix Falls .png","3131582","4/18/2026 3:50:47 PM"
"C:\Dev\Nexus_MASTER\public\assets\cities\Wichita.png","Wichita.png","3447336","4/18/2026 2:43:45 PM"
"C:\Dev\Nexus_MASTER\public\assets\cities\Wilmington.png","Wilmington.png","3000848","4/18/2026 2:40:30 PM"
"C:\Dev\Nexus_MASTER\public\assets\city_tiles","city_tiles",,"4/16/2026 8:00:28 PM"
"C:\Dev\Nexus_MASTER\public\assets\city_tiles\city_53389926","city_53389926",,"4/16/2026 8:00:28 PM"
"C:\Dev\Nexus_MASTER\public\assets\city_tiles\city_53389926\15","15",,"4/16/2026 8:00:28 PM"
"C:\Dev\Nexus_MASTER\public\assets\city_tiles\city_53389926\15\9067","9067",,"4/16/2026 8:00:28 PM"
"C:\Dev\Nexus_MASTER\public\assets\city_tiles\city_53389926\15\9067\13941.jpg","13941.jpg","19561","3/30/2026 10:31:22 PM"
"C:\Dev\Nexus_MASTER\public\assets\city_tiles\city_53389926\15\9067\13942.jpg","13942.jpg","22483","3/30/2026 10:31:22 PM"
"C:\Dev\Nexus_MASTER\public\assets\city_tiles\city_53389926\15\9067\13943.jpg","13943.jpg","18455","3/30/2026 10:31:22 PM"
"C:\Dev\Nexus_MASTER\public\assets\city_tiles\city_53389926\15\9067\13944.jpg","13944.jpg","19493","3/30/2026 10:31:22 PM"
"C:\Dev\Nexus_MASTER\public\assets\city_tiles\city_53389926\15\9067\13945.jpg","13945.jpg","17252","3/30/2026 10:31:22 PM"
"C:\Dev\Nexus_MASTER\public\assets\city_tiles\city_53389926\15\9067\13946.jpg","13946.jpg","22487","3/30/2026 10:31:22 PM"
"C:\Dev\Nexus_MASTER\public\assets\city_tiles\city_53389926\15\9067\13947.jpg","13947.jpg","24583","3/30/2026 10:31:22 PM"
"C:\Dev\Nexus_MASTER\public\assets\city_tiles\city_53389926\15\9067\13948.jpg","13948.jpg","22827","3/30/2026 10:31:23 PM"
"C:\Dev\Nexus_MASTER\public\assets\city_tiles\city_53389926\15\9067\13949.jpg","13949.jpg","24542","3/30/2026 10:31:23 PM"
"C:\Dev\Nexus_MASTER\public\assets\city_tiles\city_53389926\15\9067\13950.jpg","13950.jpg","23193","3/30/2026 10:31:23 PM"
"C:\Dev\Nexus_MASTER\public\assets\city_tiles\city_53389926\15\9067\13951.jpg","13951.jpg","19057","3/30/2026 10:31:23 PM"
"C:\Dev\Nexus_MASTER\public\assets\city_tiles\city_53389926\15\9067\13952.jpg","13952.jpg","22412","3/30/2026 10:31:23 PM"
"C:\Dev\Nexus_MASTER\public\assets\city_tiles\city_53389926\15\9067\13953.jpg","13953.jpg","20875","3/30/2026 10:31:23 PM"
"C:\Dev\Nexus_MASTER\public\assets\city_tiles\city_53389926\15\9067\13954.jpg","13954.jpg","25381","3/30/2026 10:31:23 PM"
"C:\Dev\Nexus_MASTER\public\assets\city_tiles\city_53389926\15\9067\13955.jpg","13955.jpg","27256","3/30/2026 10:31:23 PM"
"C:\Dev\Nexus_MASTER\public\assets\city_tiles\city_53389926\15\9067\13956.jpg","13956.jpg","23828","3/30/2026 10:31:23 PM"
"C:\Dev\Nexus_MASTER\public\assets\city_tiles\city_53389926\15\9067\13957.jpg","13957.jpg","27219","3/30/2026 10:31:23 PM"
"C:\Dev\Nexus_MASTER\public\assets\city_tiles\city_53389926\15\9067\13958.jpg","13958.jpg","27475","3/30/2026 10:31:23 PM"
"C:\Dev\Nexus_MASTER\public\assets\city_tiles\city_53389926\15\9067\13959.jpg","13959.jpg","27901","3/30/2026 10:31:23 PM"
"C:\Dev\Nexus_MASTER\public\assets\city_tiles\city_53389926\15\9067\13960.jpg","13960.jpg","27531","3/30/2026 10:31:23 PM"
"C:\Dev\Nexus_MASTER\public\assets\city_tiles\city_53389926\15\9067\13961.jpg","13961.jpg","26779","3/30/2026 10:31:23 PM"
"C:\Dev\Nexus_MASTER\public\assets\city_tiles\city_53389926\15\9067\13962.jpg","13962.jpg","27362","3/30/2026 10:31:23 PM"
"C:\Dev\Nexus_MASTER\public\assets\city_tiles\city_53389926\15\9067\13963.jpg","13963.jpg","29268","3/30/2026 10:31:24 PM"
"C:\Dev\Nexus_MASTER\public\assets\city_tiles\city_53389926\15\9067\13964.jpg","13964.jpg","29172","3/30/2026 10:31:24 PM"
"C:\Dev\Nexus_MASTER\public\assets\city_tiles\city_53389926\15\9067\13965.jpg","13965.jpg","28321","3/30/2026 10:31:24 PM"
"C:\Dev\Nexus_MASTER\public\assets\city_tiles\city_53389926\15\9067\13966.jpg","13966.jpg","26941","3/30/2026 10:31:24 PM"
"C:\Dev\Nexus_MASTER\public\assets\city_tiles\city_53389926\15\9067\13967.jpg","13967.jpg","26688","3/30/2026 10:31:24 PM"
"C:\Dev\Nexus_MASTER\public\assets\city_tiles\city_53389926\15\9067\13968.jpg","13968.jpg","27225","3/30/2026 10:31:24 PM"
"C:\Dev\Nexus_MASTER\public\assets\city_tiles\city_53389926\15\9068","9068",,"4/16/2026 8:00:28 PM"
"C:\Dev\Nexus_MASTER\public\assets\city_tiles\city_53389926\15\9068\13940.jpg","13940.jpg","11015","3/30/2026 10:31:24 PM"
"C:\Dev\Nexus_MASTER\public\assets\city_tiles\city_53389926\15\9068\13941.jpg","13941.jpg","18516","3/30/2026 10:31:24 PM"
"C:\Dev\Nexus_MASTER\public\assets\city_tiles\city_53389926\15\9068\13942.jpg","13942.jpg","22600","3/30/2026 10:31:24 PM"
"C:\Dev\Nexus_MASTER\public\assets\city_tiles\city_53389926\15\9068\13943.jpg","13943.jpg","21970","3/30/2026 10:31:24 PM"
"C:\Dev\Nexus_MASTER\public\assets\city_tiles\city_53389926\15\9068\13944.jpg","13944.jpg","22408","3/30/2026 10:31:24 PM"
"C:\Dev\Nexus_MASTER\public\assets\city_tiles\city_53389926\15\9068\13945.jpg","13945.jpg","12088","3/30/2026 10:31:24 PM"
"C:\Dev\Nexus_MASTER\public\assets\city_tiles\city_53389926\15\9068\13946.jpg","13946.jpg","18951","3/30/2026 10:31:24 PM"
"C:\Dev\Nexus_MASTER\public\assets\city_tiles\city_53389926\15\9068\13947.jpg","13947.jpg","23888","3/30/2026 10:31:24 PM"
"C:\Dev\Nexus_MASTER\public\assets\city_tiles\city_53389926\15\9068\13948.jpg","13948.jpg","24553","3/30/2026 10:31:24 PM"
"C:\Dev\Nexus_MASTER\public\assets\city_tiles\city_53389926\15\9068\13949.jpg","13949.jpg","24855","3/30/2026 10:31:24 PM"
"C:\Dev\Nexus_MASTER\public\assets\city_tiles\city_53389926\15\9068\13950.jpg","13950.jpg","22125","3/30/2026 10:31:25 PM"
"C:\Dev\Nexus_MASTER\public\assets\city_tiles\city_53389926\15\9068\13951.jpg","13951.jpg","19538","3/30/2026 10:31:25 PM"
"C:\Dev\Nexus_MASTER\public\assets\city_tiles\city_53389926\15\9068\13952.jpg","13952.jpg","24837","3/30/2026 10:31:25 PM"
"C:\Dev\Nexus_MASTER\public\assets\city_tiles\city_53389926\15\9068\13953.jpg","13953.jpg","23662","3/30/2026 10:31:25 PM"
"C:\Dev\Nexus_MASTER\public\assets\city_tiles\city_53389926\15\9068\13954.jpg","13954.jpg","26476","3/30/2026 10:31:25 PM"
"C:\Dev\Nexus_MASTER\public\assets\city_tiles\city_53389926\15\9068\13955.jpg","13955.jpg","27902","3/30/2026 10:31:25 PM"
"C:\Dev\Nexus_MASTER\public\assets\city_tiles\city_53389926\15\9068\13956.jpg","13956.jpg","25830","3/30/2026 10:31:25 PM"
"C:\Dev\Nexus_MASTER\public\assets\city_tiles\city_53389926\15\9068\13957.jpg","13957.jpg","29046","3/30/2026 10:31:25 PM"
"C:\Dev\Nexus_MASTER\public\assets\city_tiles\city_53389926\15\9068\13958.jpg","13958.jpg","30090","3/30/2026 10:31:25 PM"
"C:\Dev\Nexus_MASTER\public\assets\city_tiles\city_53389926\15\9068\13959.jpg","13959.jpg","27767","3/30/2026 10:31:25 PM"
"C:\Dev\Nexus_MASTER\public\assets\city_tiles\city_53389926\15\9068\13960.jpg","13960.jpg","28265","3/30/2026 10:31:25 PM"
"C:\Dev\Nexus_MASTER\public\assets\city_tiles\city_53389926\15\9068\13961.jpg","13961.jpg","30075","3/30/2026 10:31:25 PM"
"C:\Dev\Nexus_MASTER\public\assets\city_tiles\city_53389926\15\9068\13962.jpg","13962.jpg","25434","3/30/2026 10:31:25 PM"
"C:\Dev\Nexus_MASTER\public\assets\city_tiles\city_53389926\15\9068\13963.jpg","13963.jpg","28508","3/30/2026 10:31:25 PM"
"C:\Dev\Nexus_MASTER\public\assets\city_tiles\city_53389926\15\9068\13964.jpg","13964.jpg","26842","3/30/2026 10:31:25 PM"
"C:\Dev\Nexus_MASTER\public\assets\city_tiles\city_53389926\15\9068\13965.jpg","13965.jpg","29125","3/30/2026 10:31:26 PM"
"C:\Dev\Nexus_MASTER\public\assets\city_tiles\city_53389926\15\9068\13966.jpg","13966.jpg","29716","3/30/2026 10:31:26 PM"
"C:\Dev\Nexus_MASTER\public\assets\city_tiles\city_53389926\15\9068\13967.jpg","13967.jpg","29672","3/30/2026 10:31:26 PM"
"C:\Dev\Nexus_MASTER\public\assets\city_tiles\city_53389926\15\9068\13968.jpg","13968.jpg","29706","3/30/2026 10:31:26 PM"
"C:\Dev\Nexus_MASTER\public\assets\city_tiles\city_53389926\15\9069","9069",,"4/16/2026 8:00:28 PM"
"C:\Dev\Nexus_MASTER\public\assets\city_tiles\city_53389926\15\9069\13940.jpg","13940.jpg","15021","3/30/2026 10:31:26 PM"
"C:\Dev\Nexus_MASTER\public\assets\city_tiles\city_53389926\15\9069\13941.jpg","13941.jpg","15925","3/30/2026 10:40:51 PM"
"C:\Dev\Nexus_MASTER\public\assets\city_tiles\city_53389926\15\9069\13942.jpg","13942.jpg","25762","3/30/2026 10:40:51 PM"
"C:\Dev\Nexus_MASTER\public\assets\city_tiles\city_53389926\15\9069\13943.jpg","13943.jpg","24308","3/30/2026 10:40:51 PM"
"C:\Dev\Nexus_MASTER\public\assets\city_tiles\city_53389926\15\9069\13944.jpg","13944.jpg","23128","3/30/2026 10:40:51 PM"
"C:\Dev\Nexus_MASTER\public\assets\city_tiles\city_53389926\15\9069\13945.jpg","13945.jpg","9628","3/30/2026 10:40:51 PM"
"C:\Dev\Nexus_MASTER\public\assets\city_tiles\city_53389926\15\9069\13946.jpg","13946.jpg","15686","3/30/2026 10:40:51 PM"
"C:\Dev\Nexus_MASTER\public\assets\city_tiles\city_53389926\15\9069\13947.jpg","13947.jpg","18081","3/30/2026 10:40:51 PM"
"C:\Dev\Nexus_MASTER\public\assets\city_tiles\city_53389926\15\9069\13948.jpg","13948.jpg","20193","3/30/2026 10:40:51 PM"
"C:\Dev\Nexus_MASTER\public\assets\city_tiles\city_53389926\15\9069\13949.jpg","13949.jpg","23040","3/30/2026 10:40:51 PM"
"C:\Dev\Nexus_MASTER\public\assets\city_tiles\city_53389926\15\9069\13950.jpg","13950.jpg","24342","3/30/2026 10:40:51 PM"
"C:\Dev\Nexus_MASTER\public\assets\city_tiles\city_53389926\15\9069\13951.jpg","13951.jpg","23639","3/30/2026 10:40:51 PM"
"C:\Dev\Nexus_MASTER\public\assets\city_tiles\city_53389926\15\9069\13952.jpg","13952.jpg","24295","3/30/2026 10:40:51 PM"
"C:\Dev\Nexus_MASTER\public\assets\city_tiles\city_53389926\15\9069\13953.jpg","13953.jpg","23111","3/30/2026 10:40:51 PM"
"C:\Dev\Nexus_MASTER\public\assets\city_tiles\city_53389926\15\9069\13954.jpg","13954.jpg","27318","3/30/2026 10:40:51 PM"
"C:\Dev\Nexus_MASTER\public\assets\city_tiles\city_53389926\15\9069\13955.jpg","13955.jpg","29788","3/30/2026 10:40:51 PM"
"C:\Dev\Nexus_MASTER\public\assets\city_tiles\city_53389926\15\9069\13956.jpg","13956.jpg","29644","3/30/2026 10:40:51 PM"
"C:\Dev\Nexus_MASTER\public\assets\city_tiles\city_53389926\15\9069\13957.jpg","13957.jpg","30966","3/30/2026 10:40:51 PM"
"C:\Dev\Nexus_MASTER\public\assets\city_tiles\city_53389926\15\9069\13958.jpg","13958.jpg","29420","3/30/2026 10:40:51 PM"
"C:\Dev\Nexus_MASTER\public\assets\city_tiles\city_53389926\15\9069\13959.jpg","13959.jpg","30252","3/30/2026 10:40:51 PM"
"C:\Dev\Nexus_MASTER\public\assets\city_tiles\city_53389926\15\9069\13960.jpg","13960.jpg","29378","3/30/2026 10:40:52 PM"
"C:\Dev\Nexus_MASTER\public\assets\city_tiles\city_53389926\15\9069\13961.jpg","13961.jpg","28471","3/30/2026 10:40:52 PM"
"C:\Dev\Nexus_MASTER\public\assets\city_tiles\city_53389926\15\9069\13962.jpg","13962.jpg","27177","3/30/2026 10:40:52 PM"
"C:\Dev\Nexus_MASTER\public\assets\city_tiles\city_53389926\15\9069\13963.jpg","13963.jpg","28567","3/30/2026 10:40:52 PM"
"C:\Dev\Nexus_MASTER\public\assets\city_tiles\city_53389926\15\9069\13964.jpg","13964.jpg","27318","3/30/2026 10:40:52 PM"
"C:\Dev\Nexus_MASTER\public\assets\city_tiles\city_53389926\15\9069\13965.jpg","13965.jpg","28205","3/30/2026 10:40:52 PM"
"C:\Dev\Nexus_MASTER\public\assets\city_tiles\city_53389926\15\9069\13966.jpg","13966.jpg","29319","3/30/2026 10:40:52 PM"
"C:\Dev\Nexus_MASTER\public\assets\city_tiles\city_53389926\15\9069\13967.jpg","13967.jpg","29373","3/30/2026 10:40:52 PM"
"C:\Dev\Nexus_MASTER\public\assets\city_tiles\city_53389926\15\9069\13968.jpg","13968.jpg","28470","3/30/2026 10:40:52 PM"
"C:\Dev\Nexus_MASTER\public\assets\city_tiles\city_53389926\15\9069\13969.jpg","13969.jpg","29036","3/30/2026 10:40:52 PM"
"C:\Dev\Nexus_MASTER\public\assets\city_tiles\city_53389926\15\9069\13970.jpg","13970.jpg","29157","3/30/2026 10:40:52 PM"
"C:\Dev\Nexus_MASTER\public\assets\city_tiles\city_53389926\15\9070","9070",,"4/16/2026 8:00:28 PM"
"C:\Dev\Nexus_MASTER\public\assets\city_tiles\city_53389926\15\9070\13940.jpg","13940.jpg","20596","3/30/2026 10:31:28 PM"
"C:\Dev\Nexus_MASTER\public\assets\city_tiles\city_53389926\15\9070\13941.jpg","13941.jpg","23527","3/30/2026 10:40:52 PM"
"C:\Dev\Nexus_MASTER\public\assets\city_tiles\city_53389926\15\9070\13942.jpg","13942.jpg","25338","3/30/2026 10:40:52 PM"
"C:\Dev\Nexus_MASTER\public\assets\city_tiles\city_53389926\15\9070\13943.jpg","13943.jpg","25509","3/30/2026 10:40:52 PM"
"C:\Dev\Nexus_MASTER\public\assets\city_tiles\city_53389926\15\9070\13944.jpg","13944.jpg","23054","3/30/2026 10:40:52 PM"
"C:\Dev\Nexus_MASTER\public\assets\city_tiles\city_53389926\15\9070\13945.jpg","13945.jpg","20880","3/30/2026 10:40:52 PM"
"C:\Dev\Nexus_MASTER\public\assets\city_tiles\city_53389926\15\9070\13946.jpg","13946.jpg","10509","3/30/2026 10:40:52 PM"
"C:\Dev\Nexus_MASTER\public\assets\city_tiles\city_53389926\15\9070\13947.jpg","13947.jpg","8759","3/30/2026 10:40:52 PM"
"C:\Dev\Nexus_MASTER\public\assets\city_tiles\city_53389926\15\9070\13948.jpg","13948.jpg","11585","3/30/2026 10:40:52 PM"
"C:\Dev\Nexus_MASTER\public\assets\city_tiles\city_53389926\15\9070\13949.jpg","13949.jpg","21385","3/30/2026 10:40:52 PM"
"C:\Dev\Nexus_MASTER\public\assets\city_tiles\city_53389926\15\9070\13950.jpg","13950.jpg","23564","3/30/2026 10:40:52 PM"
"C:\Dev\Nexus_MASTER\public\assets\city_tiles\city_53389926\15\9070\13951.jpg","13951.jpg","20264","3/30/2026 10:40:52 PM"
"C:\Dev\Nexus_MASTER\public\assets\city_tiles\city_53389926\15\9070\13952.jpg","13952.jpg","19964","3/30/2026 10:40:52 PM"
"C:\Dev\Nexus_MASTER\public\assets\city_tiles\city_53389926\15\9070\13953.jpg","13953.jpg","17958","3/30/2026 10:40:52 PM"
"C:\Dev\Nexus_MASTER\public\assets\city_tiles\city_53389926\15\9070\13954.jpg","13954.jpg","26853","3/30/2026 10:40:52 PM"
"C:\Dev\Nexus_MASTER\public\assets\city_tiles\city_53389926\15\9070\13955.jpg","13955.jpg","27577","3/30/2026 10:40:52 PM"
"C:\Dev\Nexus_MASTER\public\assets\city_tiles\city_53389926\15\9070\13956.jpg","13956.jpg","29625","3/30/2026 10:40:52 PM"
"C:\Dev\Nexus_MASTER\public\assets\city_tiles\city_53389926\15\9070\13957.jpg","13957.jpg","28851","3/30/2026 10:40:52 PM"
"C:\Dev\Nexus_MASTER\public\assets\city_tiles\city_53389926\15\9070\13958.jpg","13958.jpg","29242","3/30/2026 10:40:52 PM"
"C:\Dev\Nexus_MASTER\public\assets\city_tiles\city_53389926\15\9070\13959.jpg","13959.jpg","30116","3/30/2026 10:40:53 PM"
"C:\Dev\Nexus_MASTER\public\assets\city_tiles\city_53389926\15\9070\13960.jpg","13960.jpg","30158","3/30/2026 10:40:53 PM"
"C:\Dev\Nexus_MASTER\public\assets\city_tiles\city_53389926\15\9070\13961.jpg","13961.jpg","29373","3/30/2026 10:40:53 PM"
"C:\Dev\Nexus_MASTER\public\assets\city_tiles\city_53389926\15\9070\13962.jpg","13962.jpg","29345","3/30/2026 10:40:53 PM"
"C:\Dev\Nexus_MASTER\public\assets\city_tiles\city_53389926\15\9070\13963.jpg","13963.jpg","28442","3/30/2026 10:40:53 PM"
"C:\Dev\Nexus_MASTER\public\assets\city_tiles\city_53389926\15\9070\13964.jpg","13964.jpg","28830","3/30/2026 10:40:53 PM"
"C:\Dev\Nexus_MASTER\public\assets\city_tiles\city_53389926\15\9070\13965.jpg","13965.jpg","28029","3/30/2026 10:40:53 PM"
"C:\Dev\Nexus_MASTER\public\assets\city_tiles\city_53389926\15\9070\13966.jpg","13966.jpg","29907","3/30/2026 10:40:53 PM"
"C:\Dev\Nexus_MASTER\public\assets\city_tiles\city_53389926\15\9070\13967.jpg","13967.jpg","26594","3/30/2026 10:40:53 PM"
"C:\Dev\Nexus_MASTER\public\assets\city_tiles\city_53389926\15\9070\13968.jpg","13968.jpg","26612","3/30/2026 10:40:53 PM"
"C:\Dev\Nexus_MASTER\public\assets\city_tiles\city_53389926\15\9070\13969.jpg","13969.jpg","25730","3/30/2026 10:40:53 PM"
"C:\Dev\Nexus_MASTER\public\assets\city_tiles\city_53389926\15\9070\13970.jpg","13970.jpg","28814","3/30/2026 10:40:53 PM"
"C:\Dev\Nexus_MASTER\public\assets\city_tiles\city_53389926\15\9071","9071",,"4/16/2026 8:00:28 PM"
"C:\Dev\Nexus_MASTER\public\assets\city_tiles\city_53389926\15\9071\13940.jpg","13940.jpg","23561","3/30/2026 10:31:30 PM"
"C:\Dev\Nexus_MASTER\public\assets\city_tiles\city_53389926\15\9071\13941.jpg","13941.jpg","24066","3/30/2026 10:40:53 PM"
"C:\Dev\Nexus_MASTER\public\assets\city_tiles\city_53389926\15\9071\13942.jpg","13942.jpg","23851","3/30/2026 10:40:53 PM"
"C:\Dev\Nexus_MASTER\public\assets\city_tiles\city_53389926\15\9071\13943.jpg","13943.jpg","24990","3/30/2026 10:40:53 PM"
"C:\Dev\Nexus_MASTER\public\assets\city_tiles\city_53389926\15\9071\13944.jpg","13944.jpg","22958","3/30/2026 10:40:53 PM"
"C:\Dev\Nexus_MASTER\public\assets\city_tiles\city_53389926\15\9071\13945.jpg","13945.jpg","20458","3/30/2026 10:40:53 PM"
"C:\Dev\Nexus_MASTER\public\assets\city_tiles\city_53389926\15\9071\13946.jpg","13946.jpg","18461","3/30/2026 10:40:53 PM"
"C:\Dev\Nexus_MASTER\public\assets\city_tiles\city_53389926\15\9071\13947.jpg","13947.jpg","17370","3/30/2026 10:40:53 PM"
"C:\Dev\Nexus_MASTER\public\assets\city_tiles\city_53389926\15\9071\13948.jpg","13948.jpg","17663","3/30/2026 10:40:53 PM"
"C:\Dev\Nexus_MASTER\public\assets\city_tiles\city_53389926\15\9071\13949.jpg","13949.jpg","22325","3/30/2026 10:40:53 PM"
"C:\Dev\Nexus_MASTER\public\assets\city_tiles\city_53389926\15\9071\13950.jpg","13950.jpg","23075","3/30/2026 10:40:53 PM"
"C:\Dev\Nexus_MASTER\public\assets\city_tiles\city_53389926\15\9071\13951.jpg","13951.jpg","22976","3/30/2026 10:40:53 PM"
"C:\Dev\Nexus_MASTER\public\assets\city_tiles\city_53389926\15\9071\13952.jpg","13952.jpg","23859","3/30/2026 10:40:53 PM"
"C:\Dev\Nexus_MASTER\public\assets\city_tiles\city_53389926\15\9071\13953.jpg","13953.jpg","21423","3/30/2026 10:40:53 PM"
"C:\Dev\Nexus_MASTER\public\assets\city_tiles\city_53389926\15\9071\13954.jpg","13954.jpg","26481","3/30/2026 10:40:53 PM"
"C:\Dev\Nexus_MASTER\public\assets\city_tiles\city_53389926\15\9071\13955.jpg","13955.jpg","28896","3/30/2026 10:40:53 PM"
"C:\Dev\Nexus_MASTER\public\assets\city_tiles\city_53389926\15\9071\13956.jpg","13956.jpg","29496","3/30/2026 10:40:53 PM"
"C:\Dev\Nexus_MASTER\public\assets\city_tiles\city_53389926\15\9071\13957.jpg","13957.jpg","27803","3/30/2026 10:40:54 PM"
"C:\Dev\Nexus_MASTER\public\assets\city_tiles\city_53389926\15\9071\13958.jpg","13958.jpg","29275","3/30/2026 10:40:54 PM"
"C:\Dev\Nexus_MASTER\public\assets\city_tiles\city_53389926\15\9071\13959.jpg","13959.jpg","27286","3/30/2026 10:40:54 PM"
"C:\Dev\Nexus_MASTER\public\assets\city_tiles\city_53389926\15\9071\13960.jpg","13960.jpg","27634","3/30/2026 10:40:54 PM"
"C:\Dev\Nexus_MASTER\public\assets\city_tiles\city_53389926\15\9071\13961.jpg","13961.jpg","26280","3/30/2026 10:40:54 PM"
"C:\Dev\Nexus_MASTER\public\assets\city_tiles\city_53389926\15\9071\13962.jpg","13962.jpg","29109","3/30/2026 10:40:54 PM"
"C:\Dev\Nexus_MASTER\public\assets\city_tiles\city_53389926\15\9071\13963.jpg","13963.jpg","27780","3/30/2026 10:40:54 PM"
"C:\Dev\Nexus_MASTER\public\assets\city_tiles\city_53389926\15\9071\13964.jpg","13964.jpg","27992","3/30/2026 10:40:54 PM"
"C:\Dev\Nexus_MASTER\public\assets\city_tiles\city_53389926\15\9071\13965.jpg","13965.jpg","28793","3/30/2026 10:40:54 PM"
"C:\Dev\Nexus_MASTER\public\assets\city_tiles\city_53389926\15\9071\13966.jpg","13966.jpg","29033","3/30/2026 10:40:54 PM"
"C:\Dev\Nexus_MASTER\public\assets\city_tiles\city_53389926\15\9071\13967.jpg","13967.jpg","26684","3/30/2026 10:40:54 PM"
"C:\Dev\Nexus_MASTER\public\assets\city_tiles\city_53389926\15\9071\13968.jpg","13968.jpg","27665","3/30/2026 10:40:54 PM"
"C:\Dev\Nexus_MASTER\public\assets\city_tiles\city_53389926\15\9071\13969.jpg","13969.jpg","29451","3/30/2026 10:40:54 PM"
"C:\Dev\Nexus_MASTER\public\assets\city_tiles\city_53389926\15\9071\13970.jpg","13970.jpg","29370","3/30/2026 10:40:54 PM"
"C:\Dev\Nexus_MASTER\public\assets\city_tiles\city_53389926\15\9072","9072",,"4/16/2026 8:00:28 PM"
"C:\Dev\Nexus_MASTER\public\assets\city_tiles\city_53389926\15\9072\13940.jpg","13940.jpg","23243","3/30/2026 10:31:32 PM"
"C:\Dev\Nexus_MASTER\public\assets\city_tiles\city_53389926\15\9072\13941.jpg","13941.jpg","20594","3/30/2026 10:40:54 PM"
"C:\Dev\Nexus_MASTER\public\assets\city_tiles\city_53389926\15\9072\13942.jpg","13942.jpg","23724","3/30/2026 10:40:54 PM"
"C:\Dev\Nexus_MASTER\public\assets\city_tiles\city_53389926\15\9072\13943.jpg","13943.jpg","24431","3/30/2026 10:40:54 PM"
"C:\Dev\Nexus_MASTER\public\assets\city_tiles\city_53389926\15\9072\13944.jpg","13944.jpg","24534","3/30/2026 10:40:54 PM"
"C:\Dev\Nexus_MASTER\public\assets\city_tiles\city_53389926\15\9072\13945.jpg","13945.jpg","23258","3/30/2026 10:40:54 PM"
"C:\Dev\Nexus_MASTER\public\assets\city_tiles\city_53389926\15\9072\13946.jpg","13946.jpg","21223","3/30/2026 10:40:54 PM"
"C:\Dev\Nexus_MASTER\public\assets\city_tiles\city_53389926\15\9072\13947.jpg","13947.jpg","19520","3/30/2026 10:40:54 PM"
"C:\Dev\Nexus_MASTER\public\assets\city_tiles\city_53389926\15\9072\13948.jpg","13948.jpg","21177","3/30/2026 10:40:54 PM"
"C:\Dev\Nexus_MASTER\public\assets\city_tiles\city_53389926\15\9072\13949.jpg","13949.jpg","23214","3/30/2026 10:40:54 PM"
"C:\Dev\Nexus_MASTER\public\assets\city_tiles\city_53389926\15\9072\13950.jpg","13950.jpg","23451","3/30/2026 10:40:54 PM"
"C:\Dev\Nexus_MASTER\public\assets\city_tiles\city_53389926\15\9072\13951.jpg","13951.jpg","22630","3/30/2026 10:40:54 PM"
"C:\Dev\Nexus_MASTER\public\assets\city_tiles\city_53389926\15\9072\13952.jpg","13952.jpg","20745","3/30/2026 10:40:54 PM"
"C:\Dev\Nexus_MASTER\public\assets\city_tiles\city_53389926\15\9072\13953.jpg","13953.jpg","21556","3/30/2026 10:40:54 PM"
"C:\Dev\Nexus_MASTER\public\assets\city_tiles\city_53389926\15\9072\13954.jpg","13954.jpg","26022","3/30/2026 10:40:55 PM"
"C:\Dev\Nexus_MASTER\public\assets\city_tiles\city_53389926\15\9072\13955.jpg","13955.jpg","28631","3/30/2026 10:40:55 PM"
"C:\Dev\Nexus_MASTER\public\assets\city_tiles\city_53389926\15\9072\13956.jpg","13956.jpg","30784","3/30/2026 10:40:55 PM"
"C:\Dev\Nexus_MASTER\public\assets\city_tiles\city_53389926\15\9072\13957.jpg","13957.jpg","30553","3/30/2026 10:40:55 PM"
"C:\Dev\Nexus_MASTER\public\assets\city_tiles\city_53389926\15\9072\13958.jpg","13958.jpg","28751","3/30/2026 10:40:55 PM"
"C:\Dev\Nexus_MASTER\public\assets\city_tiles\city_53389926\15\9072\13959.jpg","13959.jpg","22854","3/30/2026 10:40:55 PM"
"C:\Dev\Nexus_MASTER\public\assets\city_tiles\city_53389926\15\9072\13960.jpg","13960.jpg","23781","3/30/2026 10:40:55 PM"
"C:\Dev\Nexus_MASTER\public\assets\city_tiles\city_53389926\15\9072\13961.jpg","13961.jpg","27619","3/30/2026 10:40:55 PM"
"C:\Dev\Nexus_MASTER\public\assets\city_tiles\city_53389926\15\9072\13962.jpg","13962.jpg","28582","3/30/2026 10:40:55 PM"
"C:\Dev\Nexus_MASTER\public\assets\city_tiles\city_53389926\15\9072\13963.jpg","13963.jpg","29650","3/30/2026 10:40:55 PM"
"C:\Dev\Nexus_MASTER\public\assets\city_tiles\city_53389926\15\9072\13964.jpg","13964.jpg","29079","3/30/2026 10:40:55 PM"
"C:\Dev\Nexus_MASTER\public\assets\city_tiles\city_53389926\15\9072\13965.jpg","13965.jpg","27527","3/30/2026 10:40:55 PM"
"C:\Dev\Nexus_MASTER\public\assets\city_tiles\city_53389926\15\9072\13966.jpg","13966.jpg","28423","3/30/2026 10:40:55 PM"
"C:\Dev\Nexus_MASTER\public\assets\city_tiles\city_53389926\15\9072\13967.jpg","13967.jpg","29471","3/30/2026 10:40:55 PM"
"C:\Dev\Nexus_MASTER\public\assets\city_tiles\city_53389926\15\9072\13968.jpg","13968.jpg","29707","3/30/2026 10:40:55 PM"
"C:\Dev\Nexus_MASTER\public\assets\city_tiles\city_53389926\15\9072\13969.jpg","13969.jpg","29687","3/30/2026 10:40:55 PM"
"C:\Dev\Nexus_MASTER\public\assets\city_tiles\city_53389926\15\9072\13970.jpg","13970.jpg","30707","3/30/2026 10:40:55 PM"
"C:\Dev\Nexus_MASTER\public\assets\city_tiles\city_53389926\15\9073","9073",,"4/16/2026 8:00:28 PM"
"C:\Dev\Nexus_MASTER\public\assets\city_tiles\city_53389926\15\9073\13940.jpg","13940.jpg","25692","3/30/2026 10:31:33 PM"
"C:\Dev\Nexus_MASTER\public\assets\city_tiles\city_53389926\15\9073\13941.jpg","13941.jpg","26116","3/30/2026 10:40:55 PM"
"C:\Dev\Nexus_MASTER\public\assets\city_tiles\city_53389926\15\9073\13942.jpg","13942.jpg","24595","3/30/2026 10:40:55 PM"
"C:\Dev\Nexus_MASTER\public\assets\city_tiles\city_53389926\15\9073\13943.jpg","13943.jpg","23922","3/30/2026 10:40:55 PM"
"C:\Dev\Nexus_MASTER\public\assets\city_tiles\city_53389926\15\9073\13944.jpg","13944.jpg","26039","3/30/2026 10:40:55 PM"
"C:\Dev\Nexus_MASTER\public\assets\city_tiles\city_53389926\15\9073\13945.jpg","13945.jpg","24867","3/30/2026 10:40:55 PM"
"C:\Dev\Nexus_MASTER\public\assets\city_tiles\city_53389926\15\9073\13946.jpg","13946.jpg","24358","3/30/2026 10:40:55 PM"
"C:\Dev\Nexus_MASTER\public\assets\city_tiles\city_53389926\15\9073\13947.jpg","13947.jpg","23909","3/30/2026 10:40:55 PM"
"C:\Dev\Nexus_MASTER\public\assets\city_tiles\city_53389926\15\9073\13948.jpg","13948.jpg","22149","3/30/2026 10:40:55 PM"
"C:\Dev\Nexus_MASTER\public\assets\city_tiles\city_53389926\15\9073\13949.jpg","13949.jpg","22481","3/30/2026 10:40:55 PM"
"C:\Dev\Nexus_MASTER\public\assets\city_tiles\city_53389926\15\9073\13950.jpg","13950.jpg","22777","3/30/2026 10:40:55 PM"
"C:\Dev\Nexus_MASTER\public\assets\city_tiles\city_53389926\15\9073\13951.jpg","13951.jpg","20534","3/30/2026 10:40:56 PM"
"C:\Dev\Nexus_MASTER\public\assets\city_tiles\city_53389926\15\9073\13952.jpg","13952.jpg","22383","3/30/2026 10:40:56 PM"
"C:\Dev\Nexus_MASTER\public\assets\city_tiles\city_53389926\15\9073\13953.jpg","13953.jpg","19383","3/30/2026 10:40:56 PM"
"C:\Dev\Nexus_MASTER\public\assets\city_tiles\city_53389926\15\9073\13954.jpg","13954.jpg","25622","3/30/2026 10:40:56 PM"
"C:\Dev\Nexus_MASTER\public\assets\city_tiles\city_53389926\15\9073\13955.jpg","13955.jpg","28937","3/30/2026 10:40:56 PM"
"C:\Dev\Nexus_MASTER\public\assets\city_tiles\city_53389926\15\9073\13956.jpg","13956.jpg","29640","3/30/2026 10:40:56 PM"
"C:\Dev\Nexus_MASTER\public\assets\city_tiles\city_53389926\15\9073\13957.jpg","13957.jpg","27012","3/30/2026 10:40:56 PM"
"C:\Dev\Nexus_MASTER\public\assets\city_tiles\city_53389926\15\9073\13958.jpg","13958.jpg","26926","3/30/2026 10:40:56 PM"
"C:\Dev\Nexus_MASTER\public\assets\city_tiles\city_53389926\15\9073\13959.jpg","13959.jpg","22164","3/30/2026 10:40:56 PM"
"C:\Dev\Nexus_MASTER\public\assets\city_tiles\city_53389926\15\9073\13960.jpg","13960.jpg","23827","3/30/2026 10:40:56 PM"
"C:\Dev\Nexus_MASTER\public\assets\city_tiles\city_53389926\15\9073\13961.jpg","13961.jpg","26731","3/30/2026 10:40:56 PM"
"C:\Dev\Nexus_MASTER\public\assets\city_tiles\city_53389926\15\9073\13962.jpg","13962.jpg","26323","3/30/2026 10:40:56 PM"
"C:\Dev\Nexus_MASTER\public\assets\city_tiles\city_53389926\15\9073\13963.jpg","13963.jpg","27927","3/30/2026 10:40:56 PM"
"C:\Dev\Nexus_MASTER\public\assets\city_tiles\city_53389926\15\9073\13964.jpg","13964.jpg","29448","3/30/2026 10:40:56 PM"
"C:\Dev\Nexus_MASTER\public\assets\city_tiles\city_53389926\15\9073\13965.jpg","13965.jpg","29634","3/30/2026 10:40:56 PM"
"C:\Dev\Nexus_MASTER\public\assets\city_tiles\city_53389926\15\9073\13966.jpg","13966.jpg","28495","3/30/2026 10:40:56 PM"
"C:\Dev\Nexus_MASTER\public\assets\city_tiles\city_53389926\15\9073\13967.jpg","13967.jpg","30165","3/30/2026 10:40:56 PM"
"C:\Dev\Nexus_MASTER\public\assets\city_tiles\city_53389926\15\9073\13968.jpg","13968.jpg","28981","3/30/2026 10:40:56 PM"
"C:\Dev\Nexus_MASTER\public\assets\city_tiles\city_53389926\15\9073\13969.jpg","13969.jpg","29137","3/30/2026 10:40:56 PM"
"C:\Dev\Nexus_MASTER\public\assets\city_tiles\city_53389926\15\9073\13970.jpg","13970.jpg","28356","3/30/2026 10:40:56 PM"
"C:\Dev\Nexus_MASTER\public\assets\city_tiles\city_53389926\15\9074","9074",,"4/16/2026 8:00:28 PM"
"C:\Dev\Nexus_MASTER\public\assets\city_tiles\city_53389926\15\9074\13940.jpg","13940.jpg","25040","3/30/2026 10:31:35 PM"
"C:\Dev\Nexus_MASTER\public\assets\city_tiles\city_53389926\15\9074\13941.jpg","13941.jpg","25180","3/30/2026 10:40:56 PM"
"C:\Dev\Nexus_MASTER\public\assets\city_tiles\city_53389926\15\9074\13942.jpg","13942.jpg","24099","3/30/2026 10:40:56 PM"
"C:\Dev\Nexus_MASTER\public\assets\city_tiles\city_53389926\15\9074\13943.jpg","13943.jpg","26444","3/30/2026 10:40:56 PM"
"C:\Dev\Nexus_MASTER\public\assets\city_tiles\city_53389926\15\9074\13944.jpg","13944.jpg","25819","3/30/2026 10:40:56 PM"
"C:\Dev\Nexus_MASTER\public\assets\city_tiles\city_53389926\15\9074\13945.jpg","13945.jpg","26273","3/30/2026 10:40:56 PM"
"C:\Dev\Nexus_MASTER\public\assets\city_tiles\city_53389926\15\9074\13946.jpg","13946.jpg","27008","3/30/2026 10:40:56 PM"
"C:\Dev\Nexus_MASTER\public\assets\city_tiles\city_53389926\15\9074\13947.jpg","13947.jpg","25149","3/30/2026 10:40:57 PM"
"C:\Dev\Nexus_MASTER\public\assets\city_tiles\city_53389926\15\9074\13948.jpg","13948.jpg","23794","3/30/2026 10:40:57 PM"
"C:\Dev\Nexus_MASTER\public\assets\city_tiles\city_53389926\15\9074\13949.jpg","13949.jpg","24679","3/30/2026 10:40:57 PM"
"C:\Dev\Nexus_MASTER\public\assets\city_tiles\city_53389926\15\9074\13950.jpg","13950.jpg","24172","3/30/2026 10:40:57 PM"
"C:\Dev\Nexus_MASTER\public\assets\city_tiles\city_53389926\15\9074\13951.jpg","13951.jpg","18415","3/30/2026 10:40:57 PM"
"C:\Dev\Nexus_MASTER\public\assets\city_tiles\city_53389926\15\9074\13952.jpg","13952.jpg","21390","3/30/2026 10:40:57 PM"
"C:\Dev\Nexus_MASTER\public\assets\city_tiles\city_53389926\15\9074\13953.jpg","13953.jpg","15553","3/30/2026 10:40:57 PM"
"C:\Dev\Nexus_MASTER\public\assets\city_tiles\city_53389926\15\9074\13954.jpg","13954.jpg","21651","3/30/2026 10:40:57 PM"
"C:\Dev\Nexus_MASTER\public\assets\city_tiles\city_53389926\15\9074\13955.jpg","13955.jpg","29177","3/30/2026 10:40:57 PM"
"C:\Dev\Nexus_MASTER\public\assets\city_tiles\city_53389926\15\9074\13956.jpg","13956.jpg","29896","3/30/2026 10:40:57 PM"
"C:\Dev\Nexus_MASTER\public\assets\city_tiles\city_53389926\15\9074\13957.jpg","13957.jpg","29307","3/30/2026 10:40:57 PM"
"C:\Dev\Nexus_MASTER\public\assets\city_tiles\city_53389926\15\9074\13958.jpg","13958.jpg","28154","3/30/2026 10:40:57 PM"
"C:\Dev\Nexus_MASTER\public\assets\city_tiles\city_53389926\15\9074\13959.jpg","13959.jpg","27054","3/30/2026 10:40:57 PM"
"C:\Dev\Nexus_MASTER\public\assets\city_tiles\city_53389926\15\9074\13960.jpg","13960.jpg","28224","3/30/2026 10:40:57 PM"
"C:\Dev\Nexus_MASTER\public\assets\city_tiles\city_53389926\15\9074\13961.jpg","13961.jpg","27605","3/30/2026 10:40:57 PM"
"C:\Dev\Nexus_MASTER\public\assets\city_tiles\city_53389926\15\9074\13962.jpg","13962.jpg","27544","3/30/2026 10:40:57 PM"
"C:\Dev\Nexus_MASTER\public\assets\city_tiles\city_53389926\15\9074\13963.jpg","13963.jpg","28054","3/30/2026 10:40:57 PM"
"C:\Dev\Nexus_MASTER\public\assets\city_tiles\city_53389926\15\9074\13964.jpg","13964.jpg","28113","3/30/2026 10:40:57 PM"
"C:\Dev\Nexus_MASTER\public\assets\city_tiles\city_53389926\15\9074\13965.jpg","13965.jpg","28431","3/30/2026 10:40:57 PM"
"C:\Dev\Nexus_MASTER\public\assets\city_tiles\city_53389926\15\9074\13966.jpg","13966.jpg","28340","3/30/2026 10:40:57 PM"
"C:\Dev\Nexus_MASTER\public\assets\city_tiles\city_53389926\15\9074\13967.jpg","13967.jpg","27509","3/30/2026 10:40:57 PM"
"C:\Dev\Nexus_MASTER\public\assets\city_tiles\city_53389926\15\9074\13968.jpg","13968.jpg","26645","3/30/2026 10:40:57 PM"
"C:\Dev\Nexus_MASTER\public\assets\city_tiles\city_53389926\15\9074\13969.jpg","13969.jpg","19135","3/30/2026 10:40:57 PM"
"C:\Dev\Nexus_MASTER\public\assets\city_tiles\city_53389926\15\9074\13970.jpg","13970.jpg","13760","3/30/2026 10:40:57 PM"
"C:\Dev\Nexus_MASTER\public\assets\city_tiles\city_53389926\15\9075","9075",,"4/16/2026 8:00:28 PM"
"C:\Dev\Nexus_MASTER\public\assets\city_tiles\city_53389926\15\9075\13940.jpg","13940.jpg","18519","3/30/2026 10:31:37 PM"
"C:\Dev\Nexus_MASTER\public\assets\city_tiles\city_53389926\15\9075\13941.jpg","13941.jpg","20591","3/30/2026 10:40:57 PM"
"C:\Dev\Nexus_MASTER\public\assets\city_tiles\city_53389926\15\9075\13942.jpg","13942.jpg","24288","3/30/2026 10:40:57 PM"
"C:\Dev\Nexus_MASTER\public\assets\city_tiles\city_53389926\15\9075\13943.jpg","13943.jpg","26626","3/30/2026 10:40:57 PM"
"C:\Dev\Nexus_MASTER\public\assets\city_tiles\city_53389926\15\9075\13944.jpg","13944.jpg","27349","3/30/2026 10:40:57 PM"
"C:\Dev\Nexus_MASTER\public\assets\city_tiles\city_53389926\15\9075\13945.jpg","13945.jpg","25192","3/30/2026 10:40:58 PM"
"C:\Dev\Nexus_MASTER\public\assets\city_tiles\city_53389926\15\9075\13946.jpg","13946.jpg","27215","3/30/2026 10:40:58 PM"
"C:\Dev\Nexus_MASTER\public\assets\city_tiles\city_53389926\15\9075\13947.jpg","13947.jpg","24784","3/30/2026 10:40:58 PM"
"C:\Dev\Nexus_MASTER\public\assets\city_tiles\city_53389926\15\9075\13948.jpg","13948.jpg","25103","3/30/2026 10:40:58 PM"
"C:\Dev\Nexus_MASTER\public\assets\city_tiles\city_53389926\15\9075\13949.jpg","13949.jpg","26776","3/30/2026 10:40:58 PM"
"C:\Dev\Nexus_MASTER\public\assets\city_tiles\city_53389926\15\9075\13950.jpg","13950.jpg","24648","3/30/2026 10:40:58 PM"
"C:\Dev\Nexus_MASTER\public\assets\city_tiles\city_53389926\15\9075\13951.jpg","13951.jpg","18458","3/30/2026 10:40:58 PM"
"C:\Dev\Nexus_MASTER\public\assets\city_tiles\city_53389926\15\9075\13952.jpg","13952.jpg","18307","3/30/2026 10:40:58 PM"
"C:\Dev\Nexus_MASTER\public\assets\city_tiles\city_53389926\15\9075\13953.jpg","13953.jpg","17584","3/30/2026 10:40:58 PM"
"C:\Dev\Nexus_MASTER\public\assets\city_tiles\city_53389926\15\9075\13954.jpg","13954.jpg","30031","3/30/2026 10:40:58 PM"
"C:\Dev\Nexus_MASTER\public\assets\city_tiles\city_53389926\15\9075\13955.jpg","13955.jpg","31229","3/30/2026 10:40:58 PM"
"C:\Dev\Nexus_MASTER\public\assets\city_tiles\city_53389926\15\9075\13956.jpg","13956.jpg","30468","3/30/2026 10:40:58 PM"
"C:\Dev\Nexus_MASTER\public\assets\city_tiles\city_53389926\15\9075\13957.jpg","13957.jpg","30704","3/30/2026 10:40:58 PM"
"C:\Dev\Nexus_MASTER\public\assets\city_tiles\city_53389926\15\9075\13958.jpg","13958.jpg","30192","3/30/2026 10:40:58 PM"
"C:\Dev\Nexus_MASTER\public\assets\city_tiles\city_53389926\15\9075\13959.jpg","13959.jpg","27723","3/30/2026 10:40:58 PM"
"C:\Dev\Nexus_MASTER\public\assets\city_tiles\city_53389926\15\9075\13960.jpg","13960.jpg","28816","3/30/2026 10:40:58 PM"
"C:\Dev\Nexus_MASTER\public\assets\city_tiles\city_53389926\15\9075\13961.jpg","13961.jpg","28253","3/30/2026 10:40:58 PM"
"C:\Dev\Nexus_MASTER\public\assets\city_tiles\city_53389926\15\9075\13962.jpg","13962.jpg","28899","3/30/2026 10:40:58 PM"
"C:\Dev\Nexus_MASTER\public\assets\city_tiles\city_53389926\15\9075\13963.jpg","13963.jpg","26716","3/30/2026 10:40:58 PM"
"C:\Dev\Nexus_MASTER\public\assets\city_tiles\city_53389926\15\9075\13964.jpg","13964.jpg","27239","3/30/2026 10:40:58 PM"
"C:\Dev\Nexus_MASTER\public\assets\city_tiles\city_53389926\15\9075\13965.jpg","13965.jpg","27936","3/30/2026 10:40:58 PM"
"C:\Dev\Nexus_MASTER\public\assets\city_tiles\city_53389926\15\9075\13966.jpg","13966.jpg","27439","3/30/2026 10:40:58 PM"
"C:\Dev\Nexus_MASTER\public\assets\city_tiles\city_53389926\15\9075\13967.jpg","13967.jpg","26301","3/30/2026 10:40:58 PM"
"C:\Dev\Nexus_MASTER\public\assets\city_tiles\city_53389926\15\9075\13968.jpg","13968.jpg","23220","3/30/2026 10:40:58 PM"
"C:\Dev\Nexus_MASTER\public\assets\city_tiles\city_53389926\15\9075\13969.jpg","13969.jpg","11014","3/30/2026 10:40:58 PM"
"C:\Dev\Nexus_MASTER\public\assets\city_tiles\city_53389926\15\9075\13970.jpg","13970.jpg","7975","3/30/2026 10:40:58 PM"
"C:\Dev\Nexus_MASTER\public\assets\city_tiles\city_53389926\15\9076","9076",,"4/16/2026 8:00:28 PM"
"C:\Dev\Nexus_MASTER\public\assets\city_tiles\city_53389926\15\9076\13940.jpg","13940.jpg","15749","3/30/2026 10:31:39 PM"
"C:\Dev\Nexus_MASTER\public\assets\city_tiles\city_53389926\15\9076\13941.jpg","13941.jpg","14929","3/30/2026 10:40:58 PM"
"C:\Dev\Nexus_MASTER\public\assets\city_tiles\city_53389926\15\9076\13942.jpg","13942.jpg","16340","3/30/2026 10:40:59 PM"
"C:\Dev\Nexus_MASTER\public\assets\city_tiles\city_53389926\15\9076\13943.jpg","13943.jpg","20972","3/30/2026 10:40:59 PM"
"C:\Dev\Nexus_MASTER\public\assets\city_tiles\city_53389926\15\9076\13944.jpg","13944.jpg","27924","3/30/2026 10:40:59 PM"
"C:\Dev\Nexus_MASTER\public\assets\city_tiles\city_53389926\15\9076\13945.jpg","13945.jpg","27177","3/30/2026 10:40:59 PM"
"C:\Dev\Nexus_MASTER\public\assets\city_tiles\city_53389926\15\9076\13946.jpg","13946.jpg","26992","3/30/2026 10:40:59 PM"
"C:\Dev\Nexus_MASTER\public\assets\city_tiles\city_53389926\15\9076\13947.jpg","13947.jpg","23350","3/30/2026 10:40:59 PM"
"C:\Dev\Nexus_MASTER\public\assets\city_tiles\city_53389926\15\9076\13948.jpg","13948.jpg","27803","3/30/2026 10:40:59 PM"
"C:\Dev\Nexus_MASTER\public\assets\city_tiles\city_53389926\15\9076\13949.jpg","13949.jpg","27324","3/30/2026 10:40:59 PM"
"C:\Dev\Nexus_MASTER\public\assets\city_tiles\city_53389926\15\9076\13950.jpg","13950.jpg","24700","3/30/2026 10:40:59 PM"
"C:\Dev\Nexus_MASTER\public\assets\city_tiles\city_53389926\15\9076\13951.jpg","13951.jpg","17362","3/30/2026 10:40:59 PM"
"C:\Dev\Nexus_MASTER\public\assets\city_tiles\city_53389926\15\9076\13952.jpg","13952.jpg","18165","3/30/2026 10:40:59 PM"
"C:\Dev\Nexus_MASTER\public\assets\city_tiles\city_53389926\15\9076\13953.jpg","13953.jpg","15507","3/30/2026 10:40:59 PM"
"C:\Dev\Nexus_MASTER\public\assets\city_tiles\city_53389926\15\9076\13954.jpg","13954.jpg","28179","3/30/2026 10:40:59 PM"
"C:\Dev\Nexus_MASTER\public\assets\city_tiles\city_53389926\15\9076\13955.jpg","13955.jpg","31176","3/30/2026 10:40:59 PM"
"C:\Dev\Nexus_MASTER\public\assets\city_tiles\city_53389926\15\9076\13956.jpg","13956.jpg","28925","3/30/2026 10:40:59 PM"
"C:\Dev\Nexus_MASTER\public\assets\city_tiles\city_53389926\15\9076\13957.jpg","13957.jpg","28033","3/30/2026 10:40:59 PM"
"C:\Dev\Nexus_MASTER\public\assets\city_tiles\city_53389926\15\9076\13958.jpg","13958.jpg","25818","3/30/2026 10:40:59 PM"
"C:\Dev\Nexus_MASTER\public\assets\city_tiles\city_53389926\15\9076\13959.jpg","13959.jpg","28580","3/30/2026 10:40:59 PM"
"C:\Dev\Nexus_MASTER\public\assets\city_tiles\city_53389926\15\9076\13960.jpg","13960.jpg","28239","3/30/2026 10:40:59 PM"
"C:\Dev\Nexus_MASTER\public\assets\city_tiles\city_53389926\15\9076\13961.jpg","13961.jpg","28978","3/30/2026 10:40:59 PM"
"C:\Dev\Nexus_MASTER\public\assets\city_tiles\city_53389926\15\9076\13962.jpg","13962.jpg","28668","3/30/2026 10:40:59 PM"
"C:\Dev\Nexus_MASTER\public\assets\city_tiles\city_53389926\15\9076\13963.jpg","13963.jpg","24585","3/30/2026 10:40:59 PM"
"C:\Dev\Nexus_MASTER\public\assets\city_tiles\city_53389926\15\9076\13964.jpg","13964.jpg","24847","3/30/2026 10:40:59 PM"
"C:\Dev\Nexus_MASTER\public\assets\city_tiles\city_53389926\15\9076\13965.jpg","13965.jpg","24481","3/30/2026 10:40:59 PM"
"C:\Dev\Nexus_MASTER\public\assets\city_tiles\city_53389926\15\9076\13966.jpg","13966.jpg","25233","3/30/2026 10:40:59 PM"
"C:\Dev\Nexus_MASTER\public\assets\city_tiles\city_53389926\15\9076\13967.jpg","13967.jpg","19888","3/30/2026 10:40:59 PM"
"C:\Dev\Nexus_MASTER\public\assets\city_tiles\city_53389926\15\9076\13968.jpg","13968.jpg","11056","3/30/2026 10:40:59 PM"
"C:\Dev\Nexus_MASTER\public\assets\city_tiles\city_53389926\15\9076\13969.jpg","13969.jpg","8117","3/30/2026 10:40:59 PM"
"C:\Dev\Nexus_MASTER\public\assets\city_tiles\city_53389926\15\9076\13970.jpg","13970.jpg","7422","3/30/2026 10:41:00 PM"
"C:\Dev\Nexus_MASTER\public\assets\city_tiles\city_53389926\15\9077","9077",,"4/16/2026 8:00:28 PM"
"C:\Dev\Nexus_MASTER\public\assets\city_tiles\city_53389926\15\9077\13940.jpg","13940.jpg","19048","3/30/2026 10:31:41 PM"
"C:\Dev\Nexus_MASTER\public\assets\city_tiles\city_53389926\15\9077\13941.jpg","13941.jpg","17567","3/30/2026 10:41:00 PM"
"C:\Dev\Nexus_MASTER\public\assets\city_tiles\city_53389926\15\9077\13942.jpg","13942.jpg","21596","3/30/2026 10:41:00 PM"
"C:\Dev\Nexus_MASTER\public\assets\city_tiles\city_53389926\15\9077\13943.jpg","13943.jpg","21331","3/30/2026 10:41:00 PM"
"C:\Dev\Nexus_MASTER\public\assets\city_tiles\city_53389926\15\9077\13944.jpg","13944.jpg","26828","3/30/2026 10:41:00 PM"
"C:\Dev\Nexus_MASTER\public\assets\city_tiles\city_53389926\15\9077\13945.jpg","13945.jpg","27132","3/30/2026 10:41:00 PM"
"C:\Dev\Nexus_MASTER\public\assets\city_tiles\city_53389926\15\9077\13946.jpg","13946.jpg","27266","3/30/2026 10:41:00 PM"
"C:\Dev\Nexus_MASTER\public\assets\city_tiles\city_53389926\15\9077\13947.jpg","13947.jpg","25323","3/30/2026 10:41:00 PM"
"C:\Dev\Nexus_MASTER\public\assets\city_tiles\city_53389926\15\9077\13948.jpg","13948.jpg","27855","3/30/2026 10:41:00 PM"
"C:\Dev\Nexus_MASTER\public\assets\city_tiles\city_53389926\15\9077\13949.jpg","13949.jpg","27177","3/30/2026 10:41:00 PM"
"C:\Dev\Nexus_MASTER\public\assets\city_tiles\city_53389926\15\9077\13950.jpg","13950.jpg","26705","3/30/2026 10:41:00 PM"
"C:\Dev\Nexus_MASTER\public\assets\city_tiles\city_53389926\15\9077\13951.jpg","13951.jpg","16247","3/30/2026 10:41:00 PM"
"C:\Dev\Nexus_MASTER\public\assets\city_tiles\city_53389926\15\9077\13952.jpg","13952.jpg","22063","3/30/2026 10:41:00 PM"
"C:\Dev\Nexus_MASTER\public\assets\city_tiles\city_53389926\15\9077\13953.jpg","13953.jpg","19974","3/30/2026 10:41:00 PM"
"C:\Dev\Nexus_MASTER\public\assets\city_tiles\city_53389926\15\9077\13954.jpg","13954.jpg","30662","3/30/2026 10:41:00 PM"
"C:\Dev\Nexus_MASTER\public\assets\city_tiles\city_53389926\15\9077\13955.jpg","13955.jpg","30990","3/30/2026 10:41:00 PM"
"C:\Dev\Nexus_MASTER\public\assets\city_tiles\city_53389926\15\9077\13956.jpg","13956.jpg","29092","3/30/2026 10:41:00 PM"
"C:\Dev\Nexus_MASTER\public\assets\city_tiles\city_53389926\15\9077\13957.jpg","13957.jpg","28216","3/30/2026 10:41:00 PM"
"C:\Dev\Nexus_MASTER\public\assets\city_tiles\city_53389926\15\9077\13958.jpg","13958.jpg","27509","3/30/2026 10:41:00 PM"
"C:\Dev\Nexus_MASTER\public\assets\city_tiles\city_53389926\15\9077\13959.jpg","13959.jpg","27886","3/30/2026 10:41:00 PM"
"C:\Dev\Nexus_MASTER\public\assets\city_tiles\city_53389926\15\9077\13960.jpg","13960.jpg","28028","3/30/2026 10:41:00 PM"
"C:\Dev\Nexus_MASTER\public\assets\city_tiles\city_53389926\15\9077\13961.jpg","13961.jpg","27428","3/30/2026 10:41:00 PM"
"C:\Dev\Nexus_MASTER\public\assets\city_tiles\city_53389926\15\9077\13962.jpg","13962.jpg","26837","3/30/2026 10:41:00 PM"
"C:\Dev\Nexus_MASTER\public\assets\city_tiles\city_53389926\15\9077\13963.jpg","13963.jpg","23395","3/30/2026 10:41:00 PM"
"C:\Dev\Nexus_MASTER\public\assets\city_tiles\city_53389926\15\9077\13964.jpg","13964.jpg","20289","3/30/2026 10:41:00 PM"
"C:\Dev\Nexus_MASTER\public\assets\city_tiles\city_53389926\15\9077\13965.jpg","13965.jpg","10055","3/30/2026 10:41:00 PM"
"C:\Dev\Nexus_MASTER\public\assets\city_tiles\city_53389926\15\9077\13966.jpg","13966.jpg","13361","3/30/2026 10:41:00 PM"
"C:\Dev\Nexus_MASTER\public\assets\city_tiles\city_53389926\15\9077\13967.jpg","13967.jpg","15130","3/30/2026 10:41:00 PM"
"C:\Dev\Nexus_MASTER\public\assets\city_tiles\city_53389926\15\9077\13968.jpg","13968.jpg","9082","3/30/2026 10:41:00 PM"
"C:\Dev\Nexus_MASTER\public\assets\city_tiles\city_53389926\15\9077\13969.jpg","13969.jpg","5816","3/30/2026 10:41:00 PM"
"C:\Dev\Nexus_MASTER\public\assets\city_tiles\city_53389926\15\9077\13970.jpg","13970.jpg","5358","3/30/2026 10:41:01 PM"
"C:\Dev\Nexus_MASTER\public\assets\city_tiles\city_53389926\15\9078","9078",,"4/16/2026 8:00:28 PM"
"C:\Dev\Nexus_MASTER\public\assets\city_tiles\city_53389926\15\9078\13940.jpg","13940.jpg","20454","3/30/2026 10:31:42 PM"
"C:\Dev\Nexus_MASTER\public\assets\city_tiles\city_53389926\15\9078\13941.jpg","13941.jpg","21378","3/30/2026 10:41:01 PM"
"C:\Dev\Nexus_MASTER\public\assets\city_tiles\city_53389926\15\9078\13942.jpg","13942.jpg","22758","3/30/2026 10:41:01 PM"
"C:\Dev\Nexus_MASTER\public\assets\city_tiles\city_53389926\15\9078\13943.jpg","13943.jpg","20395","3/30/2026 10:41:01 PM"
"C:\Dev\Nexus_MASTER\public\assets\city_tiles\city_53389926\15\9078\13944.jpg","13944.jpg","21789","3/30/2026 10:41:01 PM"
"C:\Dev\Nexus_MASTER\public\assets\city_tiles\city_53389926\15\9078\13945.jpg","13945.jpg","25951","3/30/2026 10:41:01 PM"
"C:\Dev\Nexus_MASTER\public\assets\city_tiles\city_53389926\15\9078\13946.jpg","13946.jpg","24698","3/30/2026 10:41:01 PM"
"C:\Dev\Nexus_MASTER\public\assets\city_tiles\city_53389926\15\9078\13947.jpg","13947.jpg","25192","3/30/2026 10:41:01 PM"
"C:\Dev\Nexus_MASTER\public\assets\city_tiles\city_53389926\15\9078\13948.jpg","13948.jpg","24429","3/30/2026 10:41:01 PM"
"C:\Dev\Nexus_MASTER\public\assets\city_tiles\city_53389926\15\9078\13949.jpg","13949.jpg","24326","3/30/2026 10:41:01 PM"
"C:\Dev\Nexus_MASTER\public\assets\city_tiles\city_53389926\15\9078\13950.jpg","13950.jpg","24674","3/30/2026 10:41:01 PM"
"C:\Dev\Nexus_MASTER\public\assets\city_tiles\city_53389926\15\9078\13951.jpg","13951.jpg","23723","3/30/2026 10:41:01 PM"
"C:\Dev\Nexus_MASTER\public\assets\city_tiles\city_53389926\15\9078\13952.jpg","13952.jpg","22294","3/30/2026 10:41:01 PM"
"C:\Dev\Nexus_MASTER\public\assets\city_tiles\city_53389926\15\9078\13953.jpg","13953.jpg","25477","3/30/2026 10:41:01 PM"
"C:\Dev\Nexus_MASTER\public\assets\city_tiles\city_53389926\15\9078\13954.jpg","13954.jpg","29019","3/30/2026 10:41:01 PM"
"C:\Dev\Nexus_MASTER\public\assets\city_tiles\city_53389926\15\9078\13955.jpg","13955.jpg","30953","3/30/2026 10:41:01 PM"
"C:\Dev\Nexus_MASTER\public\assets\city_tiles\city_53389926\15\9078\13956.jpg","13956.jpg","30031","3/30/2026 10:41:01 PM"
"C:\Dev\Nexus_MASTER\public\assets\city_tiles\city_53389926\15\9078\13957.jpg","13957.jpg","29554","3/30/2026 10:41:01 PM"
"C:\Dev\Nexus_MASTER\public\assets\city_tiles\city_53389926\15\9078\13958.jpg","13958.jpg","29653","3/30/2026 10:41:01 PM"
"C:\Dev\Nexus_MASTER\public\assets\city_tiles\city_53389926\15\9078\13959.jpg","13959.jpg","28310","3/30/2026 10:41:01 PM"
"C:\Dev\Nexus_MASTER\public\assets\city_tiles\city_53389926\15\9078\13960.jpg","13960.jpg","28508","3/30/2026 10:41:01 PM"
"C:\Dev\Nexus_MASTER\public\assets\city_tiles\city_53389926\15\9078\13961.jpg","13961.jpg","28449","3/30/2026 10:41:01 PM"
"C:\Dev\Nexus_MASTER\public\assets\city_tiles\city_53389926\15\9078\13962.jpg","13962.jpg","26574","3/30/2026 10:41:01 PM"
"C:\Dev\Nexus_MASTER\public\assets\city_tiles\city_53389926\15\9078\13963.jpg","13963.jpg","20965","3/30/2026 10:41:01 PM"
"C:\Dev\Nexus_MASTER\public\assets\city_tiles\city_53389926\15\9078\13964.jpg","13964.jpg","13732","3/30/2026 10:41:01 PM"
"C:\Dev\Nexus_MASTER\public\assets\city_tiles\city_53389926\15\9078\13965.jpg","13965.jpg","10362","3/30/2026 10:41:01 PM"
"C:\Dev\Nexus_MASTER\public\assets\city_tiles\city_53389926\15\9078\13966.jpg","13966.jpg","10045","3/30/2026 10:41:01 PM"
"C:\Dev\Nexus_MASTER\public\assets\city_tiles\city_53389926\15\9078\13967.jpg","13967.jpg","9061","3/30/2026 10:41:01 PM"
"C:\Dev\Nexus_MASTER\public\assets\city_tiles\city_53389926\15\9078\13968.jpg","13968.jpg","7176","3/30/2026 10:41:01 PM"
"C:\Dev\Nexus_MASTER\public\assets\city_tiles\city_53389926\15\9078\13969.jpg","13969.jpg","5653","3/30/2026 10:41:02 PM"
"C:\Dev\Nexus_MASTER\public\assets\city_tiles\city_53389926\15\9078\13970.jpg","13970.jpg","4559","3/30/2026 10:41:02 PM"
"C:\Dev\Nexus_MASTER\public\assets\city_tiles\city_53389926\15\9079","9079",,"4/16/2026 8:00:28 PM"
"C:\Dev\Nexus_MASTER\public\assets\city_tiles\city_53389926\15\9079\13940.jpg","13940.jpg","26211","3/30/2026 10:31:44 PM"
"C:\Dev\Nexus_MASTER\public\assets\city_tiles\city_53389926\15\9079\13941.jpg","13941.jpg","26649","3/30/2026 10:41:02 PM"
"C:\Dev\Nexus_MASTER\public\assets\city_tiles\city_53389926\15\9079\13942.jpg","13942.jpg","24571","3/30/2026 10:41:02 PM"
"C:\Dev\Nexus_MASTER\public\assets\city_tiles\city_53389926\15\9079\13943.jpg","13943.jpg","19687","3/30/2026 10:41:02 PM"
"C:\Dev\Nexus_MASTER\public\assets\city_tiles\city_53389926\15\9079\13944.jpg","13944.jpg","21638","3/30/2026 10:41:02 PM"
"C:\Dev\Nexus_MASTER\public\assets\city_tiles\city_53389926\15\9079\13945.jpg","13945.jpg","27588","3/30/2026 10:41:02 PM"
"C:\Dev\Nexus_MASTER\public\assets\city_tiles\city_53389926\15\9079\13946.jpg","13946.jpg","26965","3/30/2026 10:41:02 PM"
"C:\Dev\Nexus_MASTER\public\assets\city_tiles\city_53389926\15\9079\13947.jpg","13947.jpg","23910","3/30/2026 10:41:02 PM"
"C:\Dev\Nexus_MASTER\public\assets\city_tiles\city_53389926\15\9079\13948.jpg","13948.jpg","23904","3/30/2026 10:41:02 PM"
"C:\Dev\Nexus_MASTER\public\assets\city_tiles\city_53389926\15\9079\13949.jpg","13949.jpg","24390","3/30/2026 10:41:02 PM"
"C:\Dev\Nexus_MASTER\public\assets\city_tiles\city_53389926\15\9079\13950.jpg","13950.jpg","24866","3/30/2026 10:41:02 PM"
"C:\Dev\Nexus_MASTER\public\assets\city_tiles\city_53389926\15\9079\13951.jpg","13951.jpg","24823","3/30/2026 10:41:02 PM"
"C:\Dev\Nexus_MASTER\public\assets\city_tiles\city_53389926\15\9079\13952.jpg","13952.jpg","28889","3/30/2026 10:41:02 PM"
"C:\Dev\Nexus_MASTER\public\assets\city_tiles\city_53389926\15\9079\13953.jpg","13953.jpg","30154","3/30/2026 10:41:02 PM"
"C:\Dev\Nexus_MASTER\public\assets\city_tiles\city_53389926\15\9079\13954.jpg","13954.jpg","30684","3/30/2026 10:41:02 PM"
"C:\Dev\Nexus_MASTER\public\assets\city_tiles\city_53389926\15\9079\13955.jpg","13955.jpg","29558","3/30/2026 10:41:02 PM"
"C:\Dev\Nexus_MASTER\public\assets\city_tiles\city_53389926\15\9079\13956.jpg","13956.jpg","30323","3/30/2026 10:41:02 PM"
"C:\Dev\Nexus_MASTER\public\assets\city_tiles\city_53389926\15\9079\13957.jpg","13957.jpg","30867","3/30/2026 10:41:02 PM"
"C:\Dev\Nexus_MASTER\public\assets\city_tiles\city_53389926\15\9079\13958.jpg","13958.jpg","30131","3/30/2026 10:41:02 PM"
"C:\Dev\Nexus_MASTER\public\assets\city_tiles\city_53389926\15\9079\13959.jpg","13959.jpg","28570","3/30/2026 10:41:02 PM"
"C:\Dev\Nexus_MASTER\public\assets\city_tiles\city_53389926\15\9079\13960.jpg","13960.jpg","23277","3/30/2026 10:41:02 PM"
"C:\Dev\Nexus_MASTER\public\assets\city_tiles\city_53389926\15\9079\13961.jpg","13961.jpg","24177","3/30/2026 10:41:02 PM"
"C:\Dev\Nexus_MASTER\public\assets\city_tiles\city_53389926\15\9079\13962.jpg","13962.jpg","18703","3/30/2026 10:41:02 PM"
"C:\Dev\Nexus_MASTER\public\assets\city_tiles\city_53389926\15\9079\13963.jpg","13963.jpg","11527","3/30/2026 10:41:02 PM"
"C:\Dev\Nexus_MASTER\public\assets\city_tiles\city_53389926\15\9079\13964.jpg","13964.jpg","8216","3/30/2026 10:41:02 PM"
"C:\Dev\Nexus_MASTER\public\assets\city_tiles\city_53389926\15\9079\13965.jpg","13965.jpg","7716","3/30/2026 10:41:02 PM"
"C:\Dev\Nexus_MASTER\public\assets\city_tiles\city_53389926\15\9079\13966.jpg","13966.jpg","7889","3/30/2026 10:41:02 PM"
"C:\Dev\Nexus_MASTER\public\assets\city_tiles\city_53389926\15\9079\13967.jpg","13967.jpg","7160","3/30/2026 10:41:02 PM"
"C:\Dev\Nexus_MASTER\public\assets\city_tiles\city_53389926\15\9079\13968.jpg","13968.jpg","6424","3/30/2026 10:41:02 PM"
"C:\Dev\Nexus_MASTER\public\assets\city_tiles\city_53389926\15\9079\13969.jpg","13969.jpg","5573","3/30/2026 10:41:02 PM"
"C:\Dev\Nexus_MASTER\public\assets\city_tiles\city_53389926\15\9079\13970.jpg","13970.jpg","4643","3/30/2026 10:41:03 PM"
"C:\Dev\Nexus_MASTER\public\assets\city_tiles\city_53389926\15\9080","9080",,"4/16/2026 8:00:28 PM"
"C:\Dev\Nexus_MASTER\public\assets\city_tiles\city_53389926\15\9080\13940.jpg","13940.jpg","25239","3/30/2026 10:31:46 PM"
"C:\Dev\Nexus_MASTER\public\assets\city_tiles\city_53389926\15\9080\13941.jpg","13941.jpg","24772","3/30/2026 10:41:03 PM"
"C:\Dev\Nexus_MASTER\public\assets\city_tiles\city_53389926\15\9080\13942.jpg","13942.jpg","24249","3/30/2026 10:41:03 PM"
"C:\Dev\Nexus_MASTER\public\assets\city_tiles\city_53389926\15\9080\13943.jpg","13943.jpg","23624","3/30/2026 10:41:03 PM"
"C:\Dev\Nexus_MASTER\public\assets\city_tiles\city_53389926\15\9080\13944.jpg","13944.jpg","23326","3/30/2026 10:41:03 PM"
"C:\Dev\Nexus_MASTER\public\assets\city_tiles\city_53389926\15\9080\13945.jpg","13945.jpg","26264","3/30/2026 10:41:03 PM"
"C:\Dev\Nexus_MASTER\public\assets\city_tiles\city_53389926\15\9080\13946.jpg","13946.jpg","25701","3/30/2026 10:41:03 PM"
"C:\Dev\Nexus_MASTER\public\assets\city_tiles\city_53389926\15\9080\13947.jpg","13947.jpg","23582","3/30/2026 10:41:03 PM"
"C:\Dev\Nexus_MASTER\public\assets\city_tiles\city_53389926\15\9080\13948.jpg","13948.jpg","24228","3/30/2026 10:41:03 PM"
"C:\Dev\Nexus_MASTER\public\assets\city_tiles\city_53389926\15\9080\13949.jpg","13949.jpg","26024","3/30/2026 10:41:03 PM"
"C:\Dev\Nexus_MASTER\public\assets\city_tiles\city_53389926\15\9080\13950.jpg","13950.jpg","24674","3/30/2026 10:41:03 PM"
"C:\Dev\Nexus_MASTER\public\assets\city_tiles\city_53389926\15\9080\13951.jpg","13951.jpg","26155","3/30/2026 10:41:03 PM"
"C:\Dev\Nexus_MASTER\public\assets\city_tiles\city_53389926\15\9080\13952.jpg","13952.jpg","26426","3/30/2026 10:41:03 PM"
"C:\Dev\Nexus_MASTER\public\assets\city_tiles\city_53389926\15\9080\13953.jpg","13953.jpg","27927","3/30/2026 10:41:03 PM"
"C:\Dev\Nexus_MASTER\public\assets\city_tiles\city_53389926\15\9080\13954.jpg","13954.jpg","29036","3/30/2026 10:41:03 PM"
"C:\Dev\Nexus_MASTER\public\assets\city_tiles\city_53389926\15\9080\13955.jpg","13955.jpg","29660","3/30/2026 10:41:03 PM"
"C:\Dev\Nexus_MASTER\public\assets\city_tiles\city_53389926\15\9080\13956.jpg","13956.jpg","31231","3/30/2026 10:41:03 PM"
"C:\Dev\Nexus_MASTER\public\assets\city_tiles\city_53389926\15\9080\13957.jpg","13957.jpg","30551","3/30/2026 10:41:03 PM"
"C:\Dev\Nexus_MASTER\public\assets\city_tiles\city_53389926\15\9080\13958.jpg","13958.jpg","29900","3/30/2026 10:41:03 PM"
"C:\Dev\Nexus_MASTER\public\assets\city_tiles\city_53389926\15\9080\13959.jpg","13959.jpg","22013","3/30/2026 10:41:03 PM"
"C:\Dev\Nexus_MASTER\public\assets\city_tiles\city_53389926\15\9080\13960.jpg","13960.jpg","8322","3/30/2026 10:41:03 PM"
"C:\Dev\Nexus_MASTER\public\assets\city_tiles\city_53389926\15\9080\13961.jpg","13961.jpg","10210","3/30/2026 10:41:03 PM"
"C:\Dev\Nexus_MASTER\public\assets\city_tiles\city_53389926\15\9080\13962.jpg","13962.jpg","9854","3/30/2026 10:41:03 PM"
"C:\Dev\Nexus_MASTER\public\assets\city_tiles\city_53389926\15\9080\13963.jpg","13963.jpg","7945","3/30/2026 10:41:03 PM"
"C:\Dev\Nexus_MASTER\public\assets\city_tiles\city_53389926\15\9080\13964.jpg","13964.jpg","7492","3/30/2026 10:41:03 PM"
"C:\Dev\Nexus_MASTER\public\assets\city_tiles\city_53389926\15\9080\13965.jpg","13965.jpg","6714","3/30/2026 10:41:03 PM"
"C:\Dev\Nexus_MASTER\public\assets\city_tiles\city_53389926\15\9080\13966.jpg","13966.jpg","6740","3/30/2026 10:41:03 PM"
"C:\Dev\Nexus_MASTER\public\assets\city_tiles\city_53389926\15\9080\13967.jpg","13967.jpg","5827","3/30/2026 10:41:03 PM"
"C:\Dev\Nexus_MASTER\public\assets\city_tiles\city_53389926\15\9080\13968.jpg","13968.jpg","4384","3/30/2026 10:41:03 PM"
"C:\Dev\Nexus_MASTER\public\assets\city_tiles\city_53389926\15\9080\13969.jpg","13969.jpg","3867","3/30/2026 10:41:04 PM"
"C:\Dev\Nexus_MASTER\public\assets\city_tiles\city_53389926\15\9080\13970.jpg","13970.jpg","3562","3/30/2026 10:41:04 PM"
"C:\Dev\Nexus_MASTER\public\assets\city_tiles\city_53389926\15\9081","9081",,"4/16/2026 8:00:28 PM"
"C:\Dev\Nexus_MASTER\public\assets\city_tiles\city_53389926\15\9081\13940.jpg","13940.jpg","22196","3/30/2026 10:31:48 PM"
"C:\Dev\Nexus_MASTER\public\assets\city_tiles\city_53389926\15\9081\13941.jpg","13941.jpg","20268","3/30/2026 10:41:04 PM"
"C:\Dev\Nexus_MASTER\public\assets\city_tiles\city_53389926\15\9081\13942.jpg","13942.jpg","26271","3/30/2026 10:41:04 PM"
"C:\Dev\Nexus_MASTER\public\assets\city_tiles\city_53389926\15\9081\13943.jpg","13943.jpg","23993","3/30/2026 10:41:04 PM"
"C:\Dev\Nexus_MASTER\public\assets\city_tiles\city_53389926\15\9081\13944.jpg","13944.jpg","23278","3/30/2026 10:41:04 PM"
"C:\Dev\Nexus_MASTER\public\assets\city_tiles\city_53389926\15\9081\13945.jpg","13945.jpg","24614","3/30/2026 10:41:04 PM"
"C:\Dev\Nexus_MASTER\public\assets\city_tiles\city_53389926\15\9081\13946.jpg","13946.jpg","26403","3/30/2026 10:41:04 PM"
"C:\Dev\Nexus_MASTER\public\assets\city_tiles\city_53389926\15\9081\13947.jpg","13947.jpg","25140","3/30/2026 10:41:04 PM"
"C:\Dev\Nexus_MASTER\public\assets\city_tiles\city_53389926\15\9081\13948.jpg","13948.jpg","25773","3/30/2026 10:41:04 PM"
"C:\Dev\Nexus_MASTER\public\assets\city_tiles\city_53389926\15\9081\13949.jpg","13949.jpg","26132","3/30/2026 10:41:04 PM"
"C:\Dev\Nexus_MASTER\public\assets\city_tiles\city_53389926\15\9081\13950.jpg","13950.jpg","25374","3/30/2026 10:41:04 PM"
"C:\Dev\Nexus_MASTER\public\assets\city_tiles\city_53389926\15\9081\13951.jpg","13951.jpg","26414","3/30/2026 10:41:04 PM"
"C:\Dev\Nexus_MASTER\public\assets\city_tiles\city_53389926\15\9081\13952.jpg","13952.jpg","27401","3/30/2026 10:41:04 PM"
"C:\Dev\Nexus_MASTER\public\assets\city_tiles\city_53389926\15\9081\13953.jpg","13953.jpg","27518","3/30/2026 10:41:04 PM"
"C:\Dev\Nexus_MASTER\public\assets\city_tiles\city_53389926\15\9081\13954.jpg","13954.jpg","28647","3/30/2026 10:41:04 PM"
"C:\Dev\Nexus_MASTER\public\assets\city_tiles\city_53389926\15\9081\13955.jpg","13955.jpg","29740","3/30/2026 10:41:04 PM"
"C:\Dev\Nexus_MASTER\public\assets\city_tiles\city_53389926\15\9081\13956.jpg","13956.jpg","30828","3/30/2026 10:41:04 PM"
"C:\Dev\Nexus_MASTER\public\assets\city_tiles\city_53389926\15\9081\13957.jpg","13957.jpg","30151","3/30/2026 10:41:04 PM"
"C:\Dev\Nexus_MASTER\public\assets\city_tiles\city_53389926\15\9081\13958.jpg","13958.jpg","24375","3/30/2026 10:41:04 PM"
"C:\Dev\Nexus_MASTER\public\assets\city_tiles\city_53389926\15\9081\13959.jpg","13959.jpg","12578","3/30/2026 10:41:04 PM"
"C:\Dev\Nexus_MASTER\public\assets\city_tiles\city_53389926\15\9081\13960.jpg","13960.jpg","8450","3/30/2026 10:41:04 PM"
"C:\Dev\Nexus_MASTER\public\assets\city_tiles\city_53389926\15\9081\13961.jpg","13961.jpg","8486","3/30/2026 10:41:04 PM"
"C:\Dev\Nexus_MASTER\public\assets\city_tiles\city_53389926\15\9081\13962.jpg","13962.jpg","9005","3/30/2026 10:41:04 PM"
"C:\Dev\Nexus_MASTER\public\assets\city_tiles\city_53389926\15\9081\13963.jpg","13963.jpg","5770","3/30/2026 10:41:04 PM"
"C:\Dev\Nexus_MASTER\public\assets\city_tiles\city_53389926\15\9081\13964.jpg","13964.jpg","6246","3/30/2026 10:41:04 PM"
"C:\Dev\Nexus_MASTER\public\assets\city_tiles\city_53389926\15\9081\13965.jpg","13965.jpg","4825","3/30/2026 10:41:04 PM"
"C:\Dev\Nexus_MASTER\public\assets\city_tiles\city_53389926\15\9081\13966.jpg","13966.jpg","3741","3/30/2026 10:41:04 PM"
"C:\Dev\Nexus_MASTER\public\assets\city_tiles\city_53389926\15\9081\13967.jpg","13967.jpg","2967","3/30/2026 10:41:04 PM"
"C:\Dev\Nexus_MASTER\public\assets\city_tiles\city_53389926\15\9081\13968.jpg","13968.jpg","3283","3/30/2026 10:41:05 PM"
"C:\Dev\Nexus_MASTER\public\assets\city_tiles\city_53389926\15\9081\13969.jpg","13969.jpg","3847","3/30/2026 10:41:05 PM"
"C:\Dev\Nexus_MASTER\public\assets\city_tiles\city_53389926\15\9081\13970.jpg","13970.jpg","3990","3/30/2026 10:41:05 PM"
"C:\Dev\Nexus_MASTER\public\assets\city_tiles\city_53389926\15\9082","9082",,"4/16/2026 8:00:28 PM"
"C:\Dev\Nexus_MASTER\public\assets\city_tiles\city_53389926\15\9082\13940.jpg","13940.jpg","24871","3/30/2026 10:31:51 PM"
"C:\Dev\Nexus_MASTER\public\assets\city_tiles\city_53389926\15\9082\13941.jpg","13941.jpg","25716","3/30/2026 10:41:05 PM"
"C:\Dev\Nexus_MASTER\public\assets\city_tiles\city_53389926\15\9082\13942.jpg","13942.jpg","26717","3/30/2026 10:41:05 PM"
"C:\Dev\Nexus_MASTER\public\assets\city_tiles\city_53389926\15\9082\13943.jpg","13943.jpg","27234","3/30/2026 10:41:05 PM"
"C:\Dev\Nexus_MASTER\public\assets\city_tiles\city_53389926\15\9082\13944.jpg","13944.jpg","24865","3/30/2026 10:41:05 PM"
"C:\Dev\Nexus_MASTER\public\assets\city_tiles\city_53389926\15\9082\13945.jpg","13945.jpg","25489","3/30/2026 10:41:05 PM"
"C:\Dev\Nexus_MASTER\public\assets\city_tiles\city_53389926\15\9082\13946.jpg","13946.jpg","25217","3/30/2026 10:41:05 PM"
"C:\Dev\Nexus_MASTER\public\assets\city_tiles\city_53389926\15\9082\13947.jpg","13947.jpg","25706","3/30/2026 10:41:05 PM"
"C:\Dev\Nexus_MASTER\public\assets\city_tiles\city_53389926\15\9082\13948.jpg","13948.jpg","25717","3/30/2026 10:41:05 PM"
"C:\Dev\Nexus_MASTER\public\assets\city_tiles\city_53389926\15\9082\13949.jpg","13949.jpg","26867","3/30/2026 10:41:05 PM"
"C:\Dev\Nexus_MASTER\public\assets\city_tiles\city_53389926\15\9082\13950.jpg","13950.jpg","26413","3/30/2026 10:41:05 PM"
"C:\Dev\Nexus_MASTER\public\assets\city_tiles\city_53389926\15\9082\13951.jpg","13951.jpg","27548","3/30/2026 10:41:05 PM"
"C:\Dev\Nexus_MASTER\public\assets\city_tiles\city_53389926\15\9082\13952.jpg","13952.jpg","26962","3/30/2026 10:41:05 PM"
"C:\Dev\Nexus_MASTER\public\assets\city_tiles\city_53389926\15\9082\13953.jpg","13953.jpg","27361","3/30/2026 10:41:05 PM"
"C:\Dev\Nexus_MASTER\public\assets\city_tiles\city_53389926\15\9082\13954.jpg","13954.jpg","28206","3/30/2026 10:41:05 PM"
"C:\Dev\Nexus_MASTER\public\assets\city_tiles\city_53389926\15\9082\13955.jpg","13955.jpg","29757","3/30/2026 10:41:05 PM"
"C:\Dev\Nexus_MASTER\public\assets\city_tiles\city_53389926\15\9082\13956.jpg","13956.jpg","30366","3/30/2026 10:41:05 PM"
"C:\Dev\Nexus_MASTER\public\assets\city_tiles\city_53389926\15\9082\13957.jpg","13957.jpg","28883","3/30/2026 10:41:05 PM"
"C:\Dev\Nexus_MASTER\public\assets\city_tiles\city_53389926\15\9082\13958.jpg","13958.jpg","14269","3/30/2026 10:41:05 PM"
"C:\Dev\Nexus_MASTER\public\assets\city_tiles\city_53389926\15\9082\13959.jpg","13959.jpg","5064","3/30/2026 10:41:05 PM"
"C:\Dev\Nexus_MASTER\public\assets\city_tiles\city_53389926\15\9082\13960.jpg","13960.jpg","7214","3/30/2026 10:41:05 PM"
"C:\Dev\Nexus_MASTER\public\assets\city_tiles\city_53389926\15\9082\13961.jpg","13961.jpg","7954","3/30/2026 10:41:05 PM"
"C:\Dev\Nexus_MASTER\public\assets\city_tiles\city_53389926\15\9082\13962.jpg","13962.jpg","7768","3/30/2026 10:41:05 PM"
"C:\Dev\Nexus_MASTER\public\assets\city_tiles\city_53389926\15\9082\13963.jpg","13963.jpg","5741","3/30/2026 10:41:05 PM"
"C:\Dev\Nexus_MASTER\public\assets\city_tiles\city_53389926\15\9082\13964.jpg","13964.jpg","4032","3/30/2026 10:41:05 PM"
"C:\Dev\Nexus_MASTER\public\assets\city_tiles\city_53389926\15\9082\13965.jpg","13965.jpg","3401","3/30/2026 10:41:05 PM"
"C:\Dev\Nexus_MASTER\public\assets\city_tiles\city_53389926\15\9082\13966.jpg","13966.jpg","3117","3/30/2026 10:41:05 PM"
"C:\Dev\Nexus_MASTER\public\assets\city_tiles\city_53389926\15\9082\13967.jpg","13967.jpg","3083","3/30/2026 10:41:05 PM"
"C:\Dev\Nexus_MASTER\public\assets\city_tiles\city_53389926\15\9082\13968.jpg","13968.jpg","3494","3/30/2026 10:41:06 PM"
"C:\Dev\Nexus_MASTER\public\assets\city_tiles\city_53389926\15\9082\13969.jpg","13969.jpg","3900","3/30/2026 10:41:06 PM"
"C:\Dev\Nexus_MASTER\public\assets\city_tiles\city_53389926\15\9082\13970.jpg","13970.jpg","4280","3/30/2026 10:41:06 PM"
"C:\Dev\Nexus_MASTER\public\assets\city_tiles\city_53389926\15\9083","9083",,"4/16/2026 8:00:28 PM"
"C:\Dev\Nexus_MASTER\public\assets\city_tiles\city_53389926\15\9083\13940.jpg","13940.jpg","25988","3/30/2026 10:31:52 PM"
"C:\Dev\Nexus_MASTER\public\assets\city_tiles\city_53389926\15\9083\13941.jpg","13941.jpg","26465","3/30/2026 10:41:06 PM"
"C:\Dev\Nexus_MASTER\public\assets\city_tiles\city_53389926\15\9083\13942.jpg","13942.jpg","26431","3/30/2026 10:41:06 PM"
"C:\Dev\Nexus_MASTER\public\assets\city_tiles\city_53389926\15\9083\13943.jpg","13943.jpg","26124","3/30/2026 10:41:06 PM"
"C:\Dev\Nexus_MASTER\public\assets\city_tiles\city_53389926\15\9083\13944.jpg","13944.jpg","26386","3/30/2026 10:41:06 PM"
"C:\Dev\Nexus_MASTER\public\assets\city_tiles\city_53389926\15\9083\13945.jpg","13945.jpg","26232","3/30/2026 10:41:06 PM"
"C:\Dev\Nexus_MASTER\public\assets\city_tiles\city_53389926\15\9083\13946.jpg","13946.jpg","25052","3/30/2026 10:41:06 PM"
"C:\Dev\Nexus_MASTER\public\assets\city_tiles\city_53389926\15\9083\13947.jpg","13947.jpg","25453","3/30/2026 10:41:06 PM"
"C:\Dev\Nexus_MASTER\public\assets\city_tiles\city_53389926\15\9083\13948.jpg","13948.jpg","25191","3/30/2026 10:41:06 PM"
"C:\Dev\Nexus_MASTER\public\assets\city_tiles\city_53389926\15\9083\13949.jpg","13949.jpg","26376","3/30/2026 10:41:06 PM"
"C:\Dev\Nexus_MASTER\public\assets\city_tiles\city_53389926\15\9083\13950.jpg","13950.jpg","26128","3/30/2026 10:41:06 PM"
"C:\Dev\Nexus_MASTER\public\assets\city_tiles\city_53389926\15\9083\13951.jpg","13951.jpg","25403","3/30/2026 10:41:06 PM"
"C:\Dev\Nexus_MASTER\public\assets\city_tiles\city_53389926\15\9083\13952.jpg","13952.jpg","26449","3/30/2026 10:41:06 PM"
"C:\Dev\Nexus_MASTER\public\assets\city_tiles\city_53389926\15\9083\13953.jpg","13953.jpg","27124","3/30/2026 10:41:06 PM"
"C:\Dev\Nexus_MASTER\public\assets\city_tiles\city_53389926\15\9083\13954.jpg","13954.jpg","27774","3/30/2026 10:41:06 PM"
"C:\Dev\Nexus_MASTER\public\assets\city_tiles\city_53389926\15\9083\13955.jpg","13955.jpg","29779","3/30/2026 10:41:06 PM"
"C:\Dev\Nexus_MASTER\public\assets\city_tiles\city_53389926\15\9083\13956.jpg","13956.jpg","30494","3/30/2026 10:41:06 PM"
"C:\Dev\Nexus_MASTER\public\assets\city_tiles\city_53389926\15\9083\13957.jpg","13957.jpg","15832","3/30/2026 10:41:06 PM"
"C:\Dev\Nexus_MASTER\public\assets\city_tiles\city_53389926\15\9083\13958.jpg","13958.jpg","5807","3/30/2026 10:41:06 PM"
"C:\Dev\Nexus_MASTER\public\assets\city_tiles\city_53389926\15\9083\13959.jpg","13959.jpg","4515","3/30/2026 10:41:06 PM"
"C:\Dev\Nexus_MASTER\public\assets\city_tiles\city_53389926\15\9083\13960.jpg","13960.jpg","4794","3/30/2026 10:41:06 PM"
"C:\Dev\Nexus_MASTER\public\assets\city_tiles\city_53389926\15\9083\13961.jpg","13961.jpg","3952","3/30/2026 10:41:06 PM"
"C:\Dev\Nexus_MASTER\public\assets\city_tiles\city_53389926\15\9083\13962.jpg","13962.jpg","3733","3/30/2026 10:41:06 PM"
"C:\Dev\Nexus_MASTER\public\assets\city_tiles\city_53389926\15\9083\13963.jpg","13963.jpg","3387","3/30/2026 10:41:06 PM"
"C:\Dev\Nexus_MASTER\public\assets\city_tiles\city_53389926\15\9083\13964.jpg","13964.jpg","3206","3/30/2026 10:41:06 PM"
"C:\Dev\Nexus_MASTER\public\assets\city_tiles\city_53389926\15\9083\13965.jpg","13965.jpg","3309","3/30/2026 10:41:06 PM"
"C:\Dev\Nexus_MASTER\public\assets\city_tiles\city_53389926\15\9083\13966.jpg","13966.jpg","3753","3/30/2026 10:41:06 PM"
"C:\Dev\Nexus_MASTER\public\assets\city_tiles\city_53389926\15\9083\13967.jpg","13967.jpg","3275","3/30/2026 10:41:07 PM"
"C:\Dev\Nexus_MASTER\public\assets\city_tiles\city_53389926\15\9083\13968.jpg","13968.jpg","3731","3/30/2026 10:41:07 PM"
"C:\Dev\Nexus_MASTER\public\assets\city_tiles\city_53389926\15\9083\13969.jpg","13969.jpg","3554","3/30/2026 10:41:07 PM"
"C:\Dev\Nexus_MASTER\public\assets\city_tiles\city_53389926\15\9083\13970.jpg","13970.jpg","3748","3/30/2026 10:41:07 PM"
"C:\Dev\Nexus_MASTER\public\assets\city_tiles\city_53389926\15\9084","9084",,"4/16/2026 8:00:28 PM"
"C:\Dev\Nexus_MASTER\public\assets\city_tiles\city_53389926\15\9084\13940.jpg","13940.jpg","25941","3/30/2026 10:31:54 PM"
"C:\Dev\Nexus_MASTER\public\assets\city_tiles\city_53389926\15\9084\13941.jpg","13941.jpg","26084","3/30/2026 10:41:07 PM"
"C:\Dev\Nexus_MASTER\public\assets\city_tiles\city_53389926\15\9084\13942.jpg","13942.jpg","26808","3/30/2026 10:41:07 PM"
"C:\Dev\Nexus_MASTER\public\assets\city_tiles\city_53389926\15\9084\13943.jpg","13943.jpg","26917","3/30/2026 10:41:07 PM"
"C:\Dev\Nexus_MASTER\public\assets\city_tiles\city_53389926\15\9084\13944.jpg","13944.jpg","26767","3/30/2026 10:41:07 PM"
"C:\Dev\Nexus_MASTER\public\assets\city_tiles\city_53389926\15\9084\13945.jpg","13945.jpg","26529","3/30/2026 10:41:07 PM"
"C:\Dev\Nexus_MASTER\public\assets\city_tiles\city_53389926\15\9084\13946.jpg","13946.jpg","25885","3/30/2026 10:41:07 PM"
"C:\Dev\Nexus_MASTER\public\assets\city_tiles\city_53389926\15\9084\13947.jpg","13947.jpg","24950","3/30/2026 10:41:07 PM"
"C:\Dev\Nexus_MASTER\public\assets\city_tiles\city_53389926\15\9084\13948.jpg","13948.jpg","24714","3/30/2026 10:41:07 PM"
"C:\Dev\Nexus_MASTER\public\assets\city_tiles\city_53389926\15\9084\13949.jpg","13949.jpg","25130","3/30/2026 10:41:07 PM"
"C:\Dev\Nexus_MASTER\public\assets\city_tiles\city_53389926\15\9084\13950.jpg","13950.jpg","26564","3/30/2026 10:41:07 PM"
"C:\Dev\Nexus_MASTER\public\assets\city_tiles\city_53389926\15\9084\13951.jpg","13951.jpg","26133","3/30/2026 10:41:07 PM"
"C:\Dev\Nexus_MASTER\public\assets\city_tiles\city_53389926\15\9084\13952.jpg","13952.jpg","26555","3/30/2026 10:41:07 PM"
"C:\Dev\Nexus_MASTER\public\assets\city_tiles\city_53389926\15\9084\13953.jpg","13953.jpg","27083","3/30/2026 10:41:07 PM"
"C:\Dev\Nexus_MASTER\public\assets\city_tiles\city_53389926\15\9084\13954.jpg","13954.jpg","26852","3/30/2026 10:41:07 PM"
"C:\Dev\Nexus_MASTER\public\assets\city_tiles\city_53389926\15\9084\13955.jpg","13955.jpg","27353","3/30/2026 10:41:07 PM"
"C:\Dev\Nexus_MASTER\public\assets\city_tiles\city_53389926\15\9084\13956.jpg","13956.jpg","21099","3/30/2026 10:41:07 PM"
"C:\Dev\Nexus_MASTER\public\assets\city_tiles\city_53389926\15\9084\13957.jpg","13957.jpg","9221","3/30/2026 10:41:07 PM"
"C:\Dev\Nexus_MASTER\public\assets\city_tiles\city_53389926\15\9084\13958.jpg","13958.jpg","5577","3/30/2026 10:41:07 PM"
"C:\Dev\Nexus_MASTER\public\assets\city_tiles\city_53389926\15\9084\13959.jpg","13959.jpg","4612","3/30/2026 10:41:07 PM"
"C:\Dev\Nexus_MASTER\public\assets\city_tiles\city_53389926\15\9084\13960.jpg","13960.jpg","3798","3/30/2026 10:41:07 PM"
"C:\Dev\Nexus_MASTER\public\assets\city_tiles\city_53389926\15\9084\13961.jpg","13961.jpg","3486","3/30/2026 10:41:07 PM"
"C:\Dev\Nexus_MASTER\public\assets\city_tiles\city_53389926\15\9084\13962.jpg","13962.jpg","4383","3/30/2026 10:41:07 PM"
"C:\Dev\Nexus_MASTER\public\assets\city_tiles\city_53389926\15\9084\13963.jpg","13963.jpg","4901","3/30/2026 10:41:07 PM"
"C:\Dev\Nexus_MASTER\public\assets\city_tiles\city_53389926\15\9084\13964.jpg","13964.jpg","3998","3/30/2026 10:41:07 PM"
"C:\Dev\Nexus_MASTER\public\assets\city_tiles\city_53389926\15\9084\13965.jpg","13965.jpg","3589","3/30/2026 10:41:08 PM"
"C:\Dev\Nexus_MASTER\public\assets\city_tiles\city_53389926\15\9084\13966.jpg","13966.jpg","3896","3/30/2026 10:41:08 PM"
"C:\Dev\Nexus_MASTER\public\assets\city_tiles\city_53389926\15\9084\13967.jpg","13967.jpg","4144","3/30/2026 10:41:08 PM"
"C:\Dev\Nexus_MASTER\public\assets\city_tiles\city_53389926\15\9084\13968.jpg","13968.jpg","4496","3/30/2026 10:41:08 PM"
"C:\Dev\Nexus_MASTER\public\assets\city_tiles\city_53389926\15\9084\13969.jpg","13969.jpg","4051","3/30/2026 10:41:08 PM"
"C:\Dev\Nexus_MASTER\public\assets\city_tiles\city_53389926\15\9084\13970.jpg","13970.jpg","4192","3/30/2026 10:41:08 PM"
"C:\Dev\Nexus_MASTER\public\assets\city_tiles\city_53389926\15\9085","9085",,"4/16/2026 8:00:28 PM"
"C:\Dev\Nexus_MASTER\public\assets\city_tiles\city_53389926\15\9085\13940.jpg","13940.jpg","26391","3/30/2026 10:31:56 PM"
"C:\Dev\Nexus_MASTER\public\assets\city_tiles\city_53389926\15\9085\13941.jpg","13941.jpg","26342","3/30/2026 10:41:08 PM"
"C:\Dev\Nexus_MASTER\public\assets\city_tiles\city_53389926\15\9085\13942.jpg","13942.jpg","26840","3/30/2026 10:41:08 PM"
"C:\Dev\Nexus_MASTER\public\assets\city_tiles\city_53389926\15\9085\13943.jpg","13943.jpg","26997","3/30/2026 10:41:08 PM"
"C:\Dev\Nexus_MASTER\public\assets\city_tiles\city_53389926\15\9085\13944.jpg","13944.jpg","25259","3/30/2026 10:41:08 PM"
"C:\Dev\Nexus_MASTER\public\assets\city_tiles\city_53389926\15\9085\13945.jpg","13945.jpg","26332","3/30/2026 10:41:08 PM"
"C:\Dev\Nexus_MASTER\public\assets\city_tiles\city_53389926\15\9085\13946.jpg","13946.jpg","26867","3/30/2026 10:41:08 PM"
"C:\Dev\Nexus_MASTER\public\assets\city_tiles\city_53389926\15\9085\13947.jpg","13947.jpg","27543","3/30/2026 10:41:08 PM"
"C:\Dev\Nexus_MASTER\public\assets\city_tiles\city_53389926\15\9085\13948.jpg","13948.jpg","23756","3/30/2026 10:41:08 PM"
"C:\Dev\Nexus_MASTER\public\assets\city_tiles\city_53389926\15\9085\13949.jpg","13949.jpg","25638","3/30/2026 10:41:08 PM"
"C:\Dev\Nexus_MASTER\public\assets\city_tiles\city_53389926\15\9085\13950.jpg","13950.jpg","18622","3/30/2026 10:41:08 PM"
"C:\Dev\Nexus_MASTER\public\assets\city_tiles\city_53389926\15\9085\13951.jpg","13951.jpg","13225","3/30/2026 10:41:08 PM"
"C:\Dev\Nexus_MASTER\public\assets\city_tiles\city_53389926\15\9085\13952.jpg","13952.jpg","15434","3/30/2026 10:41:08 PM"
"C:\Dev\Nexus_MASTER\public\assets\city_tiles\city_53389926\15\9085\13953.jpg","13953.jpg","15907","3/30/2026 10:41:08 PM"
"C:\Dev\Nexus_MASTER\public\assets\city_tiles\city_53389926\15\9085\13954.jpg","13954.jpg","19170","3/30/2026 10:41:08 PM"
"C:\Dev\Nexus_MASTER\public\assets\city_tiles\city_53389926\15\9085\13955.jpg","13955.jpg","13456","3/30/2026 10:41:08 PM"
"C:\Dev\Nexus_MASTER\public\assets\city_tiles\city_53389926\15\9085\13956.jpg","13956.jpg","8068","3/30/2026 10:41:08 PM"
"C:\Dev\Nexus_MASTER\public\assets\city_tiles\city_53389926\15\9085\13957.jpg","13957.jpg","8183","3/30/2026 10:41:08 PM"
"C:\Dev\Nexus_MASTER\public\assets\city_tiles\city_53389926\15\9085\13958.jpg","13958.jpg","6270","3/30/2026 10:41:08 PM"
"C:\Dev\Nexus_MASTER\public\assets\city_tiles\city_53389926\15\9085\13959.jpg","13959.jpg","4433","3/30/2026 10:41:08 PM"
"C:\Dev\Nexus_MASTER\public\assets\city_tiles\city_53389926\15\9085\13960.jpg","13960.jpg","4622","3/30/2026 10:41:08 PM"
"C:\Dev\Nexus_MASTER\public\assets\city_tiles\city_53389926\15\9085\13961.jpg","13961.jpg","6245","3/30/2026 10:41:08 PM"
"C:\Dev\Nexus_MASTER\public\assets\city_tiles\city_53389926\15\9085\13962.jpg","13962.jpg","5333","3/30/2026 10:41:08 PM"
"C:\Dev\Nexus_MASTER\public\assets\city_tiles\city_53389926\15\9085\13963.jpg","13963.jpg","7135","3/30/2026 10:41:08 PM"
"C:\Dev\Nexus_MASTER\public\assets\city_tiles\city_53389926\15\9085\13964.jpg","13964.jpg","5977","3/30/2026 10:41:08 PM"
"C:\Dev\Nexus_MASTER\public\assets\city_tiles\city_53389926\15\9085\13965.jpg","13965.jpg","6596","3/30/2026 10:41:08 PM"
"C:\Dev\Nexus_MASTER\public\assets\city_tiles\city_53389926\15\9085\13966.jpg","13966.jpg","6344","3/30/2026 10:41:09 PM"
"C:\Dev\Nexus_MASTER\public\assets\city_tiles\city_53389926\15\9085\13967.jpg","13967.jpg","6998","3/30/2026 10:41:09 PM"
"C:\Dev\Nexus_MASTER\public\assets\city_tiles\city_53389926\15\9085\13968.jpg","13968.jpg","7663","3/30/2026 10:41:09 PM"
"C:\Dev\Nexus_MASTER\public\assets\city_tiles\city_53389926\15\9085\13969.jpg","13969.jpg","7041","3/30/2026 10:41:09 PM"
"C:\Dev\Nexus_MASTER\public\assets\city_tiles\city_53389926\15\9085\13970.jpg","13970.jpg","6171","3/30/2026 10:41:09 PM"
"C:\Dev\Nexus_MASTER\public\assets\city_tiles\city_53389926\15\9086","9086",,"4/16/2026 8:00:28 PM"
"C:\Dev\Nexus_MASTER\public\assets\city_tiles\city_53389926\15\9086\13940.jpg","13940.jpg","27017","3/30/2026 10:31:59 PM"
"C:\Dev\Nexus_MASTER\public\assets\city_tiles\city_53389926\15\9086\13941.jpg","13941.jpg","27205","3/30/2026 10:41:09 PM"
"C:\Dev\Nexus_MASTER\public\assets\city_tiles\city_53389926\15\9086\13942.jpg","13942.jpg","26313","3/30/2026 10:41:09 PM"
"C:\Dev\Nexus_MASTER\public\assets\city_tiles\city_53389926\15\9086\13943.jpg","13943.jpg","26399","3/30/2026 10:41:09 PM"
"C:\Dev\Nexus_MASTER\public\assets\city_tiles\city_53389926\15\9086\13944.jpg","13944.jpg","26545","3/30/2026 10:41:09 PM"
"C:\Dev\Nexus_MASTER\public\assets\city_tiles\city_53389926\15\9086\13945.jpg","13945.jpg","21327","3/30/2026 10:41:09 PM"
"C:\Dev\Nexus_MASTER\public\assets\city_tiles\city_53389926\15\9086\13946.jpg","13946.jpg","19282","3/30/2026 10:41:09 PM"
"C:\Dev\Nexus_MASTER\public\assets\city_tiles\city_53389926\15\9086\13947.jpg","13947.jpg","15357","3/30/2026 10:41:09 PM"
"C:\Dev\Nexus_MASTER\public\assets\city_tiles\city_53389926\15\9086\13948.jpg","13948.jpg","5257","3/30/2026 10:41:09 PM"
"C:\Dev\Nexus_MASTER\public\assets\city_tiles\city_53389926\15\9086\13949.jpg","13949.jpg","4496","3/30/2026 10:41:09 PM"
"C:\Dev\Nexus_MASTER\public\assets\city_tiles\city_53389926\15\9086\13950.jpg","13950.jpg","6413","3/30/2026 10:41:09 PM"
"C:\Dev\Nexus_MASTER\public\assets\city_tiles\city_53389926\15\9086\13951.jpg","13951.jpg","4327","3/30/2026 10:41:09 PM"
"C:\Dev\Nexus_MASTER\public\assets\city_tiles\city_53389926\15\9086\13952.jpg","13952.jpg","9970","3/30/2026 10:41:09 PM"
"C:\Dev\Nexus_MASTER\public\assets\city_tiles\city_53389926\15\9086\13953.jpg","13953.jpg","16334","3/30/2026 10:41:09 PM"
"C:\Dev\Nexus_MASTER\public\assets\city_tiles\city_53389926\15\9086\13954.jpg","13954.jpg","20545","3/30/2026 10:41:09 PM"
"C:\Dev\Nexus_MASTER\public\assets\city_tiles\city_53389926\15\9086\13955.jpg","13955.jpg","7345","3/30/2026 10:41:09 PM"
"C:\Dev\Nexus_MASTER\public\assets\city_tiles\city_53389926\15\9086\13956.jpg","13956.jpg","7401","3/30/2026 10:41:09 PM"
"C:\Dev\Nexus_MASTER\public\assets\city_tiles\city_53389926\15\9086\13957.jpg","13957.jpg","13714","3/30/2026 10:41:09 PM"
"C:\Dev\Nexus_MASTER\public\assets\city_tiles\city_53389926\15\9086\13958.jpg","13958.jpg","9681","3/30/2026 10:41:09 PM"
"C:\Dev\Nexus_MASTER\public\assets\city_tiles\city_53389926\15\9086\13959.jpg","13959.jpg","10197","3/30/2026 10:41:09 PM"
"C:\Dev\Nexus_MASTER\public\assets\city_tiles\city_53389926\15\9086\13960.jpg","13960.jpg","9673","3/30/2026 10:41:09 PM"
"C:\Dev\Nexus_MASTER\public\assets\city_tiles\city_53389926\15\9086\13961.jpg","13961.jpg","8031","3/30/2026 10:41:10 PM"
"C:\Dev\Nexus_MASTER\public\assets\city_tiles\city_53389926\15\9086\13962.jpg","13962.jpg","16435","3/30/2026 10:41:10 PM"
"C:\Dev\Nexus_MASTER\public\assets\city_tiles\city_53389926\15\9086\13963.jpg","13963.jpg","21804","3/30/2026 10:41:10 PM"
"C:\Dev\Nexus_MASTER\public\assets\city_tiles\city_53389926\15\9086\13964.jpg","13964.jpg","9039","3/30/2026 10:41:10 PM"
"C:\Dev\Nexus_MASTER\public\assets\city_tiles\city_53389926\15\9086\13965.jpg","13965.jpg","10547","3/30/2026 10:41:10 PM"
"C:\Dev\Nexus_MASTER\public\assets\city_tiles\city_53389926\15\9086\13966.jpg","13966.jpg","8422","3/30/2026 10:41:10 PM"
"C:\Dev\Nexus_MASTER\public\assets\city_tiles\city_53389926\15\9086\13967.jpg","13967.jpg","7514","3/30/2026 10:41:10 PM"
"C:\Dev\Nexus_MASTER\public\assets\city_tiles\city_53389926\15\9086\13968.jpg","13968.jpg","6808","3/30/2026 10:41:10 PM"
"C:\Dev\Nexus_MASTER\public\assets\city_tiles\city_53389926\15\9086\13969.jpg","13969.jpg","8360","3/30/2026 10:41:10 PM"
"C:\Dev\Nexus_MASTER\public\assets\city_tiles\city_53389926\15\9086\13970.jpg","13970.jpg","8458","3/30/2026 10:41:10 PM"
"C:\Dev\Nexus_MASTER\public\assets\city_tiles\city_53389926\15\9087","9087",,"4/16/2026 8:00:28 PM"
"C:\Dev\Nexus_MASTER\public\assets\city_tiles\city_53389926\15\9087\13940.jpg","13940.jpg","25102","3/30/2026 10:32:02 PM"
"C:\Dev\Nexus_MASTER\public\assets\city_tiles\city_53389926\15\9087\13941.jpg","13941.jpg","25226","3/30/2026 10:41:10 PM"
"C:\Dev\Nexus_MASTER\public\assets\city_tiles\city_53389926\15\9087\13942.jpg","13942.jpg","27378","3/30/2026 10:41:10 PM"
"C:\Dev\Nexus_MASTER\public\assets\city_tiles\city_53389926\15\9087\13943.jpg","13943.jpg","24678","3/30/2026 10:41:10 PM"
"C:\Dev\Nexus_MASTER\public\assets\city_tiles\city_53389926\15\9087\13944.jpg","13944.jpg","10723","3/30/2026 10:41:10 PM"
"C:\Dev\Nexus_MASTER\public\assets\city_tiles\city_53389926\15\9087\13945.jpg","13945.jpg","5482","3/30/2026 10:41:10 PM"
"C:\Dev\Nexus_MASTER\public\assets\city_tiles\city_53389926\15\9087\13946.jpg","13946.jpg","10814","3/30/2026 10:41:10 PM"
"C:\Dev\Nexus_MASTER\public\assets\city_tiles\city_53389926\15\9087\13947.jpg","13947.jpg","9977","3/30/2026 10:41:10 PM"
"C:\Dev\Nexus_MASTER\public\assets\city_tiles\city_53389926\15\9087\13948.jpg","13948.jpg","5647","3/30/2026 10:41:10 PM"
"C:\Dev\Nexus_MASTER\public\assets\city_tiles\city_53389926\15\9087\13949.jpg","13949.jpg","3718","3/30/2026 10:41:10 PM"
"C:\Dev\Nexus_MASTER\public\assets\city_tiles\city_53389926\15\9087\13950.jpg","13950.jpg","6135","3/30/2026 10:41:10 PM"
"C:\Dev\Nexus_MASTER\public\assets\city_tiles\city_53389926\15\9087\13951.jpg","13951.jpg","2941","3/30/2026 10:41:10 PM"
"C:\Dev\Nexus_MASTER\public\assets\city_tiles\city_53389926\15\9087\13952.jpg","13952.jpg","11820","3/30/2026 10:41:10 PM"
"C:\Dev\Nexus_MASTER\public\assets\city_tiles\city_53389926\15\9087\13953.jpg","13953.jpg","19165","3/30/2026 10:41:10 PM"
"C:\Dev\Nexus_MASTER\public\assets\city_tiles\city_53389926\15\9087\13954.jpg","13954.jpg","19944","3/30/2026 10:41:10 PM"
"C:\Dev\Nexus_MASTER\public\assets\city_tiles\city_53389926\15\9087\13955.jpg","13955.jpg","14693","3/30/2026 10:41:10 PM"
"C:\Dev\Nexus_MASTER\public\assets\city_tiles\city_53389926\15\9087\13956.jpg","13956.jpg","9466","3/30/2026 10:41:10 PM"
"C:\Dev\Nexus_MASTER\public\assets\city_tiles\city_53389926\15\9087\13957.jpg","13957.jpg","11724","3/30/2026 10:41:10 PM"
"C:\Dev\Nexus_MASTER\public\assets\city_tiles\city_53389926\15\9087\13958.jpg","13958.jpg","20774","3/30/2026 10:41:10 PM"
"C:\Dev\Nexus_MASTER\public\assets\city_tiles\city_53389926\15\9087\13959.jpg","13959.jpg","11449","3/30/2026 10:41:11 PM"
"C:\Dev\Nexus_MASTER\public\assets\city_tiles\city_53389926\15\9087\13960.jpg","13960.jpg","14745","3/30/2026 10:41:11 PM"
"C:\Dev\Nexus_MASTER\public\assets\city_tiles\city_53389926\15\9087\13961.jpg","13961.jpg","16791","3/30/2026 10:41:11 PM"
"C:\Dev\Nexus_MASTER\public\assets\city_tiles\city_53389926\15\9087\13962.jpg","13962.jpg","28458","3/30/2026 10:41:11 PM"
"C:\Dev\Nexus_MASTER\public\assets\city_tiles\city_53389926\15\9087\13963.jpg","13963.jpg","27218","3/30/2026 10:41:11 PM"
"C:\Dev\Nexus_MASTER\public\assets\city_tiles\city_53389926\15\9087\13964.jpg","13964.jpg","16299","3/30/2026 10:41:11 PM"
"C:\Dev\Nexus_MASTER\public\assets\city_tiles\city_53389926\15\9087\13965.jpg","13965.jpg","9798","3/30/2026 10:41:11 PM"
"C:\Dev\Nexus_MASTER\public\assets\city_tiles\city_53389926\15\9087\13966.jpg","13966.jpg","9350","3/30/2026 10:41:11 PM"
"C:\Dev\Nexus_MASTER\public\assets\city_tiles\city_53389926\15\9087\13967.jpg","13967.jpg","9269","3/30/2026 10:41:11 PM"
"C:\Dev\Nexus_MASTER\public\assets\city_tiles\city_53389926\15\9087\13968.jpg","13968.jpg","11488","3/30/2026 10:41:11 PM"
"C:\Dev\Nexus_MASTER\public\assets\city_tiles\city_53389926\15\9087\13969.jpg","13969.jpg","10005","3/30/2026 10:41:11 PM"
"C:\Dev\Nexus_MASTER\public\assets\city_tiles\city_53389926\15\9087\13970.jpg","13970.jpg","10070","3/30/2026 10:41:11 PM"
"C:\Dev\Nexus_MASTER\public\assets\city_tiles\city_53389926\15\9088","9088",,"4/16/2026 8:00:28 PM"
"C:\Dev\Nexus_MASTER\public\assets\city_tiles\city_53389926\15\9088\13940.jpg","13940.jpg","21889","3/30/2026 10:32:03 PM"
"C:\Dev\Nexus_MASTER\public\assets\city_tiles\city_53389926\15\9088\13941.jpg","13941.jpg","22045","3/30/2026 10:41:11 PM"
"C:\Dev\Nexus_MASTER\public\assets\city_tiles\city_53389926\15\9088\13942.jpg","13942.jpg","24507","3/30/2026 10:41:11 PM"
"C:\Dev\Nexus_MASTER\public\assets\city_tiles\city_53389926\15\9088\13943.jpg","13943.jpg","10929","3/30/2026 10:41:11 PM"
"C:\Dev\Nexus_MASTER\public\assets\city_tiles\city_53389926\15\9088\13944.jpg","13944.jpg","6113","3/30/2026 10:41:11 PM"
"C:\Dev\Nexus_MASTER\public\assets\city_tiles\city_53389926\15\9088\13945.jpg","13945.jpg","6782","3/30/2026 10:41:11 PM"
"C:\Dev\Nexus_MASTER\public\assets\city_tiles\city_53389926\15\9088\13946.jpg","13946.jpg","7980","3/30/2026 10:41:11 PM"
"C:\Dev\Nexus_MASTER\public\assets\city_tiles\city_53389926\15\9088\13947.jpg","13947.jpg","17471","3/30/2026 10:41:11 PM"
"C:\Dev\Nexus_MASTER\public\assets\city_tiles\city_53389926\15\9088\13948.jpg","13948.jpg","7239","3/30/2026 10:41:11 PM"
"C:\Dev\Nexus_MASTER\public\assets\city_tiles\city_53389926\15\9088\13949.jpg","13949.jpg","6441","3/30/2026 10:41:11 PM"
"C:\Dev\Nexus_MASTER\public\assets\city_tiles\city_53389926\15\9088\13950.jpg","13950.jpg","7199","3/30/2026 10:41:11 PM"
"C:\Dev\Nexus_MASTER\public\assets\city_tiles\city_53389926\15\9088\13951.jpg","13951.jpg","9361","3/30/2026 10:41:11 PM"
"C:\Dev\Nexus_MASTER\public\assets\city_tiles\city_53389926\15\9088\13952.jpg","13952.jpg","13844","3/30/2026 10:41:11 PM"
"C:\Dev\Nexus_MASTER\public\assets\city_tiles\city_53389926\15\9088\13953.jpg","13953.jpg","12656","3/30/2026 10:41:11 PM"
"C:\Dev\Nexus_MASTER\public\assets\city_tiles\city_53389926\15\9088\13954.jpg","13954.jpg","16666","3/30/2026 10:41:11 PM"
"C:\Dev\Nexus_MASTER\public\assets\city_tiles\city_53389926\15\9088\13955.jpg","13955.jpg","17887","3/30/2026 10:41:11 PM"
"C:\Dev\Nexus_MASTER\public\assets\city_tiles\city_53389926\15\9088\13956.jpg","13956.jpg","15222","3/30/2026 10:41:11 PM"
"C:\Dev\Nexus_MASTER\public\assets\city_tiles\city_53389926\15\9088\13957.jpg","13957.jpg","22049","3/30/2026 10:41:11 PM"
"C:\Dev\Nexus_MASTER\public\assets\city_tiles\city_53389926\15\9088\13958.jpg","13958.jpg","12138","3/30/2026 10:41:11 PM"
"C:\Dev\Nexus_MASTER\public\assets\city_tiles\city_53389926\15\9088\13959.jpg","13959.jpg","16870","3/30/2026 10:41:12 PM"
"C:\Dev\Nexus_MASTER\public\assets\city_tiles\city_53389926\15\9088\13960.jpg","13960.jpg","18349","3/30/2026 10:41:12 PM"
"C:\Dev\Nexus_MASTER\public\assets\city_tiles\city_53389926\15\9088\13961.jpg","13961.jpg","15909","3/30/2026 10:41:12 PM"
"C:\Dev\Nexus_MASTER\public\assets\city_tiles\city_53389926\15\9088\13962.jpg","13962.jpg","9212","3/30/2026 10:41:12 PM"
"C:\Dev\Nexus_MASTER\public\assets\city_tiles\city_53389926\15\9088\13963.jpg","13963.jpg","10022","3/30/2026 10:41:12 PM"
"C:\Dev\Nexus_MASTER\public\assets\city_tiles\city_53389926\15\9088\13964.jpg","13964.jpg","14013","3/30/2026 10:41:12 PM"
"C:\Dev\Nexus_MASTER\public\assets\city_tiles\city_53389926\15\9088\13965.jpg","13965.jpg","12227","3/30/2026 10:41:12 PM"
"C:\Dev\Nexus_MASTER\public\assets\city_tiles\city_53389926\15\9088\13966.jpg","13966.jpg","11710","3/30/2026 10:41:12 PM"
"C:\Dev\Nexus_MASTER\public\assets\city_tiles\city_53389926\15\9088\13967.jpg","13967.jpg","12762","3/30/2026 10:41:12 PM"
"C:\Dev\Nexus_MASTER\public\assets\city_tiles\city_53389926\15\9088\13968.jpg","13968.jpg","11694","3/30/2026 10:41:12 PM"
"C:\Dev\Nexus_MASTER\public\assets\city_tiles\city_53389926\15\9088\13969.jpg","13969.jpg","9143","3/30/2026 10:41:12 PM"
"C:\Dev\Nexus_MASTER\public\assets\city_tiles\city_53389926\15\9088\13970.jpg","13970.jpg","9466","3/30/2026 10:41:12 PM"
"C:\Dev\Nexus_MASTER\public\assets\city_tiles\city_53389926\15\9089","9089",,"4/16/2026 8:00:28 PM"
"C:\Dev\Nexus_MASTER\public\assets\city_tiles\city_53389926\15\9089\13940.jpg","13940.jpg","21832","3/30/2026 10:32:05 PM"
"C:\Dev\Nexus_MASTER\public\assets\city_tiles\city_53389926\15\9089\13941.jpg","13941.jpg","17092","3/30/2026 10:41:12 PM"
"C:\Dev\Nexus_MASTER\public\assets\city_tiles\city_53389926\15\9089\13942.jpg","13942.jpg","12648","3/30/2026 10:41:12 PM"
"C:\Dev\Nexus_MASTER\public\assets\city_tiles\city_53389926\15\9089\13943.jpg","13943.jpg","17534","3/30/2026 10:41:12 PM"
"C:\Dev\Nexus_MASTER\public\assets\city_tiles\city_53389926\15\9089\13944.jpg","13944.jpg","15638","3/30/2026 10:41:12 PM"
"C:\Dev\Nexus_MASTER\public\assets\city_tiles\city_53389926\15\9089\13945.jpg","13945.jpg","17226","3/30/2026 10:41:12 PM"
"C:\Dev\Nexus_MASTER\public\assets\city_tiles\city_53389926\15\9089\13946.jpg","13946.jpg","29363","3/30/2026 10:41:12 PM"
"C:\Dev\Nexus_MASTER\public\assets\city_tiles\city_53389926\15\9089\13947.jpg","13947.jpg","6305","3/30/2026 10:41:12 PM"
"C:\Dev\Nexus_MASTER\public\assets\city_tiles\city_53389926\15\9089\13948.jpg","13948.jpg","7507","3/30/2026 10:41:12 PM"
"C:\Dev\Nexus_MASTER\public\assets\city_tiles\city_53389926\15\9089\13949.jpg","13949.jpg","11150","3/30/2026 10:41:12 PM"
"C:\Dev\Nexus_MASTER\public\assets\city_tiles\city_53389926\15\9089\13950.jpg","13950.jpg","22087","3/30/2026 10:41:12 PM"
"C:\Dev\Nexus_MASTER\public\assets\city_tiles\city_53389926\15\9089\13951.jpg","13951.jpg","22949","3/30/2026 10:41:12 PM"
"C:\Dev\Nexus_MASTER\public\assets\city_tiles\city_53389926\15\9089\13952.jpg","13952.jpg","28811","3/30/2026 10:41:12 PM"
"C:\Dev\Nexus_MASTER\public\assets\city_tiles\city_53389926\15\9089\13953.jpg","13953.jpg","28734","3/30/2026 10:41:12 PM"
"C:\Dev\Nexus_MASTER\public\assets\city_tiles\city_53389926\15\9089\13954.jpg","13954.jpg","26914","3/30/2026 10:41:12 PM"
"C:\Dev\Nexus_MASTER\public\assets\city_tiles\city_53389926\15\9089\13955.jpg","13955.jpg","20861","3/30/2026 10:41:12 PM"
"C:\Dev\Nexus_MASTER\public\assets\city_tiles\city_53389926\15\9089\13956.jpg","13956.jpg","17122","3/30/2026 10:41:12 PM"
"C:\Dev\Nexus_MASTER\public\assets\city_tiles\city_53389926\15\9089\13957.jpg","13957.jpg","13088","3/30/2026 10:41:13 PM"
"C:\Dev\Nexus_MASTER\public\assets\city_tiles\city_53389926\15\9089\13958.jpg","13958.jpg","10877","3/30/2026 10:41:13 PM"
"C:\Dev\Nexus_MASTER\public\assets\city_tiles\city_53389926\15\9089\13959.jpg","13959.jpg","11824","3/30/2026 10:41:13 PM"
"C:\Dev\Nexus_MASTER\public\assets\city_tiles\city_53389926\15\9089\13960.jpg","13960.jpg","10509","3/30/2026 10:41:13 PM"
"C:\Dev\Nexus_MASTER\public\assets\city_tiles\city_53389926\15\9089\13961.jpg","13961.jpg","8464","3/30/2026 10:41:13 PM"
"C:\Dev\Nexus_MASTER\public\assets\city_tiles\city_53389926\15\9089\13962.jpg","13962.jpg","5576","3/30/2026 10:41:13 PM"
"C:\Dev\Nexus_MASTER\public\assets\city_tiles\city_53389926\15\9089\13963.jpg","13963.jpg","7188","3/30/2026 10:41:13 PM"
"C:\Dev\Nexus_MASTER\public\assets\city_tiles\city_53389926\15\9089\13964.jpg","13964.jpg","9492","3/30/2026 10:41:13 PM"
"C:\Dev\Nexus_MASTER\public\assets\city_tiles\city_53389926\15\9089\13965.jpg","13965.jpg","7956","3/30/2026 10:41:13 PM"
"C:\Dev\Nexus_MASTER\public\assets\city_tiles\city_53389926\15\9089\13966.jpg","13966.jpg","8074","3/30/2026 10:41:13 PM"
"C:\Dev\Nexus_MASTER\public\assets\city_tiles\city_53389926\15\9089\13967.jpg","13967.jpg","8750","3/30/2026 10:41:13 PM"
"C:\Dev\Nexus_MASTER\public\assets\city_tiles\city_53389926\15\9089\13968.jpg","13968.jpg","7770","3/30/2026 10:41:13 PM"
"C:\Dev\Nexus_MASTER\public\assets\city_tiles\city_53389926\15\9089\13969.jpg","13969.jpg","6886","3/30/2026 10:41:13 PM"
"C:\Dev\Nexus_MASTER\public\assets\city_tiles\city_53389926\15\9089\13970.jpg","13970.jpg","6984","3/30/2026 10:41:13 PM"
"C:\Dev\Nexus_MASTER\public\assets\city_tiles\city_53389926\15\9090","9090",,"4/16/2026 8:00:28 PM"
"C:\Dev\Nexus_MASTER\public\assets\city_tiles\city_53389926\15\9090\13940.jpg","13940.jpg","17407","3/30/2026 10:32:07 PM"
"C:\Dev\Nexus_MASTER\public\assets\city_tiles\city_53389926\15\9090\13941.jpg","13941.jpg","15311","3/30/2026 10:41:13 PM"
"C:\Dev\Nexus_MASTER\public\assets\city_tiles\city_53389926\15\9090\13942.jpg","13942.jpg","26372","3/30/2026 10:41:13 PM"
"C:\Dev\Nexus_MASTER\public\assets\city_tiles\city_53389926\15\9090\13943.jpg","13943.jpg","28675","3/30/2026 10:41:13 PM"
"C:\Dev\Nexus_MASTER\public\assets\city_tiles\city_53389926\15\9090\13944.jpg","13944.jpg","27346","3/30/2026 10:41:13 PM"
"C:\Dev\Nexus_MASTER\public\assets\city_tiles\city_53389926\15\9090\13945.jpg","13945.jpg","27145","3/30/2026 10:41:13 PM"
"C:\Dev\Nexus_MASTER\public\assets\city_tiles\city_53389926\15\9090\13946.jpg","13946.jpg","24551","3/30/2026 10:41:13 PM"
"C:\Dev\Nexus_MASTER\public\assets\city_tiles\city_53389926\15\9090\13947.jpg","13947.jpg","24240","3/30/2026 10:41:13 PM"
"C:\Dev\Nexus_MASTER\public\assets\city_tiles\city_53389926\15\9090\13948.jpg","13948.jpg","23278","3/30/2026 10:41:13 PM"
"C:\Dev\Nexus_MASTER\public\assets\city_tiles\city_53389926\15\9090\13949.jpg","13949.jpg","30129","3/30/2026 10:41:13 PM"
"C:\Dev\Nexus_MASTER\public\assets\city_tiles\city_53389926\15\9090\13950.jpg","13950.jpg","30964","3/30/2026 10:41:13 PM"
"C:\Dev\Nexus_MASTER\public\assets\city_tiles\city_53389926\15\9090\13951.jpg","13951.jpg","29688","3/30/2026 10:41:13 PM"
"C:\Dev\Nexus_MASTER\public\assets\city_tiles\city_53389926\15\9090\13952.jpg","13952.jpg","23241","3/30/2026 10:41:13 PM"
"C:\Dev\Nexus_MASTER\public\assets\city_tiles\city_53389926\15\9090\13953.jpg","13953.jpg","20453","3/30/2026 10:41:14 PM"
"C:\Dev\Nexus_MASTER\public\assets\city_tiles\city_53389926\15\9090\13954.jpg","13954.jpg","17404","3/30/2026 10:41:14 PM"
"C:\Dev\Nexus_MASTER\public\assets\city_tiles\city_53389926\15\9090\13955.jpg","13955.jpg","13890","3/30/2026 10:41:14 PM"
"C:\Dev\Nexus_MASTER\public\assets\city_tiles\city_53389926\15\9090\13956.jpg","13956.jpg","10171","3/30/2026 10:41:14 PM"
"C:\Dev\Nexus_MASTER\public\assets\city_tiles\city_53389926\15\9090\13957.jpg","13957.jpg","7475","3/30/2026 10:41:14 PM"
"C:\Dev\Nexus_MASTER\public\assets\city_tiles\city_53389926\15\9090\13958.jpg","13958.jpg","4695","3/30/2026 10:41:14 PM"
"C:\Dev\Nexus_MASTER\public\assets\city_tiles\city_53389926\15\9090\13959.jpg","13959.jpg","4521","3/30/2026 10:41:14 PM"
"C:\Dev\Nexus_MASTER\public\assets\city_tiles\city_53389926\15\9090\13960.jpg","13960.jpg","4487","3/30/2026 10:41:14 PM"
"C:\Dev\Nexus_MASTER\public\assets\city_tiles\city_53389926\15\9090\13961.jpg","13961.jpg","2742","3/30/2026 10:41:14 PM"
"C:\Dev\Nexus_MASTER\public\assets\city_tiles\city_53389926\15\9090\13962.jpg","13962.jpg","2555","3/30/2026 10:41:14 PM"
"C:\Dev\Nexus_MASTER\public\assets\city_tiles\city_53389926\15\9090\13963.jpg","13963.jpg","2537","3/30/2026 10:41:14 PM"
"C:\Dev\Nexus_MASTER\public\assets\city_tiles\city_53389926\15\9090\13964.jpg","13964.jpg","2557","3/30/2026 10:41:14 PM"
"C:\Dev\Nexus_MASTER\public\assets\city_tiles\city_53389926\15\9090\13965.jpg","13965.jpg","2579","3/30/2026 10:41:14 PM"
"C:\Dev\Nexus_MASTER\public\assets\city_tiles\city_53389926\15\9090\13966.jpg","13966.jpg","2680","3/30/2026 10:41:14 PM"
"C:\Dev\Nexus_MASTER\public\assets\city_tiles\city_53389926\15\9090\13967.jpg","13967.jpg","2752","3/30/2026 10:41:14 PM"
"C:\Dev\Nexus_MASTER\public\assets\city_tiles\city_53389926\15\9090\13968.jpg","13968.jpg","2754","3/30/2026 10:41:14 PM"
"C:\Dev\Nexus_MASTER\public\assets\city_tiles\city_53389926\15\9090\13969.jpg","13969.jpg","2769","3/30/2026 10:41:14 PM"
"C:\Dev\Nexus_MASTER\public\assets\city_tiles\city_53389926\15\9090\13970.jpg","13970.jpg","2667","3/30/2026 10:41:14 PM"
"C:\Dev\Nexus_MASTER\public\assets\city_tiles\city_53389926\15\9091","9091",,"4/16/2026 8:00:28 PM"
"C:\Dev\Nexus_MASTER\public\assets\city_tiles\city_53389926\15\9091\13940.jpg","13940.jpg","12949","3/30/2026 10:32:09 PM"
"C:\Dev\Nexus_MASTER\public\assets\city_tiles\city_53389926\15\9091\13941.jpg","13941.jpg","12381","3/30/2026 10:41:14 PM"
"C:\Dev\Nexus_MASTER\public\assets\city_tiles\city_53389926\15\9091\13942.jpg","13942.jpg","14437","3/30/2026 10:41:14 PM"
"C:\Dev\Nexus_MASTER\public\assets\city_tiles\city_53389926\15\9091\13943.jpg","13943.jpg","15594","3/30/2026 10:41:14 PM"
"C:\Dev\Nexus_MASTER\public\assets\city_tiles\city_53389926\15\9091\13944.jpg","13944.jpg","16787","3/30/2026 10:41:14 PM"
"C:\Dev\Nexus_MASTER\public\assets\city_tiles\city_53389926\15\9091\13945.jpg","13945.jpg","17967","3/30/2026 10:41:14 PM"
"C:\Dev\Nexus_MASTER\public\assets\city_tiles\city_53389926\15\9091\13946.jpg","13946.jpg","17336","3/30/2026 10:41:14 PM"
"C:\Dev\Nexus_MASTER\public\assets\city_tiles\city_53389926\15\9091\13947.jpg","13947.jpg","16216","3/30/2026 10:41:14 PM"
"C:\Dev\Nexus_MASTER\public\assets\city_tiles\city_53389926\15\9091\13948.jpg","13948.jpg","14855","3/30/2026 10:41:14 PM"
"C:\Dev\Nexus_MASTER\public\assets\city_tiles\city_53389926\15\9091\13949.jpg","13949.jpg","14587","3/30/2026 10:41:14 PM"
"C:\Dev\Nexus_MASTER\public\assets\city_tiles\city_53389926\15\9091\13950.jpg","13950.jpg","13948","3/30/2026 10:41:14 PM"
"C:\Dev\Nexus_MASTER\public\assets\city_tiles\city_53389926\15\9091\13951.jpg","13951.jpg","10314","3/30/2026 10:41:14 PM"
"C:\Dev\Nexus_MASTER\public\assets\city_tiles\city_53389926\15\9091\13952.jpg","13952.jpg","9735","3/30/2026 10:41:15 PM"
"C:\Dev\Nexus_MASTER\public\assets\city_tiles\city_53389926\15\9091\13953.jpg","13953.jpg","11273","3/30/2026 10:41:15 PM"
"C:\Dev\Nexus_MASTER\public\assets\city_tiles\city_53389926\15\9091\13954.jpg","13954.jpg","10795","3/30/2026 10:41:15 PM"
"C:\Dev\Nexus_MASTER\public\assets\city_tiles\city_53389926\15\9091\13955.jpg","13955.jpg","9819","3/30/2026 10:41:15 PM"
"C:\Dev\Nexus_MASTER\public\assets\city_tiles\city_53389926\15\9091\13956.jpg","13956.jpg","9158","3/30/2026 10:41:15 PM"
"C:\Dev\Nexus_MASTER\public\assets\city_tiles\city_53389926\15\9091\13957.jpg","13957.jpg","4284","3/30/2026 10:41:15 PM"
"C:\Dev\Nexus_MASTER\public\assets\city_tiles\city_53389926\15\9091\13958.jpg","13958.jpg","2566","3/30/2026 10:41:15 PM"
"C:\Dev\Nexus_MASTER\public\assets\city_tiles\city_53389926\15\9091\13959.jpg","13959.jpg","2582","3/30/2026 10:41:15 PM"
"C:\Dev\Nexus_MASTER\public\assets\city_tiles\city_53389926\15\9091\13960.jpg","13960.jpg","2583","3/30/2026 10:41:15 PM"
"C:\Dev\Nexus_MASTER\public\assets\city_tiles\city_53389926\15\9091\13961.jpg","13961.jpg","2572","3/30/2026 10:41:15 PM"
"C:\Dev\Nexus_MASTER\public\assets\city_tiles\city_53389926\15\9091\13962.jpg","13962.jpg","2683","3/30/2026 10:41:15 PM"
"C:\Dev\Nexus_MASTER\public\assets\city_tiles\city_53389926\15\9091\13963.jpg","13963.jpg","2830","3/30/2026 10:41:15 PM"
"C:\Dev\Nexus_MASTER\public\assets\city_tiles\city_53389926\15\9091\13964.jpg","13964.jpg","2751","3/30/2026 10:41:15 PM"
"C:\Dev\Nexus_MASTER\public\assets\city_tiles\city_53389926\15\9091\13965.jpg","13965.jpg","2650","3/30/2026 10:41:15 PM"
"C:\Dev\Nexus_MASTER\public\assets\city_tiles\city_53389926\15\9091\13966.jpg","13966.jpg","2612","3/30/2026 10:41:15 PM"
"C:\Dev\Nexus_MASTER\public\assets\city_tiles\city_53389926\15\9091\13967.jpg","13967.jpg","2637","3/30/2026 10:41:15 PM"
"C:\Dev\Nexus_MASTER\public\assets\city_tiles\city_53389926\15\9091\13968.jpg","13968.jpg","2759","3/30/2026 10:41:15 PM"
"C:\Dev\Nexus_MASTER\public\assets\city_tiles\city_53389926\15\9091\13969.jpg","13969.jpg","2859","3/30/2026 10:41:15 PM"
"C:\Dev\Nexus_MASTER\public\assets\city_tiles\city_53389926\15\9091\13970.jpg","13970.jpg","2773","3/30/2026 10:41:15 PM"
"C:\Dev\Nexus_MASTER\public\assets\city_tiles\city_53389926\15\9092","9092",,"4/16/2026 8:00:28 PM"
"C:\Dev\Nexus_MASTER\public\assets\city_tiles\city_53389926\15\9092\13940.jpg","13940.jpg","6411","3/30/2026 10:32:10 PM"
"C:\Dev\Nexus_MASTER\public\assets\city_tiles\city_53389926\15\9092\13941.jpg","13941.jpg","6183","3/30/2026 10:41:15 PM"
"C:\Dev\Nexus_MASTER\public\assets\city_tiles\city_53389926\15\9092\13942.jpg","13942.jpg","4418","3/30/2026 10:41:15 PM"
"C:\Dev\Nexus_MASTER\public\assets\city_tiles\city_53389926\15\9092\13943.jpg","13943.jpg","4491","3/30/2026 10:41:15 PM"
"C:\Dev\Nexus_MASTER\public\assets\city_tiles\city_53389926\15\9092\13944.jpg","13944.jpg","6693","3/30/2026 10:41:15 PM"
"C:\Dev\Nexus_MASTER\public\assets\city_tiles\city_53389926\15\9092\13945.jpg","13945.jpg","7146","3/30/2026 10:41:15 PM"
"C:\Dev\Nexus_MASTER\public\assets\city_tiles\city_53389926\15\9092\13946.jpg","13946.jpg","7067","3/30/2026 10:41:15 PM"
"C:\Dev\Nexus_MASTER\public\assets\city_tiles\city_53389926\15\9092\13947.jpg","13947.jpg","5610","3/30/2026 10:41:15 PM"
"C:\Dev\Nexus_MASTER\public\assets\city_tiles\city_53389926\15\9092\13948.jpg","13948.jpg","6608","3/30/2026 10:41:15 PM"
"C:\Dev\Nexus_MASTER\public\assets\city_tiles\city_53389926\15\9092\13949.jpg","13949.jpg","6425","3/30/2026 10:41:15 PM"
"C:\Dev\Nexus_MASTER\public\assets\city_tiles\city_53389926\15\9092\13950.jpg","13950.jpg","5861","3/30/2026 10:41:15 PM"
"C:\Dev\Nexus_MASTER\public\assets\city_tiles\city_53389926\15\9092\13951.jpg","13951.jpg","3997","3/30/2026 10:41:15 PM"
"C:\Dev\Nexus_MASTER\public\assets\city_tiles\city_53389926\15\9092\13952.jpg","13952.jpg","3920","3/30/2026 10:41:16 PM"
"C:\Dev\Nexus_MASTER\public\assets\city_tiles\city_53389926\15\9092\13953.jpg","13953.jpg","4940","3/30/2026 10:41:16 PM"
"C:\Dev\Nexus_MASTER\public\assets\city_tiles\city_53389926\15\9092\13954.jpg","13954.jpg","5079","3/30/2026 10:41:16 PM"
"C:\Dev\Nexus_MASTER\public\assets\city_tiles\city_53389926\15\9092\13955.jpg","13955.jpg","4158","3/30/2026 10:41:16 PM"
"C:\Dev\Nexus_MASTER\public\assets\city_tiles\city_53389926\15\9092\13956.jpg","13956.jpg","4171","3/30/2026 10:41:16 PM"
"C:\Dev\Nexus_MASTER\public\assets\city_tiles\city_53389926\15\9092\13957.jpg","13957.jpg","3340","3/30/2026 10:41:16 PM"
"C:\Dev\Nexus_MASTER\public\assets\city_tiles\city_53389926\15\9092\13958.jpg","13958.jpg","2579","3/30/2026 10:41:16 PM"
"C:\Dev\Nexus_MASTER\public\assets\city_tiles\city_53389926\15\9092\13959.jpg","13959.jpg","2684","3/30/2026 10:41:16 PM"
"C:\Dev\Nexus_MASTER\public\assets\city_tiles\city_53389926\15\9092\13960.jpg","13960.jpg","2565","3/30/2026 10:41:16 PM"
"C:\Dev\Nexus_MASTER\public\assets\city_tiles\city_53389926\15\9092\13961.jpg","13961.jpg","2867","3/30/2026 10:41:16 PM"
"C:\Dev\Nexus_MASTER\public\assets\city_tiles\city_53389926\15\9092\13962.jpg","13962.jpg","2759","3/30/2026 10:41:16 PM"
"C:\Dev\Nexus_MASTER\public\assets\city_tiles\city_53389926\15\9092\13963.jpg","13963.jpg","2837","3/30/2026 10:41:16 PM"
"C:\Dev\Nexus_MASTER\public\assets\city_tiles\city_53389926\15\9092\13964.jpg","13964.jpg","2776","3/30/2026 10:41:16 PM"
"C:\Dev\Nexus_MASTER\public\assets\city_tiles\city_53389926\15\9092\13965.jpg","13965.jpg","2786","3/30/2026 10:41:16 PM"
"C:\Dev\Nexus_MASTER\public\assets\city_tiles\city_53389926\15\9092\13966.jpg","13966.jpg","3008","3/30/2026 10:41:16 PM"
"C:\Dev\Nexus_MASTER\public\assets\city_tiles\city_53389926\15\9092\13967.jpg","13967.jpg","2799","3/30/2026 10:41:16 PM"
"C:\Dev\Nexus_MASTER\public\assets\city_tiles\city_53389926\15\9092\13968.jpg","13968.jpg","3015","3/30/2026 10:41:16 PM"
"C:\Dev\Nexus_MASTER\public\assets\city_tiles\city_53389926\15\9092\13969.jpg","13969.jpg","3220","3/30/2026 10:41:16 PM"
"C:\Dev\Nexus_MASTER\public\assets\city_tiles\city_53389926\15\9092\13970.jpg","13970.jpg","3066","3/30/2026 10:41:16 PM"
"C:\Dev\Nexus_MASTER\public\assets\city_tiles\city_53389926\15\9093","9093",,"4/16/2026 8:00:28 PM"
"C:\Dev\Nexus_MASTER\public\assets\city_tiles\city_53389926\15\9093\13940.jpg","13940.jpg","2513","3/30/2026 10:32:12 PM"
"C:\Dev\Nexus_MASTER\public\assets\city_tiles\city_53389926\15\9093\13941.jpg","13941.jpg","2509","3/30/2026 10:41:16 PM"
"C:\Dev\Nexus_MASTER\public\assets\city_tiles\city_53389926\15\9093\13942.jpg","13942.jpg","2495","3/30/2026 10:41:16 PM"
"C:\Dev\Nexus_MASTER\public\assets\city_tiles\city_53389926\15\9093\13943.jpg","13943.jpg","2489","3/30/2026 10:41:16 PM"
"C:\Dev\Nexus_MASTER\public\assets\city_tiles\city_53389926\15\9093\13944.jpg","13944.jpg","2481","3/30/2026 10:41:16 PM"
"C:\Dev\Nexus_MASTER\public\assets\city_tiles\city_53389926\15\9093\13945.jpg","13945.jpg","2527","3/30/2026 10:41:16 PM"
"C:\Dev\Nexus_MASTER\public\assets\city_tiles\city_53389926\15\9093\13946.jpg","13946.jpg","2526","3/30/2026 10:41:16 PM"
"C:\Dev\Nexus_MASTER\public\assets\city_tiles\city_53389926\15\9093\13947.jpg","13947.jpg","2500","3/30/2026 10:41:16 PM"
"C:\Dev\Nexus_MASTER\public\assets\city_tiles\city_53389926\15\9093\13948.jpg","13948.jpg","2480","3/30/2026 10:41:16 PM"
"C:\Dev\Nexus_MASTER\public\assets\city_tiles\city_53389926\15\9093\13949.jpg","13949.jpg","2469","3/30/2026 10:41:17 PM"
"C:\Dev\Nexus_MASTER\public\assets\city_tiles\city_53389926\15\9093\13950.jpg","13950.jpg","2521","3/30/2026 10:41:17 PM"
"C:\Dev\Nexus_MASTER\public\assets\city_tiles\city_53389926\15\9093\13951.jpg","13951.jpg","2507","3/30/2026 10:41:17 PM"
"C:\Dev\Nexus_MASTER\public\assets\city_tiles\city_53389926\15\9093\13952.jpg","13952.jpg","2497","3/30/2026 10:41:17 PM"
"C:\Dev\Nexus_MASTER\public\assets\city_tiles\city_53389926\15\9093\13953.jpg","13953.jpg","2488","3/30/2026 10:41:17 PM"
"C:\Dev\Nexus_MASTER\public\assets\city_tiles\city_53389926\15\9093\13954.jpg","13954.jpg","2559","3/30/2026 10:41:17 PM"
"C:\Dev\Nexus_MASTER\public\assets\city_tiles\city_53389926\15\9093\13955.jpg","13955.jpg","2635","3/30/2026 10:41:17 PM"
"C:\Dev\Nexus_MASTER\public\assets\city_tiles\city_53389926\15\9093\13956.jpg","13956.jpg","2595","3/30/2026 10:41:17 PM"
"C:\Dev\Nexus_MASTER\public\assets\city_tiles\city_53389926\15\9093\13957.jpg","13957.jpg","2605","3/30/2026 10:41:17 PM"
"C:\Dev\Nexus_MASTER\public\assets\city_tiles\city_53389926\15\9093\13958.jpg","13958.jpg","2676","3/30/2026 10:41:17 PM"
"C:\Dev\Nexus_MASTER\public\assets\city_tiles\city_53389926\15\9093\13959.jpg","13959.jpg","2616","3/30/2026 10:41:17 PM"
"C:\Dev\Nexus_MASTER\public\assets\city_tiles\city_53389926\15\9093\13960.jpg","13960.jpg","2655","3/30/2026 10:41:17 PM"
"C:\Dev\Nexus_MASTER\public\assets\city_tiles\city_53389926\15\9093\13961.jpg","13961.jpg","2698","3/30/2026 10:41:17 PM"
"C:\Dev\Nexus_MASTER\public\assets\city_tiles\city_53389926\15\9093\13962.jpg","13962.jpg","2842","3/30/2026 10:41:17 PM"
"C:\Dev\Nexus_MASTER\public\assets\city_tiles\city_53389926\15\9093\13963.jpg","13963.jpg","2903","3/30/2026 10:41:17 PM"
"C:\Dev\Nexus_MASTER\public\assets\city_tiles\city_53389926\15\9093\13964.jpg","13964.jpg","2890","3/30/2026 10:41:17 PM"
"C:\Dev\Nexus_MASTER\public\assets\city_tiles\city_53389926\15\9093\13965.jpg","13965.jpg","2815","3/30/2026 10:41:17 PM"
"C:\Dev\Nexus_MASTER\public\assets\city_tiles\city_53389926\15\9093\13966.jpg","13966.jpg","2769","3/30/2026 10:41:17 PM"
"C:\Dev\Nexus_MASTER\public\assets\city_tiles\city_53389926\15\9093\13967.jpg","13967.jpg","2865","3/30/2026 10:41:17 PM"
"C:\Dev\Nexus_MASTER\public\assets\city_tiles\city_53389926\15\9093\13968.jpg","13968.jpg","2947","3/30/2026 10:41:17 PM"
"C:\Dev\Nexus_MASTER\public\assets\city_tiles\city_53389926\15\9093\13969.jpg","13969.jpg","3010","3/30/2026 10:41:17 PM"
"C:\Dev\Nexus_MASTER\public\assets\city_tiles\city_53389926\15\9093\13970.jpg","13970.jpg","2958","3/30/2026 10:41:17 PM"
"C:\Dev\Nexus_MASTER\public\assets\city_tiles\city_53389926\15\9094","9094",,"4/16/2026 8:00:28 PM"
"C:\Dev\Nexus_MASTER\public\assets\city_tiles\city_53389926\15\9094\13940.jpg","13940.jpg","2493","3/30/2026 10:32:14 PM"
"C:\Dev\Nexus_MASTER\public\assets\city_tiles\city_53389926\15\9094\13941.jpg","13941.jpg","2486","3/30/2026 10:41:17 PM"
"C:\Dev\Nexus_MASTER\public\assets\city_tiles\city_53389926\15\9094\13942.jpg","13942.jpg","2471","3/30/2026 10:41:17 PM"
"C:\Dev\Nexus_MASTER\public\assets\city_tiles\city_53389926\15\9094\13943.jpg","13943.jpg","2485","3/30/2026 10:41:17 PM"
"C:\Dev\Nexus_MASTER\public\assets\city_tiles\city_53389926\15\9094\13944.jpg","13944.jpg","2503","3/30/2026 10:41:17 PM"
"C:\Dev\Nexus_MASTER\public\assets\city_tiles\city_53389926\15\9094\13945.jpg","13945.jpg","2489","3/30/2026 10:41:17 PM"
"C:\Dev\Nexus_MASTER\public\assets\city_tiles\city_53389926\15\9094\13946.jpg","13946.jpg","2477","3/30/2026 10:41:17 PM"
"C:\Dev\Nexus_MASTER\public\assets\city_tiles\city_53389926\15\9094\13947.jpg","13947.jpg","2476","3/30/2026 10:41:18 PM"
"C:\Dev\Nexus_MASTER\public\assets\city_tiles\city_53389926\15\9094\13948.jpg","13948.jpg","2428","3/30/2026 10:41:18 PM"
"C:\Dev\Nexus_MASTER\public\assets\city_tiles\city_53389926\15\9094\13949.jpg","13949.jpg","2478","3/30/2026 10:41:18 PM"
"C:\Dev\Nexus_MASTER\public\assets\city_tiles\city_53389926\15\9094\13950.jpg","13950.jpg","2501","3/30/2026 10:41:18 PM"
"C:\Dev\Nexus_MASTER\public\assets\city_tiles\city_53389926\15\9094\13951.jpg","13951.jpg","2477","3/30/2026 10:41:18 PM"
"C:\Dev\Nexus_MASTER\public\assets\city_tiles\city_53389926\15\9094\13952.jpg","13952.jpg","2453","3/30/2026 10:41:18 PM"
"C:\Dev\Nexus_MASTER\public\assets\city_tiles\city_53389926\15\9094\13953.jpg","13953.jpg","2444","3/30/2026 10:41:18 PM"
"C:\Dev\Nexus_MASTER\public\assets\city_tiles\city_53389926\15\9094\13954.jpg","13954.jpg","2454","3/30/2026 10:41:18 PM"
"C:\Dev\Nexus_MASTER\public\assets\city_tiles\city_53389926\15\9094\13955.jpg","13955.jpg","2473","3/30/2026 10:41:18 PM"
"C:\Dev\Nexus_MASTER\public\assets\city_tiles\city_53389926\15\9094\13956.jpg","13956.jpg","2483","3/30/2026 10:41:18 PM"
"C:\Dev\Nexus_MASTER\public\assets\city_tiles\city_53389926\15\9094\13957.jpg","13957.jpg","2495","3/30/2026 10:41:18 PM"
"C:\Dev\Nexus_MASTER\public\assets\city_tiles\city_53389926\15\9094\13958.jpg","13958.jpg","2514","3/30/2026 10:41:18 PM"
"C:\Dev\Nexus_MASTER\public\assets\city_tiles\city_53389926\15\9094\13959.jpg","13959.jpg","2527","3/30/2026 10:41:18 PM"
"C:\Dev\Nexus_MASTER\public\assets\city_tiles\city_53389926\15\9094\13960.jpg","13960.jpg","2521","3/30/2026 10:41:18 PM"
"C:\Dev\Nexus_MASTER\public\assets\city_tiles\city_53389926\15\9094\13961.jpg","13961.jpg","2529","3/30/2026 10:41:18 PM"
"C:\Dev\Nexus_MASTER\public\assets\city_tiles\city_53389926\15\9094\13962.jpg","13962.jpg","2542","3/30/2026 10:41:18 PM"
"C:\Dev\Nexus_MASTER\public\assets\city_tiles\city_53389926\15\9094\13963.jpg","13963.jpg","2541","3/30/2026 10:41:18 PM"
"C:\Dev\Nexus_MASTER\public\assets\city_tiles\city_53389926\15\9094\13964.jpg","13964.jpg","2538","3/30/2026 10:41:18 PM"
"C:\Dev\Nexus_MASTER\public\assets\city_tiles\city_53389926\15\9094\13965.jpg","13965.jpg","2547","3/30/2026 10:41:18 PM"
"C:\Dev\Nexus_MASTER\public\assets\city_tiles\city_53389926\15\9094\13966.jpg","13966.jpg","2572","3/30/2026 10:41:18 PM"
"C:\Dev\Nexus_MASTER\public\assets\city_tiles\city_53389926\15\9094\13967.jpg","13967.jpg","2540","3/30/2026 10:41:18 PM"
"C:\Dev\Nexus_MASTER\public\assets\city_tiles\city_53389926\15\9094\13968.jpg","13968.jpg","2545","3/30/2026 10:41:18 PM"
"C:\Dev\Nexus_MASTER\public\assets\city_tiles\city_53389926\15\9094\13969.jpg","13969.jpg","2535","3/30/2026 10:41:18 PM"
"C:\Dev\Nexus_MASTER\public\assets\city_tiles\city_53389926\15\9094\13970.jpg","13970.jpg","2524","3/30/2026 10:41:18 PM"
"C:\Dev\Nexus_MASTER\public\assets\city_tiles\city_53389926\15\9095","9095",,"4/16/2026 8:00:28 PM"
"C:\Dev\Nexus_MASTER\public\assets\city_tiles\city_53389926\15\9095\13940.jpg","13940.jpg","2462","3/30/2026 10:32:16 PM"
"C:\Dev\Nexus_MASTER\public\assets\city_tiles\city_53389926\15\9095\13941.jpg","13941.jpg","2465","3/30/2026 10:41:18 PM"
"C:\Dev\Nexus_MASTER\public\assets\city_tiles\city_53389926\15\9095\13942.jpg","13942.jpg","2434","3/30/2026 10:41:18 PM"
"C:\Dev\Nexus_MASTER\public\assets\city_tiles\city_53389926\15\9095\13943.jpg","13943.jpg","2447","3/30/2026 10:41:18 PM"
"C:\Dev\Nexus_MASTER\public\assets\city_tiles\city_53389926\15\9095\13944.jpg","13944.jpg","2465","3/30/2026 10:41:18 PM"
"C:\Dev\Nexus_MASTER\public\assets\city_tiles\city_53389926\15\9095\13945.jpg","13945.jpg","2457","3/30/2026 10:41:19 PM"
"C:\Dev\Nexus_MASTER\public\assets\city_tiles\city_53389926\15\9095\13946.jpg","13946.jpg","2434","3/30/2026 10:41:19 PM"
"C:\Dev\Nexus_MASTER\public\assets\city_tiles\city_53389926\15\9095\13947.jpg","13947.jpg","2454","3/30/2026 10:41:19 PM"
"C:\Dev\Nexus_MASTER\public\assets\city_tiles\city_53389926\15\9095\13948.jpg","13948.jpg","2455","3/30/2026 10:41:19 PM"
"C:\Dev\Nexus_MASTER\public\assets\city_tiles\city_53389926\15\9095\13949.jpg","13949.jpg","2455","3/30/2026 10:41:19 PM"
"C:\Dev\Nexus_MASTER\public\assets\city_tiles\city_53389926\15\9095\13950.jpg","13950.jpg","2461","3/30/2026 10:41:19 PM"
"C:\Dev\Nexus_MASTER\public\assets\city_tiles\city_53389926\15\9095\13951.jpg","13951.jpg","2460","3/30/2026 10:41:19 PM"
"C:\Dev\Nexus_MASTER\public\assets\city_tiles\city_53389926\15\9095\13952.jpg","13952.jpg","2460","3/30/2026 10:41:19 PM"
"C:\Dev\Nexus_MASTER\public\assets\city_tiles\city_53389926\15\9095\13953.jpg","13953.jpg","2458","3/30/2026 10:41:19 PM"
"C:\Dev\Nexus_MASTER\public\assets\city_tiles\city_53389926\15\9095\13954.jpg","13954.jpg","2449","3/30/2026 10:41:19 PM"
"C:\Dev\Nexus_MASTER\public\assets\city_tiles\city_53389926\15\9095\13955.jpg","13955.jpg","2452","3/30/2026 10:41:19 PM"
"C:\Dev\Nexus_MASTER\public\assets\city_tiles\city_53389926\15\9095\13956.jpg","13956.jpg","2453","3/30/2026 10:41:19 PM"
"C:\Dev\Nexus_MASTER\public\assets\city_tiles\city_53389926\15\9095\13957.jpg","13957.jpg","2472","3/30/2026 10:41:19 PM"
"C:\Dev\Nexus_MASTER\public\assets\city_tiles\city_53389926\15\9095\13958.jpg","13958.jpg","2444","3/30/2026 10:41:19 PM"
"C:\Dev\Nexus_MASTER\public\assets\city_tiles\city_53389926\15\9095\13959.jpg","13959.jpg","2459","3/30/2026 10:41:19 PM"
"C:\Dev\Nexus_MASTER\public\assets\city_tiles\city_53389926\15\9095\13960.jpg","13960.jpg","2477","3/30/2026 10:41:19 PM"
"C:\Dev\Nexus_MASTER\public\assets\city_tiles\city_53389926\15\9095\13961.jpg","13961.jpg","2484","3/30/2026 10:41:19 PM"
"C:\Dev\Nexus_MASTER\public\assets\city_tiles\city_53389926\15\9095\13962.jpg","13962.jpg","2480","3/30/2026 10:41:19 PM"
"C:\Dev\Nexus_MASTER\public\assets\city_tiles\city_53389926\15\9095\13963.jpg","13963.jpg","2490","3/30/2026 10:41:19 PM"
"C:\Dev\Nexus_MASTER\public\assets\city_tiles\city_53389926\15\9095\13964.jpg","13964.jpg","2490","3/30/2026 10:41:19 PM"
"C:\Dev\Nexus_MASTER\public\assets\city_tiles\city_53389926\15\9095\13965.jpg","13965.jpg","2476","3/30/2026 10:41:19 PM"
"C:\Dev\Nexus_MASTER\public\assets\city_tiles\city_53389926\15\9095\13966.jpg","13966.jpg","2485","3/30/2026 10:41:19 PM"
"C:\Dev\Nexus_MASTER\public\assets\city_tiles\city_53389926\15\9095\13967.jpg","13967.jpg","2488","3/30/2026 10:41:19 PM"
"C:\Dev\Nexus_MASTER\public\assets\city_tiles\city_53389926\15\9095\13968.jpg","13968.jpg","2488","3/30/2026 10:41:19 PM"
"C:\Dev\Nexus_MASTER\public\assets\city_tiles\city_53389926\15\9095\13969.jpg","13969.jpg","2491","3/30/2026 10:41:19 PM"
"C:\Dev\Nexus_MASTER\public\assets\city_tiles\city_53389926\15\9095\13970.jpg","13970.jpg","2489","3/30/2026 10:41:19 PM"
"C:\Dev\Nexus_MASTER\public\assets\city_tiles\city_53389926\15\9096","9096",,"4/16/2026 8:00:28 PM"
"C:\Dev\Nexus_MASTER\public\assets\city_tiles\city_53389926\15\9096\13940.jpg","13940.jpg","2484","3/30/2026 10:32:17 PM"
"C:\Dev\Nexus_MASTER\public\assets\city_tiles\city_53389926\15\9096\13941.jpg","13941.jpg","2481","3/30/2026 10:41:19 PM"
"C:\Dev\Nexus_MASTER\public\assets\city_tiles\city_53389926\15\9096\13942.jpg","13942.jpg","2499","3/30/2026 10:41:20 PM"
"C:\Dev\Nexus_MASTER\public\assets\city_tiles\city_53389926\15\9096\13943.jpg","13943.jpg","2510","3/30/2026 10:41:20 PM"
"C:\Dev\Nexus_MASTER\public\assets\city_tiles\city_53389926\15\9096\13944.jpg","13944.jpg","2490","3/30/2026 10:41:20 PM"
"C:\Dev\Nexus_MASTER\public\assets\city_tiles\city_53389926\15\9096\13945.jpg","13945.jpg","2481","3/30/2026 10:41:20 PM"
"C:\Dev\Nexus_MASTER\public\assets\city_tiles\city_53389926\15\9096\13946.jpg","13946.jpg","2484","3/30/2026 10:41:20 PM"
"C:\Dev\Nexus_MASTER\public\assets\city_tiles\city_53389926\15\9096\13947.jpg","13947.jpg","2468","3/30/2026 10:41:20 PM"
"C:\Dev\Nexus_MASTER\public\assets\city_tiles\city_53389926\15\9096\13948.jpg","13948.jpg","2491","3/30/2026 10:41:20 PM"
"C:\Dev\Nexus_MASTER\public\assets\city_tiles\city_53389926\15\9096\13949.jpg","13949.jpg","2521","3/30/2026 10:41:20 PM"
"C:\Dev\Nexus_MASTER\public\assets\city_tiles\city_53389926\15\9096\13950.jpg","13950.jpg","2521","3/30/2026 10:41:20 PM"
"C:\Dev\Nexus_MASTER\public\assets\city_tiles\city_53389926\15\9096\13951.jpg","13951.jpg","2522","3/30/2026 10:41:20 PM"
"C:\Dev\Nexus_MASTER\public\assets\city_tiles\city_53389926\15\9096\13952.jpg","13952.jpg","2493","3/30/2026 10:41:20 PM"
"C:\Dev\Nexus_MASTER\public\assets\city_tiles\city_53389926\15\9096\13953.jpg","13953.jpg","2492","3/30/2026 10:41:20 PM"
"C:\Dev\Nexus_MASTER\public\assets\city_tiles\city_53389926\15\9096\13954.jpg","13954.jpg","2501","3/30/2026 10:41:20 PM"
"C:\Dev\Nexus_MASTER\public\assets\city_tiles\city_53389926\15\9096\13955.jpg","13955.jpg","2457","3/30/2026 10:41:20 PM"
"C:\Dev\Nexus_MASTER\public\assets\city_tiles\city_53389926\15\9096\13956.jpg","13956.jpg","2474","3/30/2026 10:41:20 PM"
"C:\Dev\Nexus_MASTER\public\assets\city_tiles\city_53389926\15\9096\13957.jpg","13957.jpg","2470","3/30/2026 10:41:20 PM"
"C:\Dev\Nexus_MASTER\public\assets\city_tiles\city_53389926\15\9096\13958.jpg","13958.jpg","2469","3/30/2026 10:41:20 PM"
"C:\Dev\Nexus_MASTER\public\assets\city_tiles\city_53389926\15\9096\13959.jpg","13959.jpg","2467","3/30/2026 10:41:20 PM"
"C:\Dev\Nexus_MASTER\public\assets\city_tiles\city_53389926\15\9096\13960.jpg","13960.jpg","2443","3/30/2026 10:41:20 PM"
"C:\Dev\Nexus_MASTER\public\assets\city_tiles\city_53389926\15\9096\13961.jpg","13961.jpg","2452","3/30/2026 10:41:20 PM"
"C:\Dev\Nexus_MASTER\public\assets\city_tiles\city_53389926\15\9096\13962.jpg","13962.jpg","2472","3/30/2026 10:41:20 PM"
"C:\Dev\Nexus_MASTER\public\assets\city_tiles\city_53389926\15\9096\13963.jpg","13963.jpg","2493","3/30/2026 10:41:20 PM"
"C:\Dev\Nexus_MASTER\public\assets\city_tiles\city_53389926\15\9096\13964.jpg","13964.jpg","2469","3/30/2026 10:41:20 PM"
"C:\Dev\Nexus_MASTER\public\assets\city_tiles\city_53389926\15\9096\13965.jpg","13965.jpg","2459","3/30/2026 10:41:20 PM"
"C:\Dev\Nexus_MASTER\public\assets\city_tiles\city_53389926\15\9096\13966.jpg","13966.jpg","2461","3/30/2026 10:41:20 PM"
"C:\Dev\Nexus_MASTER\public\assets\city_tiles\city_53389926\15\9096\13967.jpg","13967.jpg","2464","3/30/2026 10:41:20 PM"
"C:\Dev\Nexus_MASTER\public\assets\city_tiles\city_53389926\15\9096\13968.jpg","13968.jpg","2468","3/30/2026 10:41:20 PM"
"C:\Dev\Nexus_MASTER\public\assets\city_tiles\city_53389926\15\9096\13969.jpg","13969.jpg","2474","3/30/2026 10:41:20 PM"
"C:\Dev\Nexus_MASTER\public\assets\city_tiles\city_53389926\15\9096\13970.jpg","13970.jpg","2470","3/30/2026 10:41:21 PM"
"C:\Dev\Nexus_MASTER\public\assets\city_tiles\city_53389926\15\9097","9097",,"4/16/2026 8:00:28 PM"
"C:\Dev\Nexus_MASTER\public\assets\city_tiles\city_53389926\15\9097\13940.jpg","13940.jpg","2467","3/30/2026 10:32:19 PM"
"C:\Dev\Nexus_MASTER\public\assets\city_tiles\city_53389926\15\9097\13941.jpg","13941.jpg","2466","3/30/2026 10:41:21 PM"
"C:\Dev\Nexus_MASTER\public\assets\city_tiles\city_53389926\15\9097\13942.jpg","13942.jpg","2475","3/30/2026 10:41:21 PM"
"C:\Dev\Nexus_MASTER\public\assets\city_tiles\city_53389926\15\9097\13943.jpg","13943.jpg","2485","3/30/2026 10:41:21 PM"
"C:\Dev\Nexus_MASTER\public\assets\city_tiles\city_53389926\15\9097\13944.jpg","13944.jpg","2487","3/30/2026 10:41:21 PM"
"C:\Dev\Nexus_MASTER\public\assets\city_tiles\city_53389926\15\9097\13945.jpg","13945.jpg","2487","3/30/2026 10:41:21 PM"
"C:\Dev\Nexus_MASTER\public\assets\city_tiles\city_53389926\15\9097\13946.jpg","13946.jpg","2488","3/30/2026 10:41:21 PM"
"C:\Dev\Nexus_MASTER\public\assets\city_tiles\city_53389926\15\9097\13947.jpg","13947.jpg","2481","3/30/2026 10:41:21 PM"
"C:\Dev\Nexus_MASTER\public\assets\city_tiles\city_53389926\15\9097\13948.jpg","13948.jpg","2478","3/30/2026 10:41:21 PM"
"C:\Dev\Nexus_MASTER\public\assets\city_tiles\city_53389926\15\9097\13949.jpg","13949.jpg","2490","3/30/2026 10:41:21 PM"
"C:\Dev\Nexus_MASTER\public\assets\city_tiles\city_53389926\15\9097\13950.jpg","13950.jpg","2489","3/30/2026 10:41:21 PM"
"C:\Dev\Nexus_MASTER\public\assets\city_tiles\city_53389926\15\9097\13951.jpg","13951.jpg","2493","3/30/2026 10:41:21 PM"
"C:\Dev\Nexus_MASTER\public\assets\city_tiles\city_53389926\15\9097\13952.jpg","13952.jpg","2479","3/30/2026 10:41:21 PM"
"C:\Dev\Nexus_MASTER\public\assets\city_tiles\city_53389926\15\9097\13953.jpg","13953.jpg","2469","3/30/2026 10:41:21 PM"
"C:\Dev\Nexus_MASTER\public\assets\city_tiles\city_53389926\15\9097\13954.jpg","13954.jpg","2451","3/30/2026 10:41:21 PM"
"C:\Dev\Nexus_MASTER\public\assets\city_tiles\city_53389926\15\9097\13955.jpg","13955.jpg","2452","3/30/2026 10:41:21 PM"
"C:\Dev\Nexus_MASTER\public\assets\city_tiles\city_53389926\15\9097\13956.jpg","13956.jpg","2488","3/30/2026 10:41:21 PM"
"C:\Dev\Nexus_MASTER\public\assets\city_tiles\city_53389926\15\9097\13957.jpg","13957.jpg","2476","3/30/2026 10:41:21 PM"
"C:\Dev\Nexus_MASTER\public\assets\city_tiles\city_53389926\15\9097\13958.jpg","13958.jpg","2482","3/30/2026 10:41:22 PM"
"C:\Dev\Nexus_MASTER\public\assets\city_tiles\city_53389926\15\9097\13959.jpg","13959.jpg","2499","3/30/2026 10:41:22 PM"
"C:\Dev\Nexus_MASTER\public\assets\city_tiles\city_53389926\15\9097\13960.jpg","13960.jpg","2468","3/30/2026 10:41:22 PM"
"C:\Dev\Nexus_MASTER\public\assets\city_tiles\city_53389926\15\9097\13961.jpg","13961.jpg","2438","3/30/2026 10:41:22 PM"
"C:\Dev\Nexus_MASTER\public\assets\city_tiles\city_53389926\15\9097\13962.jpg","13962.jpg","2456","3/30/2026 10:41:22 PM"
"C:\Dev\Nexus_MASTER\public\assets\city_tiles\city_53389926\15\9097\13963.jpg","13963.jpg","2458","3/30/2026 10:41:22 PM"
"C:\Dev\Nexus_MASTER\public\assets\city_tiles\city_53389926\15\9097\13964.jpg","13964.jpg","2470","3/30/2026 10:41:22 PM"
"C:\Dev\Nexus_MASTER\public\assets\city_tiles\city_53389926\15\9097\13965.jpg","13965.jpg","2465","3/30/2026 10:41:22 PM"
"C:\Dev\Nexus_MASTER\public\assets\city_tiles\city_53389926\15\9097\13966.jpg","13966.jpg","2448","3/30/2026 10:41:22 PM"
"C:\Dev\Nexus_MASTER\public\assets\city_tiles\city_53389926\15\9097\13967.jpg","13967.jpg","2464","3/30/2026 10:41:22 PM"
"C:\Dev\Nexus_MASTER\public\assets\city_tiles\city_53389926\15\9097\13968.jpg","13968.jpg","2473","3/30/2026 10:41:22 PM"
"C:\Dev\Nexus_MASTER\public\assets\city_tiles\city_53389926\15\9097\13969.jpg","13969.jpg","2439","3/30/2026 10:41:23 PM"
"C:\Dev\Nexus_MASTER\public\assets\city_tiles\city_53389926\15\9097\13970.jpg","13970.jpg","2483","3/30/2026 10:41:23 PM"
"C:\Dev\Nexus_MASTER\public\assets\city_tiles\city_53389926\15\9098","9098",,"4/16/2026 8:00:28 PM"
"C:\Dev\Nexus_MASTER\public\assets\city_tiles\city_53389926\15\9098\13940.jpg","13940.jpg","2437","3/30/2026 10:32:21 PM"
"C:\Dev\Nexus_MASTER\public\assets\city_tiles\city_53389926\15\9098\13941.jpg","13941.jpg","2429","3/30/2026 10:41:23 PM"
"C:\Dev\Nexus_MASTER\public\assets\city_tiles\city_53389926\15\9098\13942.jpg","13942.jpg","2435","3/30/2026 10:41:23 PM"
"C:\Dev\Nexus_MASTER\public\assets\city_tiles\city_53389926\15\9098\13943.jpg","13943.jpg","2436","3/30/2026 10:41:23 PM"
"C:\Dev\Nexus_MASTER\public\assets\city_tiles\city_53389926\15\9098\13944.jpg","13944.jpg","2458","3/30/2026 10:41:23 PM"
"C:\Dev\Nexus_MASTER\public\assets\city_tiles\city_53389926\15\9098\13945.jpg","13945.jpg","2465","3/30/2026 10:41:23 PM"
"C:\Dev\Nexus_MASTER\public\assets\city_tiles\city_53389926\15\9098\13946.jpg","13946.jpg","2439","3/30/2026 10:41:23 PM"
"C:\Dev\Nexus_MASTER\public\assets\city_tiles\city_53389926\15\9098\13947.jpg","13947.jpg","2458","3/30/2026 10:41:23 PM"
"C:\Dev\Nexus_MASTER\public\assets\city_tiles\city_53389926\15\9098\13948.jpg","13948.jpg","2461","3/30/2026 10:41:23 PM"
"C:\Dev\Nexus_MASTER\public\assets\city_tiles\city_53389926\15\9098\13949.jpg","13949.jpg","2472","3/30/2026 10:41:23 PM"
"C:\Dev\Nexus_MASTER\public\assets\city_tiles\city_53389926\15\9098\13950.jpg","13950.jpg","2475","3/30/2026 10:41:23 PM"
"C:\Dev\Nexus_MASTER\public\assets\city_tiles\city_53389926\15\9098\13951.jpg","13951.jpg","2507","3/30/2026 10:41:24 PM"
"C:\Dev\Nexus_MASTER\public\assets\city_tiles\city_53389926\15\9098\13952.jpg","13952.jpg","2483","3/30/2026 10:41:24 PM"
"C:\Dev\Nexus_MASTER\public\assets\city_tiles\city_53389926\15\9098\13953.jpg","13953.jpg","2459","3/30/2026 10:41:24 PM"
"C:\Dev\Nexus_MASTER\public\assets\city_tiles\city_53389926\15\9098\13954.jpg","13954.jpg","2448","3/30/2026 10:41:24 PM"
"C:\Dev\Nexus_MASTER\public\assets\city_tiles\city_53389926\15\9098\13955.jpg","13955.jpg","2456","3/30/2026 10:41:24 PM"
"C:\Dev\Nexus_MASTER\public\assets\city_tiles\city_53389926\15\9098\13956.jpg","13956.jpg","2449","3/30/2026 10:41:24 PM"
"C:\Dev\Nexus_MASTER\public\assets\city_tiles\city_53389926\15\9098\13957.jpg","13957.jpg","2446","3/30/2026 10:41:24 PM"
"C:\Dev\Nexus_MASTER\public\assets\city_tiles\city_53389926\15\9098\13958.jpg","13958.jpg","2475","3/30/2026 10:41:24 PM"
"C:\Dev\Nexus_MASTER\public\assets\city_tiles\city_53389926\15\9098\13959.jpg","13959.jpg","2486","3/30/2026 10:41:24 PM"
"C:\Dev\Nexus_MASTER\public\assets\city_tiles\city_53389926\15\9098\13960.jpg","13960.jpg","2495","3/30/2026 10:41:24 PM"
"C:\Dev\Nexus_MASTER\public\assets\city_tiles\city_53389926\15\9098\13961.jpg","13961.jpg","2469","3/30/2026 10:41:24 PM"
"C:\Dev\Nexus_MASTER\public\assets\city_tiles\city_53389926\15\9098\13962.jpg","13962.jpg","2476","3/30/2026 10:41:24 PM"
"C:\Dev\Nexus_MASTER\public\assets\city_tiles\city_53389926\15\9098\13963.jpg","13963.jpg","2463","3/30/2026 10:41:24 PM"
"C:\Dev\Nexus_MASTER\public\assets\city_tiles\city_53389926\15\9098\13964.jpg","13964.jpg","2468","3/30/2026 10:41:24 PM"
"C:\Dev\Nexus_MASTER\public\assets\city_tiles\city_53389926\15\9098\13965.jpg","13965.jpg","2482","3/30/2026 10:41:24 PM"
"C:\Dev\Nexus_MASTER\public\assets\city_tiles\city_53389926\15\9098\13966.jpg","13966.jpg","2458","3/30/2026 10:41:24 PM"
"C:\Dev\Nexus_MASTER\public\assets\city_tiles\city_53389926\15\9098\13967.jpg","13967.jpg","2501","3/30/2026 10:41:24 PM"
"C:\Dev\Nexus_MASTER\public\assets\city_tiles\city_53389926\15\9098\13968.jpg","13968.jpg","2492","3/30/2026 10:41:24 PM"
"C:\Dev\Nexus_MASTER\public\assets\city_tiles\city_53389926\15\9098\13969.jpg","13969.jpg","2463","3/30/2026 10:41:24 PM"
"C:\Dev\Nexus_MASTER\public\assets\city_tiles\city_53389926\15\9098\13970.jpg","13970.jpg","2474","3/30/2026 10:41:24 PM"
"C:\Dev\Nexus_MASTER\public\assets\city_tiles\city_53389926\15\9099","9099",,"4/16/2026 8:00:28 PM"
"C:\Dev\Nexus_MASTER\public\assets\city_tiles\city_53389926\15\9099\13941.jpg","13941.jpg","2421","3/30/2026 10:41:24 PM"
"C:\Dev\Nexus_MASTER\public\assets\city_tiles\city_53389926\15\9099\13942.jpg","13942.jpg","2423","3/30/2026 10:41:25 PM"
"C:\Dev\Nexus_MASTER\public\assets\city_tiles\city_53389926\15\9099\13943.jpg","13943.jpg","2430","3/30/2026 10:41:25 PM"
"C:\Dev\Nexus_MASTER\public\assets\city_tiles\city_53389926\15\9099\13944.jpg","13944.jpg","2439","3/30/2026 10:41:25 PM"
"C:\Dev\Nexus_MASTER\public\assets\city_tiles\city_53389926\15\9099\13945.jpg","13945.jpg","2447","3/30/2026 10:41:25 PM"
"C:\Dev\Nexus_MASTER\public\assets\city_tiles\city_53389926\15\9099\13946.jpg","13946.jpg","2422","3/30/2026 10:41:25 PM"
"C:\Dev\Nexus_MASTER\public\assets\city_tiles\city_53389926\15\9099\13947.jpg","13947.jpg","2454","3/30/2026 10:41:25 PM"
"C:\Dev\Nexus_MASTER\public\assets\city_tiles\city_53389926\15\9099\13948.jpg","13948.jpg","2455","3/30/2026 10:41:25 PM"
"C:\Dev\Nexus_MASTER\public\assets\city_tiles\city_53389926\15\9099\13949.jpg","13949.jpg","2460","3/30/2026 10:41:25 PM"
"C:\Dev\Nexus_MASTER\public\assets\city_tiles\city_53389926\15\9099\13950.jpg","13950.jpg","2453","3/30/2026 10:41:25 PM"
"C:\Dev\Nexus_MASTER\public\assets\city_tiles\city_53389926\15\9099\13951.jpg","13951.jpg","2462","3/30/2026 10:41:25 PM"
"C:\Dev\Nexus_MASTER\public\assets\city_tiles\city_53389926\15\9099\13952.jpg","13952.jpg","2432","3/30/2026 10:41:25 PM"
"C:\Dev\Nexus_MASTER\public\assets\city_tiles\city_53389926\15\9099\13953.jpg","13953.jpg","2436","3/30/2026 10:41:25 PM"
"C:\Dev\Nexus_MASTER\public\assets\city_tiles\city_53389926\15\9099\13954.jpg","13954.jpg","2436","3/30/2026 10:41:25 PM"
"C:\Dev\Nexus_MASTER\public\assets\city_tiles\city_53389926\15\9099\13955.jpg","13955.jpg","2420","3/30/2026 10:41:25 PM"
"C:\Dev\Nexus_MASTER\public\assets\city_tiles\city_53389926\15\9099\13956.jpg","13956.jpg","2435","3/30/2026 10:41:25 PM"
"C:\Dev\Nexus_MASTER\public\assets\city_tiles\city_53389926\15\9099\13957.jpg","13957.jpg","2437","3/30/2026 10:41:25 PM"
"C:\Dev\Nexus_MASTER\public\assets\city_tiles\city_53389926\15\9099\13958.jpg","13958.jpg","2450","3/30/2026 10:41:25 PM"
"C:\Dev\Nexus_MASTER\public\assets\city_tiles\city_53389926\15\9099\13959.jpg","13959.jpg","2460","3/30/2026 10:41:26 PM"
"C:\Dev\Nexus_MASTER\public\assets\city_tiles\city_53389926\15\9099\13960.jpg","13960.jpg","2475","3/30/2026 10:41:26 PM"
"C:\Dev\Nexus_MASTER\public\assets\city_tiles\city_53389926\15\9099\13961.jpg","13961.jpg","2447","3/30/2026 10:41:26 PM"
"C:\Dev\Nexus_MASTER\public\assets\city_tiles\city_53389926\15\9099\13962.jpg","13962.jpg","2488","3/30/2026 10:41:26 PM"
"C:\Dev\Nexus_MASTER\public\assets\city_tiles\city_53389926\15\9099\13963.jpg","13963.jpg","2490","3/30/2026 10:41:26 PM"
"C:\Dev\Nexus_MASTER\public\assets\city_tiles\city_53389926\15\9099\13964.jpg","13964.jpg","2497","3/30/2026 10:41:26 PM"
"C:\Dev\Nexus_MASTER\public\assets\city_tiles\city_53389926\15\9099\13965.jpg","13965.jpg","2469","3/30/2026 10:41:26 PM"
"C:\Dev\Nexus_MASTER\public\assets\city_tiles\city_53389926\15\9099\13966.jpg","13966.jpg","2470","3/30/2026 10:41:26 PM"
"C:\Dev\Nexus_MASTER\public\assets\city_tiles\city_53389926\15\9099\13967.jpg","13967.jpg","2492","3/30/2026 10:41:26 PM"
"C:\Dev\Nexus_MASTER\public\assets\city_tiles\city_53389926\15\9099\13968.jpg","13968.jpg","2474","3/30/2026 10:41:26 PM"
"C:\Dev\Nexus_MASTER\public\assets\city_tiles\city_53389926\15\9099\13969.jpg","13969.jpg","2485","3/30/2026 10:41:26 PM"
"C:\Dev\Nexus_MASTER\public\assets\city_tiles\city_53389926\15\9099\13970.jpg","13970.jpg","2510","3/30/2026 10:41:26 PM"
"C:\Dev\Nexus_MASTER\public\assets\city_tiles\city_53389926\15\9100","9100",,"4/16/2026 8:00:28 PM"
"C:\Dev\Nexus_MASTER\public\assets\city_tiles\city_53389926\15\9100\13941.jpg","13941.jpg","2443","3/30/2026 10:41:26 PM"
"C:\Dev\Nexus_MASTER\public\assets\city_tiles\city_53389926\15\9100\13942.jpg","13942.jpg","2437","3/30/2026 10:41:26 PM"
"C:\Dev\Nexus_MASTER\public\assets\city_tiles\city_53389926\15\9100\13943.jpg","13943.jpg","2458","3/30/2026 10:41:26 PM"
"C:\Dev\Nexus_MASTER\public\assets\city_tiles\city_53389926\15\9100\13944.jpg","13944.jpg","2438","3/30/2026 10:41:26 PM"
"C:\Dev\Nexus_MASTER\public\assets\city_tiles\city_53389926\15\9100\13945.jpg","13945.jpg","2464","3/30/2026 10:41:26 PM"
"C:\Dev\Nexus_MASTER\public\assets\city_tiles\city_53389926\15\9100\13946.jpg","13946.jpg","2438","3/30/2026 10:41:27 PM"
"C:\Dev\Nexus_MASTER\public\assets\city_tiles\city_53389926\15\9100\13947.jpg","13947.jpg","2438","3/30/2026 10:41:27 PM"
"C:\Dev\Nexus_MASTER\public\assets\city_tiles\city_53389926\15\9100\13948.jpg","13948.jpg","2420","3/30/2026 10:41:27 PM"
"C:\Dev\Nexus_MASTER\public\assets\city_tiles\city_53389926\15\9100\13949.jpg","13949.jpg","2427","3/30/2026 10:41:27 PM"
"C:\Dev\Nexus_MASTER\public\assets\city_tiles\city_53389926\15\9100\13950.jpg","13950.jpg","2428","3/30/2026 10:41:27 PM"
"C:\Dev\Nexus_MASTER\public\assets\city_tiles\city_53389926\15\9100\13951.jpg","13951.jpg","2438","3/30/2026 10:41:27 PM"
"C:\Dev\Nexus_MASTER\public\assets\city_tiles\city_53389926\15\9100\13952.jpg","13952.jpg","2424","3/30/2026 10:41:27 PM"
"C:\Dev\Nexus_MASTER\public\assets\city_tiles\city_53389926\15\9100\13953.jpg","13953.jpg","2438","3/30/2026 10:41:27 PM"
"C:\Dev\Nexus_MASTER\public\assets\city_tiles\city_53389926\15\9100\13954.jpg","13954.jpg","2430","3/30/2026 10:41:27 PM"
"C:\Dev\Nexus_MASTER\public\assets\city_tiles\city_53389926\15\9100\13955.jpg","13955.jpg","2420","3/30/2026 10:41:27 PM"
"C:\Dev\Nexus_MASTER\public\assets\city_tiles\city_53389926\15\9100\13956.jpg","13956.jpg","2420","3/30/2026 10:41:27 PM"
"C:\Dev\Nexus_MASTER\public\assets\city_tiles\city_53389926\15\9100\13957.jpg","13957.jpg","2420","3/30/2026 10:41:27 PM"
"C:\Dev\Nexus_MASTER\public\assets\city_tiles\city_53389926\15\9100\13958.jpg","13958.jpg","2424","3/30/2026 10:41:27 PM"
"C:\Dev\Nexus_MASTER\public\assets\city_tiles\city_53389926\15\9100\13959.jpg","13959.jpg","2456","3/30/2026 10:41:27 PM"
"C:\Dev\Nexus_MASTER\public\assets\city_tiles\city_53389926\15\9100\13960.jpg","13960.jpg","2466","3/30/2026 10:41:27 PM"
"C:\Dev\Nexus_MASTER\public\assets\city_tiles\city_53389926\15\9100\13961.jpg","13961.jpg","2444","3/30/2026 10:41:27 PM"
"C:\Dev\Nexus_MASTER\public\assets\city_tiles\city_53389926\15\9100\13962.jpg","13962.jpg","2467","3/30/2026 10:41:27 PM"
"C:\Dev\Nexus_MASTER\public\assets\city_tiles\city_53389926\15\9100\13963.jpg","13963.jpg","2468","3/30/2026 10:41:28 PM"
"C:\Dev\Nexus_MASTER\public\assets\city_tiles\city_53389926\15\9100\13964.jpg","13964.jpg","2430","3/30/2026 10:41:28 PM"
"C:\Dev\Nexus_MASTER\public\assets\city_tiles\city_53389926\15\9100\13965.jpg","13965.jpg","2433","3/30/2026 10:41:28 PM"
"C:\Dev\Nexus_MASTER\public\assets\city_tiles\city_53389926\15\9100\13966.jpg","13966.jpg","2439","3/30/2026 10:41:28 PM"
"C:\Dev\Nexus_MASTER\public\assets\city_tiles\city_53389926\15\9100\13967.jpg","13967.jpg","2459","3/30/2026 10:41:28 PM"
"C:\Dev\Nexus_MASTER\public\assets\city_tiles\city_53389926\15\9100\13968.jpg","13968.jpg","2428","3/30/2026 10:41:28 PM"
"C:\Dev\Nexus_MASTER\public\assets\city_tiles\city_53389926\15\9100\13969.jpg","13969.jpg","2436","3/30/2026 10:41:28 PM"
"C:\Dev\Nexus_MASTER\public\assets\city_tiles\city_53389926\15\9100\13970.jpg","13970.jpg","2443","3/30/2026 10:41:28 PM"
"C:\Dev\Nexus_MASTER\public\assets\city_tiles\city_53389926\base.png","base.png","10061886","4/11/2026 8:07:17 AM"
"C:\Dev\Nexus_MASTER\public\assets\earth_clouds_4k.png","earth_clouds_4k.png","11619184","3/25/2026 10:22:20 PM"
"C:\Dev\Nexus_MASTER\public\assets\earth_day_16k.jpg","earth_day_16k.jpg","35788245","3/26/2026 6:31:36 PM"
"C:\Dev\Nexus_MASTER\public\assets\earth_day_21k.jpg","earth_day_21k.jpg","534916828","3/25/2026 10:25:22 PM"
"C:\Dev\Nexus_MASTER\public\assets\earth_normal_4k.jpg","earth_normal_4k.jpg","9490024","3/25/2026 10:23:24 PM"
"C:\Dev\Nexus_MASTER\public\assets\earth_specular_4k.jpg","earth_specular_4k.jpg","1843592","3/25/2026 10:22:30 PM"
"C:\Dev\Nexus_MASTER\public\assets\earthatnight2012.png","earthatnight2012.png","49779654","11/13/2025 8:28:24 AM"
"C:\Dev\Nexus_MASTER\public\assets\Jacksonville.png","Jacksonville.png","3837260","4/18/2026 2:16:17 PM"
"C:\Dev\Nexus_MASTER\public\assets\starfield_8k.png","starfield_8k.png","8141354","11/14/2025 4:07:08 PM"
"C:\Dev\Nexus_MASTER\public\assets\umbra_crest.png","umbra_crest.png","61649","11/14/2025 1:28:18 PM"
"C:\Dev\Nexus_MASTER\public\assets\umbra_earth_16k.jpg","umbra_earth_16k.jpg","30041042","11/17/2025 1:42:30 PM"
"C:\Dev\Nexus_MASTER\public\assets\umbra_earth_master_16k.jpg","umbra_earth_master_16k.jpg","55921238","11/17/2025 2:57:16 PM"
"C:\Dev\Nexus_MASTER\public\backups","backups",,"4/16/2026 8:00:28 PM"
"C:\Dev\Nexus_MASTER\public\backups\nexus_snapshot_2025-11-09_055701","nexus_snapshot_2025-11-09_055701",,"4/16/2026 8:00:28 PM"
"C:\Dev\Nexus_MASTER\public\backups\nexus_snapshot_2025-11-09_055701\leads.json","leads.json","2","11/8/2025 9:57:01 PM"
"C:\Dev\Nexus_MASTER\public\backups\nexus_snapshot_2025-11-09_055701\leads_master.csv","leads_master.csv","104","11/8/2025 9:57:01 PM"
"C:\Dev\Nexus_MASTER\public\Build-ReleaseManifest.ps1","Build-ReleaseManifest.ps1","2033","1/18/2026 11:45:10 AM"
"C:\Dev\Nexus_MASTER\public\Capture-ServerLog.ps1","Capture-ServerLog.ps1","834","1/18/2026 11:38:14 AM"
"C:\Dev\Nexus_MASTER\public\config","config",,"4/16/2026 8:00:26 PM"
"C:\Dev\Nexus_MASTER\public\config\detailing_scoring_rules.json","detailing_scoring_rules.json","1061","11/15/2025 7:14:32 PM"
"C:\Dev\Nexus_MASTER\public\config\founder_scoring_extension.json","founder_scoring_extension.json","2990","11/13/2025 10:02:43 PM"
"C:\Dev\Nexus_MASTER\public\config\geo_notes.json","geo_notes.json","1671","11/16/2025 2:22:46 PM"
"C:\Dev\Nexus_MASTER\public\config\globe_visualization.json","globe_visualization.json","1167","11/14/2025 6:30:05 PM"
"C:\Dev\Nexus_MASTER\public\config\intel_sources.json","intel_sources.json","983","12/20/2025 2:46:47 PM"
"C:\Dev\Nexus_MASTER\public\config\intel_weights.json","intel_weights.json","335","12/20/2025 2:46:02 PM"
"C:\Dev\Nexus_MASTER\public\config\leads_schema.json","leads_schema.json","1030","12/19/2025 6:24:49 AM"
"C:\Dev\Nexus_MASTER\public\config\nexus_hub_config.json","nexus_hub_config.json","682","12/20/2025 9:54:56 AM"
"C:\Dev\Nexus_MASTER\public\config\safeguards_rules.json","safeguards_rules.json","859","12/19/2025 6:23:55 AM"
"C:\Dev\Nexus_MASTER\public\config\scoring_profiles.json","scoring_profiles.json","704","12/19/2025 6:25:20 AM"
"C:\Dev\Nexus_MASTER\public\config\scoring_rules.json","scoring_rules.json","294","11/13/2025 10:10:49 PM"
"C:\Dev\Nexus_MASTER\public\config\ui_filters.json","ui_filters.json","2082","11/13/2025 10:01:36 PM"
"C:\Dev\Nexus_MASTER\public\darkmatter_miami.html.txt","darkmatter_miami.html.txt","1453","4/18/2026 11:13:12 AM"
"C:\Dev\Nexus_MASTER\public\data","data",,"5/5/2026 5:55:24 PM"
"C:\Dev\Nexus_MASTER\public\data\clients","clients",,"4/30/2026 7:07:09 PM"
"C:\Dev\Nexus_MASTER\public\data\clients\black_dragon","black_dragon",,"5/5/2026 7:15:12 PM"
"C:\Dev\Nexus_MASTER\public\data\clients\black_dragon\agency_websites.json","agency_websites.json","34463","5/2/2026 11:01:05 AM"
"C:\Dev\Nexus_MASTER\public\data\clients\black_dragon\black_dragon_50_state_source_registry.json","black_dragon_50_state_source_registry.json","22434","5/5/2026 7:14:07 PM"
"C:\Dev\Nexus_MASTER\public\data\clients\black_dragon\black_dragon_city_coverage_report.v1.json","black_dragon_city_coverage_report.v1.json","53383","5/2/2026 9:55:52 AM"
"C:\Dev\Nexus_MASTER\public\data\clients\black_dragon\black_dragon_city_expansion_candidates.v1.json","black_dragon_city_expansion_candidates.v1.json","92237","5/2/2026 11:10:27 AM"
"C:\Dev\Nexus_MASTER\public\data\clients\black_dragon\black_dragon_city_index.json","black_dragon_city_index.json","13868","5/1/2026 7:04:54 PM"
"C:\Dev\Nexus_MASTER\public\data\clients\black_dragon\black_dragon_client_sync.json","black_dragon_client_sync.json","15413","5/5/2026 7:38:27 PM"
"C:\Dev\Nexus_MASTER\public\data\clients\black_dragon\black_dragon_enrichment_rules.v1.json","black_dragon_enrichment_rules.v1.json","5892","5/1/2026 7:19:12 PM"
"C:\Dev\Nexus_MASTER\public\data\clients\black_dragon\black_dragon_final_account_audit.json","black_dragon_final_account_audit.json","5499","5/4/2026 10:01:31 PM"
"C:\Dev\Nexus_MASTER\public\data\clients\black_dragon\black_dragon_full_account_audit.json","black_dragon_full_account_audit.json","709","5/5/2026 7:09:04 PM"
"C:\Dev\Nexus_MASTER\public\data\clients\black_dragon\black_dragon_leads_master.backup_1777682182211.json","black_dragon_leads_master.backup_1777682182211.json","29475","5/1/2026 5:36:22 PM"
"C:\Dev\Nexus_MASTER\public\data\clients\black_dragon\black_dragon_leads_master.backup_1777685748719.json","black_dragon_leads_master.backup_1777685748719.json","55681","5/1/2026 6:35:48 PM"
"C:\Dev\Nexus_MASTER\public\data\clients\black_dragon\black_dragon_leads_master.json","black_dragon_leads_master.json","54844","5/1/2026 6:35:48 PM"
"C:\Dev\Nexus_MASTER\public\data\clients\black_dragon\black_dragon_live_account.clean.json","black_dragon_live_account.clean.json","264251","5/2/2026 6:37:39 PM"
"C:\Dev\Nexus_MASTER\public\data\clients\black_dragon\black_dragon_live_account.json","black_dragon_live_account.json","639281","5/2/2026 5:00:07 PM"
"C:\Dev\Nexus_MASTER\public\data\clients\black_dragon\black_dragon_major_city_targets.expanded_review.v1.json","black_dragon_major_city_targets.expanded_review.v1.json","110955","5/2/2026 11:25:39 AM"
"C:\Dev\Nexus_MASTER\public\data\clients\black_dragon\black_dragon_major_city_targets.phase2_plus_ca_fl.v1.json","black_dragon_major_city_targets.phase2_plus_ca_fl.v1.json","182358","5/2/2026 1:19:19 PM"
"C:\Dev\Nexus_MASTER\public\data\clients\black_dragon\black_dragon_major_city_targets.phase2_review.v1.json","black_dragon_major_city_targets.phase2_review.v1.json","125544","5/2/2026 12:38:37 PM"
"C:\Dev\Nexus_MASTER\public\data\clients\black_dragon\black_dragon_major_city_targets.v1.json","black_dragon_major_city_targets.v1.json","22579","5/2/2026 10:34:28 AM"
"C:\Dev\Nexus_MASTER\public\data\clients\black_dragon\black_dragon_pass3_expanded_targets.json","black_dragon_pass3_expanded_targets.json","1330735","5/2/2026 6:58:41 PM"
"C:\Dev\Nexus_MASTER\public\data\clients\black_dragon\black_dragon_pass3_ranked_locked.json","black_dragon_pass3_ranked_locked.json","1634385","5/2/2026 7:27:07 PM"
"C:\Dev\Nexus_MASTER\public\data\clients\black_dragon\black_dragon_pass4_outreach_enabled.json","black_dragon_pass4_outreach_enabled.json","1937965","5/2/2026 7:35:37 PM"
"C:\Dev\Nexus_MASTER\public\data\clients\black_dragon\black_dragon_source_registry.v1.json","black_dragon_source_registry.v1.json","11692","5/1/2026 7:48:00 PM"
"C:\Dev\Nexus_MASTER\public\data\clients\black_dragon\black_dragon_state_agency_directory_registry.v1.json","black_dragon_state_agency_directory_registry.v1.json","9373","5/2/2026 12:54:22 PM"
"C:\Dev\Nexus_MASTER\public\data\clients\black_dragon\black_dragon_top50_coverage_report.v1.json","black_dragon_top50_coverage_report.v1.json","39594","5/2/2026 9:50:25 AM"
"C:\Dev\Nexus_MASTER\public\data\clients\black_dragon\black_dragon_view_model.v1.json","black_dragon_view_model.v1.json","5017","5/1/2026 7:29:10 PM"
"C:\Dev\Nexus_MASTER\public\data\clients\black_dragon\build_target_output_layer.js","build_target_output_layer.js","2299","5/4/2026 7:19:20 PM"
"C:\Dev\Nexus_MASTER\public\data\clients\black_dragon\city_normalization_registry.json","city_normalization_registry.json","528","5/5/2026 7:09:03 PM"
"C:\Dev\Nexus_MASTER\public\data\clients\black_dragon\client_dossier_index.json","client_dossier_index.json","3300","5/5/2026 7:09:04 PM"
"C:\Dev\Nexus_MASTER\public\data\clients\black_dragon\client_handoff_package.json","client_handoff_package.json","1110","5/5/2026 7:09:04 PM"
"C:\Dev\Nexus_MASTER\public\data\clients\black_dragon\contact_candidate_collector_log.json","contact_candidate_collector_log.json","397","5/4/2026 8:15:34 PM"
"C:\Dev\Nexus_MASTER\public\data\clients\black_dragon\contact_candidate_review_shortlist.json","contact_candidate_review_shortlist.json","233004","5/4/2026 10:04:33 PM"
"C:\Dev\Nexus_MASTER\public\data\clients\black_dragon\contact_candidates.json","contact_candidates.json","799146","5/4/2026 8:15:34 PM"
"C:\Dev\Nexus_MASTER\public\data\clients\black_dragon\contact_enriched_targets.json","contact_enriched_targets.json","2498226","5/4/2026 10:05:45 PM"
"C:\Dev\Nexus_MASTER\public\data\clients\black_dragon\contact_enrichment_log.json","contact_enrichment_log.json","325","5/4/2026 10:05:45 PM"
"C:\Dev\Nexus_MASTER\public\data\clients\black_dragon\dossier_export_bridge.json","dossier_export_bridge.json","3390","5/5/2026 7:09:03 PM"
"C:\Dev\Nexus_MASTER\public\data\clients\black_dragon\dossier_targets.json","dossier_targets.json","37211","5/5/2026 7:38:27 PM"
"C:\Dev\Nexus_MASTER\public\data\clients\black_dragon\enrichment_queue.json","enrichment_queue.json","2128659","5/4/2026 10:05:45 PM"
"C:\Dev\Nexus_MASTER\public\data\clients\black_dragon\execution_state_bridge.json","execution_state_bridge.json","165","5/5/2026 7:09:03 PM"
"C:\Dev\Nexus_MASTER\public\data\clients\black_dragon\founder_control_summary.json","founder_control_summary.json","1096","5/5/2026 7:09:05 PM"
"C:\Dev\Nexus_MASTER\public\data\clients\black_dragon\geocode_cache.json","geocode_cache.json","2841","5/5/2026 7:09:03 PM"
"C:\Dev\Nexus_MASTER\public\data\clients\black_dragon\geographic_intelligence_layer.json","geographic_intelligence_layer.json","4472","5/5/2026 7:09:03 PM"
"C:\Dev\Nexus_MASTER\public\data\clients\black_dragon\globe_data_adapter.json","globe_data_adapter.json","6923","5/5/2026 7:09:04 PM"
"C:\Dev\Nexus_MASTER\public\data\clients\black_dragon\globe_sync_export.json","globe_sync_export.json","4597","5/5/2026 6:27:24 PM"
"C:\Dev\Nexus_MASTER\public\data\clients\black_dragon\globe_sync_export.real.json","globe_sync_export.real.json","5387","5/5/2026 7:09:04 PM"
"C:\Dev\Nexus_MASTER\public\data\clients\black_dragon\intelligence_refresh_ledger.json","intelligence_refresh_ledger.json","1234","5/5/2026 7:09:03 PM"
"C:\Dev\Nexus_MASTER\public\data\clients\black_dragon\launch_readiness_report.json","launch_readiness_report.json","1029","5/5/2026 7:09:04 PM"
"C:\Dev\Nexus_MASTER\public\data\clients\black_dragon\live_ingestion_manifest.json","live_ingestion_manifest.json","1844","5/5/2026 7:09:03 PM"
"C:\Dev\Nexus_MASTER\public\data\clients\black_dragon\manual_contact_overrides.json","manual_contact_overrides.json","686","5/4/2026 10:04:33 PM"
"C:\Dev\Nexus_MASTER\public\data\clients\black_dragon\manual_verified_contact_patch.json","manual_verified_contact_patch.json","1280","5/4/2026 11:17:51 PM"
"C:\Dev\Nexus_MASTER\public\data\clients\black_dragon\manual_verified_contact_template.json","manual_verified_contact_template.json","811","5/4/2026 10:52:54 PM"
"C:\Dev\Nexus_MASTER\public\data\clients\black_dragon\manual_verified_contacts.json","manual_verified_contacts.json","14810","5/4/2026 11:17:51 PM"
"C:\Dev\Nexus_MASTER\public\data\clients\black_dragon\master_build_run.json","master_build_run.json","5359","5/5/2026 7:09:04 PM"
"C:\Dev\Nexus_MASTER\public\data\clients\black_dragon\multi_state_candidate_agencies.json","multi_state_candidate_agencies.json","1414","5/5/2026 5:18:59 PM"
"C:\Dev\Nexus_MASTER\public\data\clients\black_dragon\national_state_expansion_audit.json","national_state_expansion_audit.json","649","5/5/2026 7:16:08 PM"
"C:\Dev\Nexus_MASTER\public\data\clients\black_dragon\national_verified_outreach_shortlist.json","national_verified_outreach_shortlist.json","11754","5/5/2026 7:38:27 PM"
"C:\Dev\Nexus_MASTER\public\data\clients\black_dragon\normalized_intelligence_outputs.json","normalized_intelligence_outputs.json","37432","5/5/2026 7:38:27 PM"
"C:\Dev\Nexus_MASTER\public\data\clients\black_dragon\operational_ui_state.json","operational_ui_state.json","3712","5/5/2026 7:09:04 PM"
"C:\Dev\Nexus_MASTER\public\data\clients\black_dragon\outreach_execution_log.json","outreach_execution_log.json","3134","5/4/2026 11:21:11 PM"
"C:\Dev\Nexus_MASTER\public\data\clients\black_dragon\outreach_shortlist.json","outreach_shortlist.json","17879","5/4/2026 11:17:52 PM"
"C:\Dev\Nexus_MASTER\public\data\clients\black_dragon\questionnaire.json","questionnaire.json","850","5/1/2026 5:08:29 PM"
"C:\Dev\Nexus_MASTER\public\data\clients\black_dragon\ready_targets.json","ready_targets.json","267200","5/4/2026 10:05:45 PM"
"C:\Dev\Nexus_MASTER\public\data\clients\black_dragon\runtime_authority_map.json","runtime_authority_map.json","785","5/5/2026 7:09:03 PM"
"C:\Dev\Nexus_MASTER\public\data\clients\black_dragon\runtime_integration_batch_audit.json","runtime_integration_batch_audit.json","414","5/5/2026 7:09:04 PM"
"C:\Dev\Nexus_MASTER\public\data\clients\black_dragon\runtime_integrity_check.json","runtime_integrity_check.json","410","5/5/2026 7:09:03 PM"
"C:\Dev\Nexus_MASTER\public\data\clients\black_dragon\runtime_loader_manifest.json","runtime_loader_manifest.json","717","5/5/2026 7:09:04 PM"
"C:\Dev\Nexus_MASTER\public\data\clients\black_dragon\scored_targets.json","scored_targets.json","144841","5/2/2026 2:58:00 PM"
"C:\Dev\Nexus_MASTER\public\data\clients\black_dragon\scoring_export_bridge.json","scoring_export_bridge.json","5456","5/5/2026 7:09:03 PM"
"C:\Dev\Nexus_MASTER\public\data\clients\black_dragon\source_cache","source_cache",,"5/5/2026 5:19:25 PM"
"C:\Dev\Nexus_MASTER\public\data\clients\black_dragon\source_cache\hifld_local_law_enforcement_locations.authority_targets.json","hifld_local_law_enforcement_locations.authority_targets.json","118813","5/2/2026 9:07:15 AM"
"C:\Dev\Nexus_MASTER\public\data\clients\black_dragon\source_cache\hifld_local_law_enforcement_locations.cache.json","hifld_local_law_enforcement_locations.cache.json","1293","5/1/2026 8:41:46 PM"
"C:\Dev\Nexus_MASTER\public\data\clients\black_dragon\source_cache\hifld_local_law_enforcement_locations.candidates.json","hifld_local_law_enforcement_locations.candidates.json","3411925","5/1/2026 8:53:35 PM"
"C:\Dev\Nexus_MASTER\public\data\clients\black_dragon\source_cache\hifld_local_law_enforcement_locations.consolidated_entities.json","hifld_local_law_enforcement_locations.consolidated_entities.json","568463","5/2/2026 8:56:37 AM"
"C:\Dev\Nexus_MASTER\public\data\clients\black_dragon\source_cache\hifld_local_law_enforcement_locations.geojson","hifld_local_law_enforcement_locations.geojson","2495466","5/1/2026 8:41:46 PM"
"C:\Dev\Nexus_MASTER\public\data\clients\black_dragon\source_cache\hifld_local_law_enforcement_locations.import_candidates.json","hifld_local_law_enforcement_locations.import_candidates.json","821906","5/1/2026 9:02:53 PM"
"C:\Dev\Nexus_MASTER\public\data\clients\black_dragon\source_cache\hifld_local_law_enforcement_locations.priority_review.json","hifld_local_law_enforcement_locations.priority_review.json","3724421","5/1/2026 8:57:50 PM"
"C:\Dev\Nexus_MASTER\public\data\clients\black_dragon\source_cache\hifld_local_law_enforcement_locations.validated_targets.json","hifld_local_law_enforcement_locations.validated_targets.json","131328","5/2/2026 9:16:11 AM"
"C:\Dev\Nexus_MASTER\public\data\clients\black_dragon\source_cache\multi_state","multi_state",,"5/5/2026 5:18:59 PM"
"C:\Dev\Nexus_MASTER\public\data\clients\black_dragon\source_cache\multi_state\CA_CA_POST_LE_AGENCIES_1778026736773.html","CA_CA_POST_LE_AGENCIES_1778026736773.html","110535","5/5/2026 5:18:56 PM"
"C:\Dev\Nexus_MASTER\public\data\clients\black_dragon\source_cache\multi_state\CA_POST_1777964004638.html","CA_POST_1777964004638.html","17641","5/4/2026 11:53:24 PM"
"C:\Dev\Nexus_MASTER\public\data\clients\black_dragon\source_cache\multi_state\CA_POST_1777964070177.html","CA_POST_1777964070177.html","17641","5/4/2026 11:54:30 PM"
"C:\Dev\Nexus_MASTER\public\data\clients\black_dragon\source_cache\multi_state\FL_FDLE_1777964005385.html","FL_FDLE_1777964005385.html","22028","5/4/2026 11:53:25 PM"
"C:\Dev\Nexus_MASTER\public\data\clients\black_dragon\source_cache\multi_state\FL_FDLE_1777964070837.html","FL_FDLE_1777964070837.html","22028","5/4/2026 11:54:30 PM"
"C:\Dev\Nexus_MASTER\public\data\clients\black_dragon\source_cache\multi_state\FL_FDLE_1778026737326.html","FL_FDLE_1778026737326.html","22028","5/5/2026 5:18:57 PM"
"C:\Dev\Nexus_MASTER\public\data\clients\black_dragon\source_cache\multi_state\GA_POST_1777964006465.html","GA_POST_1777964006465.html","81241","5/4/2026 11:53:26 PM"
"C:\Dev\Nexus_MASTER\public\data\clients\black_dragon\source_cache\multi_state\GA_POST_1777964071657.html","GA_POST_1777964071657.html","81241","5/4/2026 11:54:31 PM"
"C:\Dev\Nexus_MASTER\public\data\clients\black_dragon\source_cache\multi_state\GA_POST_1778026738002.html","GA_POST_1778026738002.html","81241","5/5/2026 5:18:58 PM"
"C:\Dev\Nexus_MASTER\public\data\clients\black_dragon\source_cache\multi_state\TX_TCOLE_1777964008595.html","TX_TCOLE_1777964008595.html","39464","5/4/2026 11:53:28 PM"
"C:\Dev\Nexus_MASTER\public\data\clients\black_dragon\source_cache\multi_state\TX_TCOLE_1777964072456.html","TX_TCOLE_1777964072456.html","39464","5/4/2026 11:54:32 PM"
"C:\Dev\Nexus_MASTER\public\data\clients\black_dragon\source_cache\multi_state\TX_TCOLE_1778026739347.html","TX_TCOLE_1778026739347.html","39464","5/5/2026 5:18:59 PM"
"C:\Dev\Nexus_MASTER\public\data\clients\black_dragon\source_cache\source_cache_manifest.json","source_cache_manifest.json","5308","5/1/2026 8:41:46 PM"
"C:\Dev\Nexus_MASTER\public\data\clients\black_dragon\source_cache\state_directories","state_directories",,"5/2/2026 2:44:17 PM"
"C:\Dev\Nexus_MASTER\public\data\clients\black_dragon\source_cache\state_directories\az_acjc_statewide_agency_directory.cache.json","az_acjc_statewide_agency_directory.cache.json","640","5/2/2026 12:54:25 PM"
"C:\Dev\Nexus_MASTER\public\data\clients\black_dragon\source_cache\state_directories\az_acjc_statewide_agency_directory.candidates.json","az_acjc_statewide_agency_directory.candidates.json","135538","5/2/2026 2:44:58 PM"
"C:\Dev\Nexus_MASTER\public\data\clients\black_dragon\source_cache\state_directories\az_acjc_statewide_agency_directory.html","az_acjc_statewide_agency_directory.html","69796","5/3/2026 11:05:04 AM"
"C:\Dev\Nexus_MASTER\public\data\clients\black_dragon\source_cache\state_directories\az_acjc_statewide_agency_directory.merged.html","az_acjc_statewide_agency_directory.merged.html","69797","5/2/2026 2:44:58 PM"
"C:\Dev\Nexus_MASTER\public\data\clients\black_dragon\source_cache\state_directories\az_acjc_statewide_agency_directory.page1.backup.html","az_acjc_statewide_agency_directory.page1.backup.html","131359","5/2/2026 2:34:41 PM"
"C:\Dev\Nexus_MASTER\public\data\clients\black_dragon\source_cache\state_directories\az_pages","az_pages",,"5/2/2026 2:44:01 PM"
"C:\Dev\Nexus_MASTER\public\data\clients\black_dragon\source_cache\state_directories\az_pages\az_page_01.html","az_page_01.html","131859","5/2/2026 2:43:31 PM"
"C:\Dev\Nexus_MASTER\public\data\clients\black_dragon\source_cache\state_directories\az_pages\az_page_02.html","az_page_02.html","132530","5/2/2026 2:43:34 PM"
"C:\Dev\Nexus_MASTER\public\data\clients\black_dragon\source_cache\state_directories\az_pages\az_page_03.html","az_page_03.html","132537","5/2/2026 2:43:36 PM"
"C:\Dev\Nexus_MASTER\public\data\clients\black_dragon\source_cache\state_directories\az_pages\az_page_04.html","az_page_04.html","132538","5/2/2026 2:43:39 PM"
"C:\Dev\Nexus_MASTER\public\data\clients\black_dragon\source_cache\state_directories\az_pages\az_page_05.html","az_page_05.html","132796","5/2/2026 2:43:41 PM"
"C:\Dev\Nexus_MASTER\public\data\clients\black_dragon\source_cache\state_directories\az_pages\az_page_06.html","az_page_06.html","132990","5/2/2026 2:43:44 PM"
"C:\Dev\Nexus_MASTER\public\data\clients\black_dragon\source_cache\state_directories\az_pages\az_page_07.html","az_page_07.html","132789","5/2/2026 2:43:46 PM"
"C:\Dev\Nexus_MASTER\public\data\clients\black_dragon\source_cache\state_directories\az_pages\az_page_08.html","az_page_08.html","132935","5/2/2026 2:43:49 PM"
"C:\Dev\Nexus_MASTER\public\data\clients\black_dragon\source_cache\state_directories\az_pages\az_page_09.html","az_page_09.html","132865","5/2/2026 2:43:51 PM"
"C:\Dev\Nexus_MASTER\public\data\clients\black_dragon\source_cache\state_directories\az_pages\az_page_10.html","az_page_10.html","133055","5/2/2026 2:43:54 PM"
"C:\Dev\Nexus_MASTER\public\data\clients\black_dragon\source_cache\state_directories\az_pages\az_page_11.html","az_page_11.html","133077","5/2/2026 2:43:56 PM"
"C:\Dev\Nexus_MASTER\public\data\clients\black_dragon\source_cache\state_directories\az_pages\az_page_12.html","az_page_12.html","133266","5/2/2026 2:43:59 PM"
"C:\Dev\Nexus_MASTER\public\data\clients\black_dragon\source_cache\state_directories\az_pages\az_page_13.html","az_page_13.html","127836","5/2/2026 2:44:01 PM"
"C:\Dev\Nexus_MASTER\public\data\clients\black_dragon\source_cache\state_directories\ca_post_law_enforcement_agencies.authority_targets.json","ca_post_law_enforcement_agencies.authority_targets.json","28296","5/2/2026 1:12:23 PM"
"C:\Dev\Nexus_MASTER\public\data\clients\black_dragon\source_cache\state_directories\ca_post_law_enforcement_agencies.cache.json","ca_post_law_enforcement_agencies.cache.json","536","5/2/2026 12:53:41 PM"
"C:\Dev\Nexus_MASTER\public\data\clients\black_dragon\source_cache\state_directories\ca_post_law_enforcement_agencies.candidates.json","ca_post_law_enforcement_agencies.candidates.json","121694","5/2/2026 1:07:15 PM"
"C:\Dev\Nexus_MASTER\public\data\clients\black_dragon\source_cache\state_directories\ca_post_law_enforcement_agencies.html","ca_post_law_enforcement_agencies.html","110535","5/2/2026 12:53:41 PM"
"C:\Dev\Nexus_MASTER\public\data\clients\black_dragon\source_cache\state_directories\fl_fdle_criminal_justice_agency_addresses.cache.json","fl_fdle_criminal_justice_agency_addresses.cache.json","578","5/2/2026 12:54:00 PM"
"C:\Dev\Nexus_MASTER\public\data\clients\black_dragon\source_cache\state_directories\fl_fdle_criminal_justice_agency_addresses.html","fl_fdle_criminal_justice_agency_addresses.html","28207","5/2/2026 12:54:00 PM"
"C:\Dev\Nexus_MASTER\public\data\clients\black_dragon\source_cache\state_directories\fl_fdle_criminal_justice_agency_websites.authority_targets.json","fl_fdle_criminal_justice_agency_websites.authority_targets.json","18770","5/2/2026 1:12:43 PM"
"C:\Dev\Nexus_MASTER\public\data\clients\black_dragon\source_cache\state_directories\fl_fdle_criminal_justice_agency_websites.cache.json","fl_fdle_criminal_justice_agency_websites.cache.json","571","5/2/2026 12:54:00 PM"
"C:\Dev\Nexus_MASTER\public\data\clients\black_dragon\source_cache\state_directories\fl_fdle_criminal_justice_agency_websites.candidates.json","fl_fdle_criminal_justice_agency_websites.candidates.json","97408","5/2/2026 1:07:15 PM"
"C:\Dev\Nexus_MASTER\public\data\clients\black_dragon\source_cache\state_directories\fl_fdle_criminal_justice_agency_websites.html","fl_fdle_criminal_justice_agency_websites.html","59306","5/2/2026 12:54:00 PM"
"C:\Dev\Nexus_MASTER\public\data\clients\black_dragon\source_cache\state_directories\il_ptb_training_authority.cache.json","il_ptb_training_authority.cache.json","558","5/2/2026 12:54:26 PM"
"C:\Dev\Nexus_MASTER\public\data\clients\black_dragon\source_cache\state_directories\il_ptb_training_authority.html","il_ptb_training_authority.html","60681","5/2/2026 12:54:26 PM"
"C:\Dev\Nexus_MASTER\public\data\clients\black_dragon\source_cache\state_directories\il_sheriffs_association_directory.cache.json","il_sheriffs_association_directory.cache.json","578","5/2/2026 12:54:27 PM"
"C:\Dev\Nexus_MASTER\public\data\clients\black_dragon\source_cache\state_directories\il_sheriffs_association_directory.candidates.json","il_sheriffs_association_directory.candidates.json","1462","5/2/2026 2:44:58 PM"
"C:\Dev\Nexus_MASTER\public\data\clients\black_dragon\source_cache\state_directories\il_sheriffs_association_directory.html","il_sheriffs_association_directory.html","284500","5/2/2026 12:54:27 PM"
"C:\Dev\Nexus_MASTER\public\data\clients\black_dragon\source_cache\state_directories\nc_cjin_law_enforcement_agencies.cache.json","nc_cjin_law_enforcement_agencies.cache.json","585","5/2/2026 12:54:28 PM"
"C:\Dev\Nexus_MASTER\public\data\clients\black_dragon\source_cache\state_directories\nc_cjin_law_enforcement_agencies.candidates.json","nc_cjin_law_enforcement_agencies.candidates.json","160","5/2/2026 2:44:58 PM"
"C:\Dev\Nexus_MASTER\public\data\clients\black_dragon\source_cache\state_directories\nc_cjin_law_enforcement_agencies.html","nc_cjin_law_enforcement_agencies.html","113951","5/2/2026 12:54:28 PM"
"C:\Dev\Nexus_MASTER\public\data\clients\black_dragon\source_cache\state_directories\ny_dcjs_criminal_justice_agencies.authority_targets.json","ny_dcjs_criminal_justice_agencies.authority_targets.json","19454","5/2/2026 12:32:50 PM"
"C:\Dev\Nexus_MASTER\public\data\clients\black_dragon\source_cache\state_directories\ny_dcjs_criminal_justice_agencies.cache.json","ny_dcjs_criminal_justice_agencies.cache.json","771950","5/2/2026 12:08:47 PM"
"C:\Dev\Nexus_MASTER\public\data\clients\black_dragon\source_cache\state_directories\ny_dcjs_criminal_justice_agencies.candidates.json","ny_dcjs_criminal_justice_agencies.candidates.json","69751","5/2/2026 12:17:22 PM"
"C:\Dev\Nexus_MASTER\public\data\clients\black_dragon\source_cache\state_directories\oh_ag_law_enforcement_directory.cache.json","oh_ag_law_enforcement_directory.cache.json","613","5/2/2026 12:54:28 PM"
"C:\Dev\Nexus_MASTER\public\data\clients\black_dragon\source_cache\state_directories\oh_ag_law_enforcement_directory.candidates.json","oh_ag_law_enforcement_directory.candidates.json","159","5/2/2026 2:44:58 PM"
"C:\Dev\Nexus_MASTER\public\data\clients\black_dragon\source_cache\state_directories\oh_ag_law_enforcement_directory.html","oh_ag_law_enforcement_directory.html","27044","5/2/2026 12:54:28 PM"
"C:\Dev\Nexus_MASTER\public\data\clients\black_dragon\source_cache\state_directories\state_batch_az_il_oh_nc.authority_targets.json","state_batch_az_il_oh_nc.authority_targets.json","104458","5/2/2026 2:52:06 PM"
"C:\Dev\Nexus_MASTER\public\data\clients\black_dragon\source_cache\state_directories\state_directory_manifest.json","state_directory_manifest.json","11441","5/2/2026 12:54:28 PM"
"C:\Dev\Nexus_MASTER\public\data\clients\black_dragon\source_cache\states","states",,"5/5/2026 7:14:13 PM"
"C:\Dev\Nexus_MASTER\public\data\clients\black_dragon\source_cache\states\ca","ca",,"5/5/2026 5:21:00 PM"
"C:\Dev\Nexus_MASTER\public\data\clients\black_dragon\source_cache\states\ca\ca_post_le_agencies_1778026765762.html","ca_post_le_agencies_1778026765762.html","110599","5/5/2026 5:19:25 PM"
"C:\Dev\Nexus_MASTER\public\data\clients\black_dragon\source_cache\states\ca\ca_post_le_agencies_1778026860848.html","ca_post_le_agencies_1778026860848.html","110599","5/5/2026 5:21:00 PM"
"C:\Dev\Nexus_MASTER\public\data\clients\black_dragon\source_cache\states\tx","tx",,"5/5/2026 7:14:45 PM"
"C:\Dev\Nexus_MASTER\public\data\clients\black_dragon\source_cache\states\tx\TX_TCOLE_TRAINING_PROVIDER_REGION_1.html","TX_TCOLE_TRAINING_PROVIDER_REGION_1.html","89587","5/5/2026 7:15:52 PM"
"C:\Dev\Nexus_MASTER\public\data\clients\black_dragon\source_cache\states\tx\TX_TCOLE_TRAINING_PROVIDER_REGION_10.html","TX_TCOLE_TRAINING_PROVIDER_REGION_10.html","119658","5/5/2026 7:15:58 PM"
"C:\Dev\Nexus_MASTER\public\data\clients\black_dragon\source_cache\states\tx\TX_TCOLE_TRAINING_PROVIDER_REGION_11.html","TX_TCOLE_TRAINING_PROVIDER_REGION_11.html","40907","5/5/2026 7:15:58 PM"
"C:\Dev\Nexus_MASTER\public\data\clients\black_dragon\source_cache\states\tx\TX_TCOLE_TRAINING_PROVIDER_REGION_12.html","TX_TCOLE_TRAINING_PROVIDER_REGION_12.html","40907","5/5/2026 7:15:59 PM"
"C:\Dev\Nexus_MASTER\public\data\clients\black_dragon\source_cache\states\tx\TX_TCOLE_TRAINING_PROVIDER_REGION_13.html","TX_TCOLE_TRAINING_PROVIDER_REGION_13.html","40907","5/5/2026 7:15:59 PM"
"C:\Dev\Nexus_MASTER\public\data\clients\black_dragon\source_cache\states\tx\TX_TCOLE_TRAINING_PROVIDER_REGION_14.html","TX_TCOLE_TRAINING_PROVIDER_REGION_14.html","40907","5/5/2026 7:16:00 PM"
"C:\Dev\Nexus_MASTER\public\data\clients\black_dragon\source_cache\states\tx\TX_TCOLE_TRAINING_PROVIDER_REGION_15.html","TX_TCOLE_TRAINING_PROVIDER_REGION_15.html","40907","5/5/2026 7:16:00 PM"
"C:\Dev\Nexus_MASTER\public\data\clients\black_dragon\source_cache\states\tx\TX_TCOLE_TRAINING_PROVIDER_REGION_16.html","TX_TCOLE_TRAINING_PROVIDER_REGION_16.html","40907","5/5/2026 7:16:01 PM"
"C:\Dev\Nexus_MASTER\public\data\clients\black_dragon\source_cache\states\tx\TX_TCOLE_TRAINING_PROVIDER_REGION_17.html","TX_TCOLE_TRAINING_PROVIDER_REGION_17.html","40907","5/5/2026 7:16:02 PM"
"C:\Dev\Nexus_MASTER\public\data\clients\black_dragon\source_cache\states\tx\TX_TCOLE_TRAINING_PROVIDER_REGION_18.html","TX_TCOLE_TRAINING_PROVIDER_REGION_18.html","40907","5/5/2026 7:16:02 PM"
"C:\Dev\Nexus_MASTER\public\data\clients\black_dragon\source_cache\states\tx\TX_TCOLE_TRAINING_PROVIDER_REGION_19.html","TX_TCOLE_TRAINING_PROVIDER_REGION_19.html","40907","5/5/2026 7:16:03 PM"
"C:\Dev\Nexus_MASTER\public\data\clients\black_dragon\source_cache\states\tx\TX_TCOLE_TRAINING_PROVIDER_REGION_2.html","TX_TCOLE_TRAINING_PROVIDER_REGION_2.html","98790","5/5/2026 7:15:52 PM"
"C:\Dev\Nexus_MASTER\public\data\clients\black_dragon\source_cache\states\tx\TX_TCOLE_TRAINING_PROVIDER_REGION_20.html","TX_TCOLE_TRAINING_PROVIDER_REGION_20.html","40907","5/5/2026 7:16:03 PM"
"C:\Dev\Nexus_MASTER\public\data\clients\black_dragon\source_cache\states\tx\TX_TCOLE_TRAINING_PROVIDER_REGION_21.html","TX_TCOLE_TRAINING_PROVIDER_REGION_21.html","40907","5/5/2026 7:16:04 PM"
"C:\Dev\Nexus_MASTER\public\data\clients\black_dragon\source_cache\states\tx\TX_TCOLE_TRAINING_PROVIDER_REGION_22.html","TX_TCOLE_TRAINING_PROVIDER_REGION_22.html","40907","5/5/2026 7:16:05 PM"
"C:\Dev\Nexus_MASTER\public\data\clients\black_dragon\source_cache\states\tx\TX_TCOLE_TRAINING_PROVIDER_REGION_23.html","TX_TCOLE_TRAINING_PROVIDER_REGION_23.html","40907","5/5/2026 7:16:05 PM"
"C:\Dev\Nexus_MASTER\public\data\clients\black_dragon\source_cache\states\tx\TX_TCOLE_TRAINING_PROVIDER_REGION_24.html","TX_TCOLE_TRAINING_PROVIDER_REGION_24.html","40907","5/5/2026 7:16:06 PM"
"C:\Dev\Nexus_MASTER\public\data\clients\black_dragon\source_cache\states\tx\TX_TCOLE_TRAINING_PROVIDER_REGION_3.html","TX_TCOLE_TRAINING_PROVIDER_REGION_3.html","109887","5/5/2026 7:15:53 PM"
"C:\Dev\Nexus_MASTER\public\data\clients\black_dragon\source_cache\states\tx\TX_TCOLE_TRAINING_PROVIDER_REGION_4.html","TX_TCOLE_TRAINING_PROVIDER_REGION_4.html","133492","5/5/2026 7:15:54 PM"
"C:\Dev\Nexus_MASTER\public\data\clients\black_dragon\source_cache\states\tx\TX_TCOLE_TRAINING_PROVIDER_REGION_5.html","TX_TCOLE_TRAINING_PROVIDER_REGION_5.html","89739","5/5/2026 7:15:54 PM"
"C:\Dev\Nexus_MASTER\public\data\clients\black_dragon\source_cache\states\tx\TX_TCOLE_TRAINING_PROVIDER_REGION_6.html","TX_TCOLE_TRAINING_PROVIDER_REGION_6.html","90542","5/5/2026 7:15:55 PM"
"C:\Dev\Nexus_MASTER\public\data\clients\black_dragon\source_cache\states\tx\TX_TCOLE_TRAINING_PROVIDER_REGION_7.html","TX_TCOLE_TRAINING_PROVIDER_REGION_7.html","121449","5/5/2026 7:15:56 PM"
"C:\Dev\Nexus_MASTER\public\data\clients\black_dragon\source_cache\states\tx\TX_TCOLE_TRAINING_PROVIDER_REGION_8.html","TX_TCOLE_TRAINING_PROVIDER_REGION_8.html","118453","5/5/2026 7:15:56 PM"
"C:\Dev\Nexus_MASTER\public\data\clients\black_dragon\source_cache\states\tx\TX_TCOLE_TRAINING_PROVIDER_REGION_9.html","TX_TCOLE_TRAINING_PROVIDER_REGION_9.html","117310","5/5/2026 7:15:57 PM"
"C:\Dev\Nexus_MASTER\public\data\clients\black_dragon\source_freshness_audit.json","source_freshness_audit.json","1164","5/5/2026 7:09:03 PM"
"C:\Dev\Nexus_MASTER\public\data\clients\black_dragon\state_candidates","state_candidates",,"5/5/2026 7:36:13 PM"
"C:\Dev\Nexus_MASTER\public\data\clients\black_dragon\state_candidates\ca_candidate_agencies.json","ca_candidate_agencies.json","225869","5/5/2026 5:21:00 PM"
"C:\Dev\Nexus_MASTER\public\data\clients\black_dragon\state_candidates\ca_manual_verification_queue.json","ca_manual_verification_queue.json","13691","5/5/2026 5:30:32 PM"
"C:\Dev\Nexus_MASTER\public\data\clients\black_dragon\state_candidates\ca_review_shortlist.json","ca_review_shortlist.json","285849","5/5/2026 5:26:51 PM"
"C:\Dev\Nexus_MASTER\public\data\clients\black_dragon\state_candidates\ca_verified_contact_patch.json","ca_verified_contact_patch.json","1326","5/5/2026 5:38:38 PM"
"C:\Dev\Nexus_MASTER\public\data\clients\black_dragon\state_candidates\ca_verified_contact_patch_template.json","ca_verified_contact_patch_template.json","744","5/5/2026 5:34:13 PM"
"C:\Dev\Nexus_MASTER\public\data\clients\black_dragon\state_candidates\ca_verified_contacts.json","ca_verified_contacts.json","1644","5/5/2026 5:38:39 PM"
"C:\Dev\Nexus_MASTER\public\data\clients\black_dragon\state_candidates\tx_candidate_agencies.json","tx_candidate_agencies.json","115068","5/5/2026 7:16:06 PM"
"C:\Dev\Nexus_MASTER\public\data\clients\black_dragon\state_candidates\tx_manual_verification_queue.json","tx_manual_verification_queue.json","14052","5/5/2026 7:25:16 PM"
"C:\Dev\Nexus_MASTER\public\data\clients\black_dragon\state_candidates\tx_review_shortlist.json","tx_review_shortlist.json","135256","5/5/2026 7:25:16 PM"
"C:\Dev\Nexus_MASTER\public\data\clients\black_dragon\state_candidates\tx_verified_contact_patch.json","tx_verified_contact_patch.json","1221","5/5/2026 7:36:12 PM"
"C:\Dev\Nexus_MASTER\public\data\clients\black_dragon\state_candidates\tx_verified_contact_patch_template.json","tx_verified_contact_patch_template.json","740","5/5/2026 7:25:17 PM"
"C:\Dev\Nexus_MASTER\public\data\clients\black_dragon\state_candidates\tx_verified_contacts.json","tx_verified_contacts.json","1543","5/5/2026 7:36:13 PM"
"C:\Dev\Nexus_MASTER\public\data\clients\black_dragon\targets_master.json","targets_master.json","111557","5/2/2026 2:54:38 PM"
"C:\Dev\Nexus_MASTER\public\data\clients\black_dragon\targets_with_dossiers.json","targets_with_dossiers.json","231336","5/2/2026 4:12:59 PM"
"C:\Dev\Nexus_MASTER\public\data\clients\black_dragon\territory_clusters.json","territory_clusters.json","2885","5/5/2026 7:09:04 PM"
"C:\Dev\Nexus_MASTER\public\data\clients\black_dragon\top_targets_contact_enriched.json","top_targets_contact_enriched.json","51417","5/2/2026 3:05:25 PM"
"C:\Dev\Nexus_MASTER\public\data\clients\black_dragon\top_targets_outreach_package.json","top_targets_outreach_package.json","37564","5/2/2026 3:07:51 PM"
"C:\Dev\Nexus_MASTER\public\data\clients\black_dragon\top_targets_shortlist.json","top_targets_shortlist.json","18721","5/2/2026 3:03:14 PM"
"C:\Dev\Nexus_MASTER\public\data\intelligence","intelligence",,"5/6/2026 7:57:42 PM"
"C:\Dev\Nexus_MASTER\public\data\intelligence\audit","audit",,"5/6/2026 7:31:44 PM"
"C:\Dev\Nexus_MASTER\public\data\intelligence\audit\backbone_integrity_audit.json","backbone_integrity_audit.json","180","5/5/2026 8:12:04 PM"
"C:\Dev\Nexus_MASTER\public\data\intelligence\audit\first_5_layer_operational_audit.json","first_5_layer_operational_audit.json","187","5/6/2026 8:13:20 PM"
"C:\Dev\Nexus_MASTER\public\data\intelligence\audit\full_system_intelligence_audit.json","full_system_intelligence_audit.json","186","5/6/2026 12:50:58 AM"
"C:\Dev\Nexus_MASTER\public\data\intelligence\audit\fusion_integrity_audit.json","fusion_integrity_audit.json","178","5/5/2026 8:45:52 PM"
"C:\Dev\Nexus_MASTER\public\data\intelligence\audit\ingestion_integrity_audit.json","ingestion_integrity_audit.json","181","5/5/2026 8:17:53 PM"
"C:\Dev\Nexus_MASTER\public\data\intelligence\audit\intelligence_execution_audit.json","intelligence_execution_audit.json","184","5/6/2026 12:50:58 AM"
"C:\Dev\Nexus_MASTER\public\data\intelligence\audit\L01_federal_integrity_audit.json","L01_federal_integrity_audit.json","183","5/5/2026 10:16:56 PM"
"C:\Dev\Nexus_MASTER\public\data\intelligence\audit\L02_state_integrity_audit.json","L02_state_integrity_audit.json","181","5/5/2026 10:23:51 PM"
"C:\Dev\Nexus_MASTER\public\data\intelligence\audit\L03_local_agency_integrity_audit.json","L03_local_agency_integrity_audit.json","188","5/5/2026 10:29:01 PM"
"C:\Dev\Nexus_MASTER\public\data\intelligence\audit\L04_training_integrity_audit.json","L04_training_integrity_audit.json","184","5/5/2026 11:45:34 PM"
"C:\Dev\Nexus_MASTER\public\data\intelligence\audit\L05_budget_integrity_audit.json","L05_budget_integrity_audit.json","182","5/5/2026 9:09:23 PM"
"C:\Dev\Nexus_MASTER\public\data\intelligence\audit\L06_behavioral_integrity_audit.json","L06_behavioral_integrity_audit.json","186","5/5/2026 9:17:47 PM"
"C:\Dev\Nexus_MASTER\public\data\intelligence\audit\L07_geographic_integrity_audit.json","L07_geographic_integrity_audit.json","186","5/5/2026 11:53:35 PM"
"C:\Dev\Nexus_MASTER\public\data\intelligence\audit\L08_command_integrity_audit.json","L08_command_integrity_audit.json","183","5/5/2026 9:28:39 PM"
"C:\Dev\Nexus_MASTER\public\data\intelligence\audit\L09_procurement_integrity_audit.json","L09_procurement_integrity_audit.json","187","5/5/2026 9:36:32 PM"
"C:\Dev\Nexus_MASTER\public\data\intelligence\audit\L10_communication_integrity_audit.json","L10_communication_integrity_audit.json","189","5/6/2026 12:03:36 AM"
"C:\Dev\Nexus_MASTER\public\data\intelligence\audit\L11_incident_risk_integrity_audit.json","L11_incident_risk_integrity_audit.json","189","5/5/2026 9:40:41 PM"
"C:\Dev\Nexus_MASTER\public\data\intelligence\audit\L12_engagement_integrity_audit.json","L12_engagement_integrity_audit.json","186","5/6/2026 12:19:34 AM"
"C:\Dev\Nexus_MASTER\public\data\intelligence\audit\live_connector_implementation_audit.json","live_connector_implementation_audit.json","473","5/6/2026 7:07:10 PM"
"C:\Dev\Nexus_MASTER\public\data\intelligence\audit\live_runtime_fusion_audit.json","live_runtime_fusion_audit.json","490","5/6/2026 7:07:10 PM"
"C:\Dev\Nexus_MASTER\public\data\intelligence\audit\production_coverage_audit.json","production_coverage_audit.json","275","5/6/2026 7:07:11 PM"
"C:\Dev\Nexus_MASTER\public\data\intelligence\audit\real_data_runtime_audit.json","real_data_runtime_audit.json","303","5/6/2026 7:07:13 PM"
"C:\Dev\Nexus_MASTER\public\data\intelligence\audit\schema_integrity_audit.json","schema_integrity_audit.json","178","5/5/2026 8:55:08 PM"
"C:\Dev\Nexus_MASTER\public\data\intelligence\audit\source_coverage_audit.json","source_coverage_audit.json","177","5/5/2026 9:06:09 PM"
"C:\Dev\Nexus_MASTER\public\data\intelligence\audit\validation_integrity_audit.json","validation_integrity_audit.json","182","5/5/2026 8:57:53 PM"
"C:\Dev\Nexus_MASTER\public\data\intelligence\authority","authority",,"5/5/2026 8:17:52 PM"
"C:\Dev\Nexus_MASTER\public\data\intelligence\authority\conflict_resolution.registry.json","conflict_resolution.registry.json","672","5/5/2026 8:17:52 PM"
"C:\Dev\Nexus_MASTER\public\data\intelligence\authority\source_authority_registry.json","source_authority_registry.json","2574","5/5/2026 8:12:03 PM"
"C:\Dev\Nexus_MASTER\public\data\intelligence\authority\source_validation_engine.registry.json","source_validation_engine.registry.json","706","5/5/2026 8:17:52 PM"
"C:\Dev\Nexus_MASTER\public\data\intelligence\evidence","evidence",,"5/6/2026 12:19:33 AM"
"C:\Dev\Nexus_MASTER\public\data\intelligence\evidence\dossier_field_schema.registry.json","dossier_field_schema.registry.json","781","5/5/2026 8:55:08 PM"
"C:\Dev\Nexus_MASTER\public\data\intelligence\evidence\entity_schema.registry.json","entity_schema.registry.json","847","5/5/2026 8:55:07 PM"
"C:\Dev\Nexus_MASTER\public\data\intelligence\evidence\evidence_schema.registry.json","evidence_schema.registry.json","1170","5/5/2026 8:12:03 PM"
"C:\Dev\Nexus_MASTER\public\data\intelligence\evidence\L01_federal_normalization.registry.json","L01_federal_normalization.registry.json","912","5/5/2026 10:16:55 PM"
"C:\Dev\Nexus_MASTER\public\data\intelligence\evidence\L02_state_normalization.registry.json","L02_state_normalization.registry.json","938","5/5/2026 10:23:50 PM"
"C:\Dev\Nexus_MASTER\public\data\intelligence\evidence\L03_local_agency_normalization.registry.json","L03_local_agency_normalization.registry.json","954","5/5/2026 10:29:00 PM"
"C:\Dev\Nexus_MASTER\public\data\intelligence\evidence\L04_training_normalization.registry.json","L04_training_normalization.registry.json","986","5/5/2026 11:45:33 PM"
"C:\Dev\Nexus_MASTER\public\data\intelligence\evidence\L05_budget_normalization.registry.json","L05_budget_normalization.registry.json","770","5/5/2026 9:09:22 PM"
"C:\Dev\Nexus_MASTER\public\data\intelligence\evidence\L06_behavioral_normalization.registry.json","L06_behavioral_normalization.registry.json","914","5/5/2026 9:17:46 PM"
"C:\Dev\Nexus_MASTER\public\data\intelligence\evidence\L07_geographic_normalization.registry.json","L07_geographic_normalization.registry.json","975","5/5/2026 11:53:33 PM"
"C:\Dev\Nexus_MASTER\public\data\intelligence\evidence\L08_command_normalization.registry.json","L08_command_normalization.registry.json","900","5/5/2026 9:28:38 PM"
"C:\Dev\Nexus_MASTER\public\data\intelligence\evidence\L09_procurement_normalization.registry.json","L09_procurement_normalization.registry.json","935","5/5/2026 9:36:31 PM"
"C:\Dev\Nexus_MASTER\public\data\intelligence\evidence\L10_communication_normalization.registry.json","L10_communication_normalization.registry.json","920","5/6/2026 12:03:34 AM"
"C:\Dev\Nexus_MASTER\public\data\intelligence\evidence\L11_incident_risk_normalization.registry.json","L11_incident_risk_normalization.registry.json","964","5/5/2026 9:40:40 PM"
"C:\Dev\Nexus_MASTER\public\data\intelligence\evidence\L12_engagement_normalization.registry.json","L12_engagement_normalization.registry.json","1013","5/6/2026 12:19:33 AM"
"C:\Dev\Nexus_MASTER\public\data\intelligence\evidence\signal_schema.registry.json","signal_schema.registry.json","849","5/5/2026 8:55:08 PM"
"C:\Dev\Nexus_MASTER\public\data\intelligence\L10","L10",,"5/6/2026 7:57:42 PM"
"C:\Dev\Nexus_MASTER\public\data\intelligence\L10\processed","processed",,"5/6/2026 7:57:42 PM"
"C:\Dev\Nexus_MASTER\public\data\intelligence\layers","layers",,"5/5/2026 5:55:30 PM"
"C:\Dev\Nexus_MASTER\public\data\intelligence\layers\intelligence_layers.registry.json","intelligence_layers.registry.json","4365","5/5/2026 5:55:30 PM"
"C:\Dev\Nexus_MASTER\public\data\intelligence\outputs","outputs",,"5/6/2026 8:12:01 PM"
"C:\Dev\Nexus_MASTER\public\data\intelligence\outputs\entity_deduplication_output.json","entity_deduplication_output.json","9088","5/6/2026 7:30:00 PM"
"C:\Dev\Nexus_MASTER\public\data\intelligence\outputs\L01_FEDERAL_INTELLIGENCE.normalized.json","L01_FEDERAL_INTELLIGENCE.normalized.json","299","5/6/2026 12:42:33 AM"
"C:\Dev\Nexus_MASTER\public\data\intelligence\outputs\L02_STATE_INTELLIGENCE.normalized.json","L02_STATE_INTELLIGENCE.normalized.json","297","5/6/2026 12:42:33 AM"
"C:\Dev\Nexus_MASTER\public\data\intelligence\outputs\L03_LOCAL_AGENCY_INTELLIGENCE.normalized.json","L03_LOCAL_AGENCY_INTELLIGENCE.normalized.json","48337","5/6/2026 6:28:10 AM"
"C:\Dev\Nexus_MASTER\public\data\intelligence\outputs\L04_TRAINING_INFRASTRUCTURE.normalized.json","L04_TRAINING_INFRASTRUCTURE.normalized.json","302","5/6/2026 12:42:33 AM"
"C:\Dev\Nexus_MASTER\public\data\intelligence\outputs\L05_BUDGET_AND_FUNDING.normalized.json","L05_BUDGET_AND_FUNDING.normalized.json","297","5/6/2026 12:42:33 AM"
"C:\Dev\Nexus_MASTER\public\data\intelligence\outputs\L06_BEHAVIORAL_ACTIVITY.normalized.json","L06_BEHAVIORAL_ACTIVITY.normalized.json","298","5/6/2026 12:42:33 AM"
"C:\Dev\Nexus_MASTER\public\data\intelligence\outputs\L07_GEOGRAPHIC_TERRITORY.normalized.json","L07_GEOGRAPHIC_TERRITORY.normalized.json","299","5/6/2026 12:42:33 AM"
"C:\Dev\Nexus_MASTER\public\data\intelligence\outputs\L08_COMMAND_STRUCTURE.normalized.json","L08_COMMAND_STRUCTURE.normalized.json","296","5/6/2026 12:42:33 AM"
"C:\Dev\Nexus_MASTER\public\data\intelligence\outputs\L09_PROCUREMENT_INTELLIGENCE.normalized.json","L09_PROCUREMENT_INTELLIGENCE.normalized.json","303","5/6/2026 12:42:33 AM"
"C:\Dev\Nexus_MASTER\public\data\intelligence\outputs\L10_communication_confidence_weighting.json","L10_communication_confidence_weighting.json","35942","5/6/2026 8:07:19 PM"
"C:\Dev\Nexus_MASTER\public\data\intelligence\outputs\L10_COMMUNICATION_INTELLIGENCE.normalized.json","L10_COMMUNICATION_INTELLIGENCE.normalized.json","59085","5/6/2026 8:04:48 PM"
"C:\Dev\Nexus_MASTER\public\data\intelligence\outputs\L10_contact_freshness_weighting.json","L10_contact_freshness_weighting.json","2433","5/6/2026 7:38:57 PM"
"C:\Dev\Nexus_MASTER\public\data\intelligence\outputs\L10_contact_score_refinement.json","L10_contact_score_refinement.json","35836","5/6/2026 8:04:49 PM"
"C:\Dev\Nexus_MASTER\public\data\intelligence\outputs\L10_fallback_route_scoring.json","L10_fallback_route_scoring.json","28670","5/6/2026 8:08:37 PM"
"C:\Dev\Nexus_MASTER\public\data\intelligence\outputs\L10_outreach_readiness_synthesis.json","L10_outreach_readiness_synthesis.json","64708","5/6/2026 8:12:01 PM"
"C:\Dev\Nexus_MASTER\public\data\intelligence\outputs\L11_INCIDENT_AND_RISK.normalized.json","L11_INCIDENT_AND_RISK.normalized.json","296","5/6/2026 12:42:33 AM"
"C:\Dev\Nexus_MASTER\public\data\intelligence\outputs\L12_ENGAGEMENT_RESPONSE.normalized.json","L12_ENGAGEMENT_RESPONSE.normalized.json","26381","5/6/2026 6:28:10 AM"
"C:\Dev\Nexus_MASTER\public\data\intelligence\outputs\L12_engagement_state_scoring.json","L12_engagement_state_scoring.json","1234","5/6/2026 7:31:43 PM"
"C:\Dev\Nexus_MASTER\public\data\intelligence\outputs\L12_follow_up_prioritization.json","L12_follow_up_prioritization.json","1798","5/6/2026 7:31:43 PM"
"C:\Dev\Nexus_MASTER\public\data\intelligence\outputs\L12_relationship_strength_scoring.json","L12_relationship_strength_scoring.json","1416","5/6/2026 7:31:43 PM"
"C:\Dev\Nexus_MASTER\public\data\intelligence\outputs\L12_response_quality_weighting.json","L12_response_quality_weighting.json","1447","5/6/2026 7:31:43 PM"
"C:\Dev\Nexus_MASTER\public\data\intelligence\outputs\normalization.registry.json","normalization.registry.json","3048","5/5/2026 6:05:19 PM"
"C:\Dev\Nexus_MASTER\public\data\intelligence\outputs\unified_dossier_synthesis.json","unified_dossier_synthesis.json","25774","5/6/2026 7:30:00 PM"
"C:\Dev\Nexus_MASTER\public\data\intelligence\outputs\unified_entity_fusion_output.json","unified_entity_fusion_output.json","133343","5/6/2026 6:28:10 AM"
"C:\Dev\Nexus_MASTER\public\data\intelligence\outputs\unified_entity_intelligence_index.json","unified_entity_intelligence_index.json","5191","5/6/2026 7:30:00 PM"
"C:\Dev\Nexus_MASTER\public\data\intelligence\outputs\unified_normalized_output_shell.json","unified_normalized_output_shell.json","279","5/6/2026 12:42:33 AM"
"C:\Dev\Nexus_MASTER\public\data\intelligence\outputs\unified_score_aggregation.json","unified_score_aggregation.json","22065","5/6/2026 7:30:00 PM"
"C:\Dev\Nexus_MASTER\public\data\intelligence\runtime","runtime",,"5/6/2026 7:28:10 PM"
"C:\Dev\Nexus_MASTER\public\data\intelligence\runtime\adapter_framework.registry.json","adapter_framework.registry.json","1478","5/5/2026 8:17:52 PM"
"C:\Dev\Nexus_MASTER\public\data\intelligence\runtime\connector_health_monitor.json","connector_health_monitor.json","2422","5/6/2026 6:05:29 AM"
"C:\Dev\Nexus_MASTER\public\data\intelligence\runtime\connector_implementation_priority.registry.json","connector_implementation_priority.registry.json","1622","5/6/2026 6:17:40 AM"
"C:\Dev\Nexus_MASTER\public\data\intelligence\runtime\cross_layer_dependency_graph.json","cross_layer_dependency_graph.json","1440","5/6/2026 12:50:58 AM"
"C:\Dev\Nexus_MASTER\public\data\intelligence\runtime\dossier_validation_engine.registry.json","dossier_validation_engine.registry.json","646","5/5/2026 8:57:53 PM"
"C:\Dev\Nexus_MASTER\public\data\intelligence\runtime\entity_validation_engine.registry.json","entity_validation_engine.registry.json","690","5/5/2026 8:57:53 PM"
"C:\Dev\Nexus_MASTER\public\data\intelligence\runtime\first_live_source_activation_set.json","first_live_source_activation_set.json","2376","5/6/2026 6:17:40 AM"
"C:\Dev\Nexus_MASTER\public\data\intelligence\runtime\intelligence_master_runner.json","intelligence_master_runner.json","1073","5/6/2026 12:50:58 AM"
"C:\Dev\Nexus_MASTER\public\data\intelligence\runtime\intelligence_priority_build_queue.json","intelligence_priority_build_queue.json","2942","5/5/2026 10:07:03 PM"
"C:\Dev\Nexus_MASTER\public\data\intelligence\runtime\L01_federal_adapter_manifest.json","L01_federal_adapter_manifest.json","1005","5/5/2026 10:16:55 PM"
"C:\Dev\Nexus_MASTER\public\data\intelligence\runtime\L02_state_adapter_manifest.json","L02_state_adapter_manifest.json","997","5/5/2026 10:23:51 PM"
"C:\Dev\Nexus_MASTER\public\data\intelligence\runtime\L03_local_agency_adapter_manifest.json","L03_local_agency_adapter_manifest.json","1053","5/5/2026 10:29:00 PM"
"C:\Dev\Nexus_MASTER\public\data\intelligence\runtime\L04_training_adapter_manifest.json","L04_training_adapter_manifest.json","1031","5/5/2026 11:45:33 PM"
"C:\Dev\Nexus_MASTER\public\data\intelligence\runtime\L05_budget_adapter_manifest.json","L05_budget_adapter_manifest.json","975","5/5/2026 9:09:22 PM"
"C:\Dev\Nexus_MASTER\public\data\intelligence\runtime\L06_behavioral_adapter_manifest.json","L06_behavioral_adapter_manifest.json","1034","5/5/2026 9:17:46 PM"
"C:\Dev\Nexus_MASTER\public\data\intelligence\runtime\L07_geographic_adapter_manifest.json","L07_geographic_adapter_manifest.json","1028","5/5/2026 11:53:33 PM"
"C:\Dev\Nexus_MASTER\public\data\intelligence\runtime\L08_command_adapter_manifest.json","L08_command_adapter_manifest.json","987","5/5/2026 9:28:38 PM"
"C:\Dev\Nexus_MASTER\public\data\intelligence\runtime\L09_procurement_adapter_manifest.json","L09_procurement_adapter_manifest.json","1049","5/5/2026 9:36:31 PM"
"C:\Dev\Nexus_MASTER\public\data\intelligence\runtime\L10_communication_adapter_manifest.json","L10_communication_adapter_manifest.json","1049","5/6/2026 12:03:34 AM"
"C:\Dev\Nexus_MASTER\public\data\intelligence\runtime\L11_incident_risk_adapter_manifest.json","L11_incident_risk_adapter_manifest.json","1034","5/5/2026 9:40:40 PM"
"C:\Dev\Nexus_MASTER\public\data\intelligence\runtime\L12_engagement_adapter_manifest.json","L12_engagement_adapter_manifest.json","1022","5/6/2026 12:19:34 AM"
"C:\Dev\Nexus_MASTER\public\data\intelligence\runtime\layer_output_manifest.json","layer_output_manifest.json","4405","5/6/2026 12:42:33 AM"
"C:\Dev\Nexus_MASTER\public\data\intelligence\runtime\live_connector_implementation.registry.json","live_connector_implementation.registry.json","3819","5/6/2026 6:05:29 AM"
"C:\Dev\Nexus_MASTER\public\data\intelligence\runtime\live_ingestion_execution_queue.json","live_ingestion_execution_queue.json","2281","5/6/2026 12:50:58 AM"
"C:\Dev\Nexus_MASTER\public\data\intelligence\runtime\live_ingestion_parser_framework.json","live_ingestion_parser_framework.json","891","5/6/2026 6:17:40 AM"
"C:\Dev\Nexus_MASTER\public\data\intelligence\runtime\master_layer_registry.json","master_layer_registry.json","2403","5/6/2026 12:50:58 AM"
"C:\Dev\Nexus_MASTER\public\data\intelligence\runtime\production_layer_status.registry.json","production_layer_status.registry.json","551","5/5/2026 10:07:03 PM"
"C:\Dev\Nexus_MASTER\public\data\intelligence\runtime\refresh_scheduler.registry.json","refresh_scheduler.registry.json","1458","5/5/2026 8:17:52 PM"
"C:\Dev\Nexus_MASTER\public\data\intelligence\runtime\runtime_entity_cache.json","runtime_entity_cache.json","3408","5/6/2026 8:13:20 PM"
"C:\Dev\Nexus_MASTER\public\data\intelligence\runtime\runtime_handoff_manifest.json","runtime_handoff_manifest.json","1020","5/6/2026 12:42:33 AM"
"C:\Dev\Nexus_MASTER\public\data\intelligence\runtime\runtime_manifest.registry.json","runtime_manifest.registry.json","2734","5/5/2026 8:12:03 PM"
"C:\Dev\Nexus_MASTER\public\data\intelligence\runtime\scoring_validation_engine.registry.json","scoring_validation_engine.registry.json","694","5/5/2026 8:57:53 PM"
"C:\Dev\Nexus_MASTER\public\data\intelligence\runtime\signal_validation_engine.registry.json","signal_validation_engine.registry.json","686","5/5/2026 8:57:53 PM"
"C:\Dev\Nexus_MASTER\public\data\intelligence\runtime\source_refresh_execution_engine.json","source_refresh_execution_engine.json","4310","5/6/2026 6:05:29 AM"
"C:\Dev\Nexus_MASTER\public\data\intelligence\runtime\temporal_signal.registry.json","temporal_signal.registry.json","1097","5/5/2026 8:45:51 PM"
"C:\Dev\Nexus_MASTER\public\data\intelligence\runtime\unified_adapter_orchestration.registry.json","unified_adapter_orchestration.registry.json","1774","5/6/2026 12:50:58 AM"
"C:\Dev\Nexus_MASTER\public\data\intelligence\runtime\unified_evidence_ingestion_engine.json","unified_evidence_ingestion_engine.json","831","5/6/2026 6:17:40 AM"
"C:\Dev\Nexus_MASTER\public\data\intelligence\scoring","scoring",,"5/6/2026 12:19:33 AM"
"C:\Dev\Nexus_MASTER\public\data\intelligence\scoring\confidence_scoring.registry.json","confidence_scoring.registry.json","1083","5/5/2026 8:45:51 PM"
"C:\Dev\Nexus_MASTER\public\data\intelligence\scoring\cross_layer_fusion.registry.json","cross_layer_fusion.registry.json","1660","5/5/2026 8:45:51 PM"
"C:\Dev\Nexus_MASTER\public\data\intelligence\scoring\freshness_weighting.registry.json","freshness_weighting.registry.json","1561","5/5/2026 8:45:51 PM"
"C:\Dev\Nexus_MASTER\public\data\intelligence\scoring\L01_federal_scoring.registry.json","L01_federal_scoring.registry.json","1027","5/5/2026 10:16:55 PM"
"C:\Dev\Nexus_MASTER\public\data\intelligence\scoring\L02_state_scoring.registry.json","L02_state_scoring.registry.json","1059","5/5/2026 10:23:50 PM"
"C:\Dev\Nexus_MASTER\public\data\intelligence\scoring\L03_local_agency_scoring.registry.json","L03_local_agency_scoring.registry.json","1055","5/5/2026 10:29:00 PM"
"C:\Dev\Nexus_MASTER\public\data\intelligence\scoring\L04_training_scoring.registry.json","L04_training_scoring.registry.json","1083","5/5/2026 11:45:33 PM"
"C:\Dev\Nexus_MASTER\public\data\intelligence\scoring\L05_budget_scoring.registry.json","L05_budget_scoring.registry.json","975","5/5/2026 9:09:22 PM"
"C:\Dev\Nexus_MASTER\public\data\intelligence\scoring\L06_behavioral_scoring.registry.json","L06_behavioral_scoring.registry.json","1031","5/5/2026 9:17:46 PM"
"C:\Dev\Nexus_MASTER\public\data\intelligence\scoring\L07_geographic_scoring.registry.json","L07_geographic_scoring.registry.json","1013","5/5/2026 11:53:33 PM"
"C:\Dev\Nexus_MASTER\public\data\intelligence\scoring\L08_command_scoring.registry.json","L08_command_scoring.registry.json","1003","5/5/2026 9:28:38 PM"
"C:\Dev\Nexus_MASTER\public\data\intelligence\scoring\L09_procurement_scoring.registry.json","L09_procurement_scoring.registry.json","1000","5/5/2026 9:36:31 PM"
"C:\Dev\Nexus_MASTER\public\data\intelligence\scoring\L10_communication_scoring.registry.json","L10_communication_scoring.registry.json","1078","5/6/2026 12:03:34 AM"
"C:\Dev\Nexus_MASTER\public\data\intelligence\scoring\L11_incident_risk_scoring.registry.json","L11_incident_risk_scoring.registry.json","1008","5/5/2026 9:40:40 PM"
"C:\Dev\Nexus_MASTER\public\data\intelligence\scoring\L12_engagement_scoring.registry.json","L12_engagement_scoring.registry.json","991","5/6/2026 12:19:33 AM"
"C:\Dev\Nexus_MASTER\public\data\intelligence\scoring\scoring_component_schema.registry.json","scoring_component_schema.registry.json","640","5/5/2026 8:55:08 PM"
"C:\Dev\Nexus_MASTER\public\data\intelligence\scoring\scoring_orchestration.registry.json","scoring_orchestration.registry.json","1453","5/5/2026 8:12:03 PM"
"C:\Dev\Nexus_MASTER\public\data\intelligence\sources","sources",,"5/6/2026 12:19:33 AM"
"C:\Dev\Nexus_MASTER\public\data\intelligence\sources\L01_FEDERAL_INTELLIGENCE.sources.json","L01_FEDERAL_INTELLIGENCE.sources.json","2443","5/5/2026 10:16:55 PM"
"C:\Dev\Nexus_MASTER\public\data\intelligence\sources\L02_state_intelligence.sources.json","L02_state_intelligence.sources.json","2448","5/5/2026 10:23:50 PM"
"C:\Dev\Nexus_MASTER\public\data\intelligence\sources\L03_local_agency.sources.json","L03_local_agency.sources.json","982","5/5/2026 5:59:43 PM"
"C:\Dev\Nexus_MASTER\public\data\intelligence\sources\L03_LOCAL_AGENCY_INTELLIGENCE.sources.json","L03_LOCAL_AGENCY_INTELLIGENCE.sources.json","2486","5/5/2026 10:29:00 PM"
"C:\Dev\Nexus_MASTER\public\data\intelligence\sources\L04_training_infrastructure.sources.json","L04_training_infrastructure.sources.json","2589","5/5/2026 11:45:33 PM"
"C:\Dev\Nexus_MASTER\public\data\intelligence\sources\L05_BUDGET_AND_FUNDING.sources.json","L05_BUDGET_AND_FUNDING.sources.json","2403","5/5/2026 9:09:22 PM"
"C:\Dev\Nexus_MASTER\public\data\intelligence\sources\L06_BEHAVIORAL_ACTIVITY.sources.json","L06_BEHAVIORAL_ACTIVITY.sources.json","2501","5/5/2026 9:17:46 PM"
"C:\Dev\Nexus_MASTER\public\data\intelligence\sources\L07_GEOGRAPHIC_TERRITORY.sources.json","L07_GEOGRAPHIC_TERRITORY.sources.json","2467","5/5/2026 11:53:32 PM"
"C:\Dev\Nexus_MASTER\public\data\intelligence\sources\L08_COMMAND_STRUCTURE.sources.json","L08_COMMAND_STRUCTURE.sources.json","2478","5/5/2026 9:28:38 PM"
"C:\Dev\Nexus_MASTER\public\data\intelligence\sources\L09_PROCUREMENT_INTELLIGENCE.sources.json","L09_PROCUREMENT_INTELLIGENCE.sources.json","2384","5/5/2026 9:36:31 PM"
"C:\Dev\Nexus_MASTER\public\data\intelligence\sources\L10_communication_channels.sources.json","L10_communication_channels.sources.json","996","5/5/2026 5:59:56 PM"
"C:\Dev\Nexus_MASTER\public\data\intelligence\sources\L10_COMMUNICATION_INTELLIGENCE.sources.json","L10_COMMUNICATION_INTELLIGENCE.sources.json","2481","5/6/2026 12:03:34 AM"
"C:\Dev\Nexus_MASTER\public\data\intelligence\sources\L11_INCIDENT_AND_RISK.sources.json","L11_INCIDENT_AND_RISK.sources.json","2492","5/5/2026 9:40:40 PM"
"C:\Dev\Nexus_MASTER\public\data\intelligence\sources\L12_ENGAGEMENT_RESPONSE.sources.json","L12_ENGAGEMENT_RESPONSE.sources.json","2534","5/6/2026 12:19:33 AM"
"C:\Dev\Nexus_MASTER\public\data\intelligence\sources\layer_source_catalog_index.json","layer_source_catalog_index.json","2995","5/5/2026 9:06:08 PM"
"C:\Dev\Nexus_MASTER\public\data\intelligence\sources\national_source_coverage_matrix.json","national_source_coverage_matrix.json","1931","5/5/2026 10:07:03 PM"
"C:\Dev\Nexus_MASTER\public\data\intelligence\sources\source_gap_analysis.json","source_gap_analysis.json","2718","5/5/2026 10:07:03 PM"
"C:\Dev\Nexus_MASTER\public\data\leads_master.json","leads_master.json","357513","4/9/2026 9:12:44 PM"
"C:\Dev\Nexus_MASTER\public\data\leads_schema.json","leads_schema.json","1030","12/19/2025 6:24:49 AM"
"C:\Dev\Nexus_MASTER\public\data\sources","sources",,"5/1/2026 5:06:55 PM"
"C:\Dev\Nexus_MASTER\public\data\sources\local_public_safety_budgets.json","local_public_safety_budgets.json","91707","5/1/2026 5:06:55 PM"
"C:\Dev\Nexus_MASTER\public\Eugene_detailing.json","Eugene_detailing.json","4331","11/15/2025 9:47:35 PM"
"C:\Dev\Nexus_MASTER\public\eugene_detailing_raw.json","eugene_detailing_raw.json","4148","11/15/2025 9:28:20 PM"
"C:\Dev\Nexus_MASTER\public\Fetch-DevEndpoints.ps1","Fetch-DevEndpoints.ps1","1285","1/18/2026 11:37:54 AM"
"C:\Dev\Nexus_MASTER\public\Generate_detailing_leads.py","Generate_detailing_leads.py","2583","11/15/2025 9:46:07 PM"
"C:\Dev\Nexus_MASTER\public\globe","globe",,"4/25/2026 8:33:25 PM"
"C:\Dev\Nexus_MASTER\public\globe\atmo_halo.js","atmo_halo.js","5956","4/22/2026 9:00:52 PM"
"C:\Dev\Nexus_MASTER\public\globe\city_loader.js","city_loader.js","5196","4/8/2026 10:45:13 PM"
"C:\Dev\Nexus_MASTER\public\globe\city_map.js","city_map.js","64418","5/2/2026 7:23:02 PM"
"C:\Dev\Nexus_MASTER\public\globe\city_tiles.js","city_tiles.js","7737","4/9/2026 6:16:43 PM"
"C:\Dev\Nexus_MASTER\public\globe\city_view.js","city_view.js","5849","3/26/2026 9:24:51 PM"
"C:\Dev\Nexus_MASTER\public\globe\client_config.v1.js","client_config.v1.js","11036","4/30/2026 5:44:05 PM"
"C:\Dev\Nexus_MASTER\public\globe\core.js","core.js","30615","4/21/2026 10:34:04 PM"
"C:\Dev\Nexus_MASTER\public\globe\data_loader.js","data_loader.js","4938","3/30/2026 9:40:53 PM"
"C:\Dev\Nexus_MASTER\public\globe\debug","debug",,"4/16/2026 9:29:49 PM"
"C:\Dev\Nexus_MASTER\public\globe\debug\city_map_validation.js","city_map_validation.js","1362","4/16/2026 9:07:38 PM"
"C:\Dev\Nexus_MASTER\public\globe\debug\law_enforcement_citymap_debug.js","law_enforcement_citymap_debug.js","1059","4/16/2026 9:07:38 PM"
"C:\Dev\Nexus_MASTER\public\globe\dossier_templates","dossier_templates",,"4/16/2026 9:27:11 PM"
"C:\Dev\Nexus_MASTER\public\globe\dossier_templates\law_enforcement_dossier.js","law_enforcement_dossier.js","2042","4/16/2026 9:07:38 PM"
"C:\Dev\Nexus_MASTER\public\globe\dossiers.js","dossiers.js","30704","5/2/2026 4:22:56 PM"
"C:\Dev\Nexus_MASTER\public\globe\integrations","integrations",,"4/16/2026 9:29:08 PM"
"C:\Dev\Nexus_MASTER\public\globe\integrations\law_enforcement_adapter.js","law_enforcement_adapter.js","875","4/17/2026 12:43:33 AM"
"C:\Dev\Nexus_MASTER\public\globe\integrations\law_enforcement_citymap_integration.js","law_enforcement_citymap_integration.js","5902","4/17/2026 12:41:09 AM"
"C:\Dev\Nexus_MASTER\public\globe\integrations\law_enforcement_dossier_renderer.js","law_enforcement_dossier_renderer.js","1519","4/16/2026 9:07:38 PM"
"C:\Dev\Nexus_MASTER\public\globe\integrations\law_enforcement_loader_example.js","law_enforcement_loader_example.js","835","4/16/2026 9:07:38 PM"
"C:\Dev\Nexus_MASTER\public\globe\integrity.js","integrity.js","14262","3/29/2026 8:32:25 AM"
"C:\Dev\Nexus_MASTER\public\globe\intel","intel",,"5/1/2026 7:53:48 PM"
"C:\Dev\Nexus_MASTER\public\globe\intel\adapters","adapters",,"4/16/2026 8:00:28 PM"
"C:\Dev\Nexus_MASTER\public\globe\intel\adapters\private_primary.adapter.js","private_primary.adapter.js","7447","3/29/2026 9:36:58 AM"
"C:\Dev\Nexus_MASTER\public\globe\intel\clients","clients",,"5/1/2026 7:11:19 PM"
"C:\Dev\Nexus_MASTER\public\globe\intel\clients\black dragon","black dragon",,"5/1/2026 7:17:38 PM"
"C:\Dev\Nexus_MASTER\public\globe\intel\clients\black dragon\archive","archive",,"4/30/2026 6:10:48 PM"
"C:\Dev\Nexus_MASTER\public\globe\intel\clients\black dragon\black_dragon_enrichment_rules.v1.json","black_dragon_enrichment_rules.v1.json","0","5/3/2026 11:04:35 AM"
"C:\Dev\Nexus_MASTER\public\globe\intel\clients\black dragon\exports","exports",,"4/30/2026 6:10:39 PM"
"C:\Dev\Nexus_MASTER\public\globe\intel\clients\black dragon\sources","sources",,"4/30/2026 6:10:33 PM"
"C:\Dev\Nexus_MASTER\public\globe\intel\clients\black_dragon.client_preset.bridge.js","black_dragon.client_preset.bridge.js","4474","4/30/2026 5:17:06 PM"
"C:\Dev\Nexus_MASTER\public\globe\intel\clients\black_dragon.data_loader.js","black_dragon.data_loader.js","4391","4/30/2026 6:19:03 PM"
"C:\Dev\Nexus_MASTER\public\globe\intel\clients\black_dragon.dossier.adapter.js","black_dragon.dossier.adapter.js","5344","4/29/2026 9:56:34 PM"
"C:\Dev\Nexus_MASTER\public\globe\intel\clients\black_dragon.dossier_layer.enhancer.js","black_dragon.dossier_layer.enhancer.js","1580","4/30/2026 6:08:52 AM"
"C:\Dev\Nexus_MASTER\public\globe\intel\clients\black_dragon.enrichment.adapter.js","black_dragon.enrichment.adapter.js","7423","5/1/2026 5:18:56 PM"
"C:\Dev\Nexus_MASTER\public\globe\intel\clients\black_dragon.intake.config.js","black_dragon.intake.config.js","8176","4/29/2026 9:29:55 PM"
"C:\Dev\Nexus_MASTER\public\globe\intel\clients\black_dragon.integrity.check.js","black_dragon.integrity.check.js","2747","4/30/2026 6:29:39 AM"
"C:\Dev\Nexus_MASTER\public\globe\intel\clients\black_dragon.layer_bridge.js","black_dragon.layer_bridge.js","1344","4/30/2026 6:08:16 AM"
"C:\Dev\Nexus_MASTER\public\globe\intel\clients\black_dragon.lead_normalizer.js","black_dragon.lead_normalizer.js","9303","5/1/2026 5:43:56 PM"
"C:\Dev\Nexus_MASTER\public\globe\intel\clients\black_dragon.pipeline.adapter.js","black_dragon.pipeline.adapter.js","7282","4/29/2026 9:37:53 PM"
"C:\Dev\Nexus_MASTER\public\globe\intel\clients\black_dragon.processor.v1.js","black_dragon.processor.v1.js","2588","4/30/2026 6:09:46 AM"
"C:\Dev\Nexus_MASTER\public\globe\intel\clients\black_dragon.scoring.adapter.js","black_dragon.scoring.adapter.js","7542","5/1/2026 6:48:24 PM"
"C:\Dev\Nexus_MASTER\public\globe\intel\clients\black_dragon.signal_definitions.js","black_dragon.signal_definitions.js","12890","4/29/2026 9:30:33 PM"
"C:\Dev\Nexus_MASTER\public\globe\intel\clients\black_dragon_signal_definitions.v1.json","black_dragon_signal_definitions.v1.json","4322","5/1/2026 7:11:19 PM"
"C:\Dev\Nexus_MASTER\public\globe\intel\clients\lead_output.schema.json","lead_output.schema.json","2826","4/29/2026 9:51:33 PM"
"C:\Dev\Nexus_MASTER\public\globe\intel\layers","layers",,"4/30/2026 5:47:08 PM"
"C:\Dev\Nexus_MASTER\public\globe\intel\layers\black_dragon.processor.v1.js","black_dragon.processor.v1.js","2704","4/30/2026 5:47:10 PM"
"C:\Dev\Nexus_MASTER\public\globe\intel\layers\intelligence_layers.registry.js","intelligence_layers.registry.js","15551","4/29/2026 10:19:03 PM"
"C:\Dev\Nexus_MASTER\public\globe\intel\layers\layer_integrity.check.js","layer_integrity.check.js","2747","4/30/2026 6:10:28 AM"
"C:\Dev\Nexus_MASTER\public\globe\intel\layers\layer_score.engine.v1.js","layer_score.engine.v1.js","4155","4/30/2026 6:07:26 AM"
"C:\Dev\Nexus_MASTER\public\globe\intel\layers\layer_weights.v1.js","layer_weights.v1.js","4725","4/30/2026 6:03:25 AM"
"C:\Dev\Nexus_MASTER\public\globe\intel\layers\source_catalog.completion.v1.js","source_catalog.completion.v1.js","5933","4/30/2026 6:06:10 AM"
"C:\Dev\Nexus_MASTER\public\globe\intel\layers\source_catalog.v1.js","source_catalog.v1.js","28147","4/30/2026 6:01:20 AM"
"C:\Dev\Nexus_MASTER\public\globe\intel\pipeline.js","pipeline.js","5390","3/29/2026 9:33:34 AM"
"C:\Dev\Nexus_MASTER\public\globe\intel\registry.js","registry.js","4513","3/29/2026 9:33:11 AM"
"C:\Dev\Nexus_MASTER\public\globe\intel\sources","sources",,"5/2/2026 11:52:06 AM"
"C:\Dev\Nexus_MASTER\public\globe\intel\sources\black_dragon_source_registry.loader.js","black_dragon_source_registry.loader.js","1973","5/1/2026 7:54:03 PM"
"C:\Dev\Nexus_MASTER\public\globe\intel\sources\black_dragon_state_agency_directory_registry.loader.js","black_dragon_state_agency_directory_registry.loader.js","3016","5/2/2026 11:52:13 AM"
"C:\Dev\Nexus_MASTER\public\globe\interaction.js","interaction.js","27439","5/2/2026 4:42:39 PM"
"C:\Dev\Nexus_MASTER\public\globe\interractions","interractions",,"4/16/2026 9:10:01 PM"
"C:\Dev\Nexus_MASTER\public\globe\layers.js","layers.js","20181","4/21/2026 6:05:42 PM"
"C:\Dev\Nexus_MASTER\public\globe\nodes.founder.v1.js","nodes.founder.v1.js","23325","5/2/2026 5:36:01 PM"
"C:\Dev\Nexus_MASTER\public\globe\postfx.js","postfx.js","8960","4/21/2026 7:26:37 PM"
"C:\Dev\Nexus_MASTER\public\globe\scoring.v1.js","scoring.v1.js","4274","3/29/2026 9:07:10 AM"
"C:\Dev\Nexus_MASTER\public\globe\shader_veins.js","shader_veins.js","10590","4/21/2026 4:38:14 PM"
"C:\Dev\Nexus_MASTER\public\globe\sun_sheen.js","sun_sheen.js","6344","4/21/2026 9:28:47 PM"
"C:\Dev\Nexus_MASTER\public\globe\telemetry.js","telemetry.js","3851","3/29/2026 8:05:53 AM"
"C:\Dev\Nexus_MASTER\public\globe\textures.js","textures.js","6576","4/20/2026 5:21:19 PM"
"C:\Dev\Nexus_MASTER\public\globe\ui.js","ui.js","32705","5/4/2026 6:59:55 PM"
"C:\Dev\Nexus_MASTER\public\globe\umbra_data.v1.js","umbra_data.v1.js","16234","5/3/2026 11:03:34 AM"
"C:\Dev\Nexus_MASTER\public\globe\umbra_logo.js","umbra_logo.js","3589","4/25/2026 10:30:29 AM"
"C:\Dev\Nexus_MASTER\public\Guard-ReleaseLock.ps1","Guard-ReleaseLock.ps1","739","1/18/2026 11:46:48 AM"
"C:\Dev\Nexus_MASTER\public\index.html","index.html","6022","4/26/2026 2:26:31 PM"
"C:\Dev\Nexus_MASTER\public\Intel docs","Intel docs",,"4/16/2026 8:00:29 PM"
"C:\Dev\Nexus_MASTER\public\leads.json","leads.json","1726","11/13/2025 9:46:47 PM"
"C:\Dev\Nexus_MASTER\public\leads.py","leads.py","19602","11/8/2025 6:10:51 PM"
"C:\Dev\Nexus_MASTER\public\leads_master.csv","leads_master.csv","104","11/8/2025 9:57:01 PM"
"C:\Dev\Nexus_MASTER\public\modes","modes",,"4/16/2026 8:00:26 PM"
"C:\Dev\Nexus_MASTER\public\modes\detailing_sandbox.json","detailing_sandbox.json","1061","11/15/2025 7:21:05 PM"
"C:\Dev\Nexus_MASTER\public\modes\forerunner.json","forerunner.json","349","10/26/2025 1:55:41 PM"
"C:\Dev\Nexus_MASTER\public\modes\Untitled-1.json","Untitled-1.json","1061","11/15/2025 7:19:39 PM"
"C:\Dev\Nexus_MASTER\public\New Text Document.txt","New Text Document.txt","0","10/28/2025 3:41:58 PM"
"C:\Dev\Nexus_MASTER\public\nexus_leads.py","nexus_leads.py","10995","11/8/2025 8:49:29 PM"
"C:\Dev\Nexus_MASTER\public\nexus_leads_old.py","nexus_leads_old.py","9411","11/8/2025 8:17:27 PM"
"C:\Dev\Nexus_MASTER\public\nexus_runs.log","nexus_runs.log","72","11/8/2025 9:57:01 PM"
"C:\Dev\Nexus_MASTER\public\nexus_spec","nexus_spec",,"4/16/2026 8:00:26 PM"
"C:\Dev\Nexus_MASTER\public\nexus_spec\dossier_schema.v1.json","dossier_schema.v1.json","3000","1/25/2026 8:40:25 PM"
"C:\Dev\Nexus_MASTER\public\nexus_spec\scoring_signals.v1.json","scoring_signals.v1.json","2901","1/25/2026 8:39:57 PM"
"C:\Dev\Nexus_MASTER\public\nexus_spec\vertical_template.v1.json","vertical_template.v1.json","1112","1/25/2026 8:40:44 PM"
"C:\Dev\Nexus_MASTER\public\Release-Pipeline.ps1","Release-Pipeline.ps1","1874","1/18/2026 11:47:12 AM"
"C:\Dev\Nexus_MASTER\public\scene.js","scene.js","20501","4/22/2026 8:38:54 PM"
"C:\Dev\Nexus_MASTER\public\scoring_engine.py","scoring_engine.py","3346","11/15/2025 9:41:54 PM"
"C:\Dev\Nexus_MASTER\public\scripts","scripts",,"4/16/2026 8:00:26 PM"
"C:\Dev\Nexus_MASTER\public\scripts\download_city_tiles.mjs","download_city_tiles.mjs","9929","3/30/2026 10:40:44 PM"
"C:\Dev\Nexus_MASTER\public\scripts\intel","intel",,"4/29/2026 10:17:44 PM"
"C:\Dev\Nexus_MASTER\public\scripts\intel\behavioral_scoring.js","behavioral_scoring.js","2541","12/20/2025 4:04:23 PM"
"C:\Dev\Nexus_MASTER\public\scripts\intel\business_licensing_intel.js","business_licensing_intel.js","1626","12/20/2025 3:57:20 PM"
"C:\Dev\Nexus_MASTER\public\scripts\intel\demographic_overlay.js","demographic_overlay.js","1602","12/20/2025 4:01:18 PM"
"C:\Dev\Nexus_MASTER\public\scripts\intel\intel_config_loader.js","intel_config_loader.js","1039","12/20/2025 3:47:33 PM"
"C:\Dev\Nexus_MASTER\public\scripts\intel\intel_fusion_engine.js","intel_fusion_engine.js","2674","12/20/2025 3:52:32 PM"
"C:\Dev\Nexus_MASTER\public\scripts\intel\intel_scoring.js","intel_scoring.js","4034","12/20/2025 3:49:58 PM"
"C:\Dev\Nexus_MASTER\public\scripts\intel\intelligence_layers.registry.js","intelligence_layers.registry.js","15551","4/29/2026 10:17:44 PM"
"C:\Dev\Nexus_MASTER\public\scripts\intel\legal_flags_intel.js","legal_flags_intel.js","1358","12/20/2025 3:59:56 PM"
"C:\Dev\Nexus_MASTER\public\scripts\intel\property_intel.js","property_intel.js","1555","12/20/2025 3:56:09 PM"
"C:\Dev\Nexus_MASTER\public\scripts\intel\wealth_inference_engine.js","wealth_inference_engine.js","2293","12/20/2025 4:03:34 PM"
"C:\Dev\Nexus_MASTER\public\scripts\nexusCore.js","nexusCore.js","3379","11/14/2025 8:48:56 AM"
"C:\Dev\Nexus_MASTER\public\Smoke-Nexus.ps1","Smoke-Nexus.ps1","2016","1/18/2026 11:40:44 AM"
"C:\Dev\Nexus_MASTER\public\style.css","style.css","30486","4/26/2026 2:28:43 PM"
"C:\Dev\Nexus_MASTER\public\textures.js","textures.js","2646","1/17/2026 11:13:46 AM"
"C:\Dev\Nexus_MASTER\public\umbra_logo.js","umbra_logo.js","2063","4/23/2026 4:54:43 PM"
"C:\Dev\Nexus_MASTER\public\Validate-LeadsMasterJson.ps1","Validate-LeadsMasterJson.ps1","3655","1/18/2026 11:38:32 AM"
"C:\Dev\Nexus_MASTER\public\vendor","vendor",,"4/20/2026 7:58:19 PM"
"C:\Dev\Nexus_MASTER\public\vendor\postprocessing","postprocessing",,"4/20/2026 9:01:55 PM"
"C:\Dev\Nexus_MASTER\public\vendor\postprocessing\CopyShader.js","CopyShader.js","571","4/20/2026 9:01:10 PM"
"C:\Dev\Nexus_MASTER\public\vendor\postprocessing\EffectComposer.js","EffectComposer.js","2359","4/20/2026 9:02:19 PM"
"C:\Dev\Nexus_MASTER\public\vendor\postprocessing\LuminosityHighPassShader.js","LuminosityHighPassShader.js","1082","4/20/2026 9:01:31 PM"
"C:\Dev\Nexus_MASTER\public\vendor\postprocessing\Pass.js","Pass.js","1157","4/20/2026 9:00:50 PM"
"C:\Dev\Nexus_MASTER\public\vendor\postprocessing\RenderPass.js","RenderPass.js","1861","4/20/2026 9:02:39 PM"
"C:\Dev\Nexus_MASTER\public\vendor\postprocessing\ShaderPass.js","ShaderPass.js","1238","4/20/2026 9:01:55 PM"
"C:\Dev\Nexus_MASTER\public\vendor\postprocessing\UnrealBloomPass.js","UnrealBloomPass.js","11659","4/20/2026 9:02:56 PM"
"C:\Dev\Nexus_MASTER\public\vendor\three.min.js","three.min.js","669884","11/14/2025 6:30:02 PM"
"C:\Dev\Nexus_MASTER\public\Verify-ReleaseManifest.ps1","Verify-ReleaseManifest.ps1","1524","1/18/2026 11:45:33 AM"
"C:\Dev\Nexus_MASTER\public\Write-ReleaseLockMD.ps1","Write-ReleaseLockMD.ps1","1671","1/18/2026 11:46:29 AM"
"C:\Dev\Nexus_MASTER\README.md","README.md","767","10/25/2025 8:07:56 PM"
"C:\Dev\Nexus_MASTER\README.txt","README.txt","580","4/10/2026 9:24:41 AM"
"C:\Dev\Nexus_MASTER\scripts","scripts",,"5/5/2026 5:55:24 PM"
"C:\Dev\Nexus_MASTER\scripts\black_dragon_agency_website_enrichment.js","black_dragon_agency_website_enrichment.js","3495","5/2/2026 9:55:42 AM"
"C:\Dev\Nexus_MASTER\scripts\black_dragon_build_city_index.js","black_dragon_build_city_index.js","2075","5/1/2026 7:04:46 PM"
"C:\Dev\Nexus_MASTER\scripts\black_dragon_build_coverage_report.js","black_dragon_build_coverage_report.js","3450","5/2/2026 9:50:17 AM"
"C:\Dev\Nexus_MASTER\scripts\black_dragon_build_major_city_targets.js","black_dragon_build_major_city_targets.js","8590","5/2/2026 9:36:16 AM"
"C:\Dev\Nexus_MASTER\scripts\black_dragon_build_state_directory_manifest.js","black_dragon_build_state_directory_manifest.js","2299","5/2/2026 11:59:42 AM"
"C:\Dev\Nexus_MASTER\scripts\black_dragon_city_coverage_report.js","black_dragon_city_coverage_report.js","3336","5/2/2026 9:55:36 AM"
"C:\Dev\Nexus_MASTER\scripts\black_dragon_expand_targets_per_city.js","black_dragon_expand_targets_per_city.js","5309","5/2/2026 11:10:20 AM"
"C:\Dev\Nexus_MASTER\scripts\black_dragon_ingest_sources.js","black_dragon_ingest_sources.js","2017","5/1/2026 8:13:00 PM"
"C:\Dev\Nexus_MASTER\scripts\black_dragon_merge_ca_fl_authority_targets.js","black_dragon_merge_ca_fl_authority_targets.js","7020","5/2/2026 1:19:11 PM"
"C:\Dev\Nexus_MASTER\scripts\black_dragon_merge_expansion_candidates.js","black_dragon_merge_expansion_candidates.js","6410","5/2/2026 11:25:33 AM"
"C:\Dev\Nexus_MASTER\scripts\black_dragon_merge_ny_authority_targets.js","black_dragon_merge_ny_authority_targets.js","5587","5/2/2026 12:38:30 PM"
"C:\Dev\Nexus_MASTER\scripts\black_dragon_phase2_dataset_patch.js","black_dragon_phase2_dataset_patch.js","4672","5/1/2026 6:35:42 PM"
"C:\Dev\Nexus_MASTER\scripts\clients","clients",,"5/4/2026 7:20:55 PM"
"C:\Dev\Nexus_MASTER\scripts\clients\black_dragon","black_dragon",,"5/5/2026 7:25:08 PM"
"C:\Dev\Nexus_MASTER\scripts\clients\black_dragon\append_ca_verified_contact.js","append_ca_verified_contact.js","4543","5/5/2026 5:34:04 PM"
"C:\Dev\Nexus_MASTER\scripts\clients\black_dragon\append_manual_verified_contact.js","append_manual_verified_contact.js","2968","5/4/2026 10:45:06 PM"
"C:\Dev\Nexus_MASTER\scripts\clients\black_dragon\append_tx_verified_contact.js","append_tx_verified_contact.js","2797","5/5/2026 7:25:08 PM"
"C:\Dev\Nexus_MASTER\scripts\clients\black_dragon\black_dragon_final_account_audit.js","black_dragon_final_account_audit.js","8401","5/4/2026 10:01:14 PM"
"C:\Dev\Nexus_MASTER\scripts\clients\black_dragon\build_50_state_source_registry.js","build_50_state_source_registry.js","3679","5/4/2026 11:38:42 PM"
"C:\Dev\Nexus_MASTER\scripts\clients\black_dragon\build_black_dragon_client_sync.js","build_black_dragon_client_sync.js","2806","5/5/2026 6:14:44 PM"
"C:\Dev\Nexus_MASTER\scripts\clients\black_dragon\build_ca_manual_verification_queue.js","build_ca_manual_verification_queue.js","1404","5/5/2026 5:30:32 PM"
"C:\Dev\Nexus_MASTER\scripts\clients\black_dragon\build_ca_review_shortlist.js","build_ca_review_shortlist.js","3440","5/5/2026 5:26:50 PM"
"C:\Dev\Nexus_MASTER\scripts\clients\black_dragon\build_candidate_review_shortlist.js","build_candidate_review_shortlist.js","5004","5/4/2026 8:18:13 PM"
"C:\Dev\Nexus_MASTER\scripts\clients\black_dragon\build_city_normalization_registry.js","build_city_normalization_registry.js","821","5/5/2026 6:33:04 PM"
"C:\Dev\Nexus_MASTER\scripts\clients\black_dragon\build_client_dossier_index.js","build_client_dossier_index.js","1017","5/5/2026 6:40:44 PM"
"C:\Dev\Nexus_MASTER\scripts\clients\black_dragon\build_client_handoff_package.js","build_client_handoff_package.js","1757","5/5/2026 7:05:25 PM"
"C:\Dev\Nexus_MASTER\scripts\clients\black_dragon\build_dossier_export_bridge.js","build_dossier_export_bridge.js","800","5/5/2026 6:17:26 PM"
"C:\Dev\Nexus_MASTER\scripts\clients\black_dragon\build_dossier_targets.js","build_dossier_targets.js","3369","5/5/2026 6:12:24 PM"
"C:\Dev\Nexus_MASTER\scripts\clients\black_dragon\build_execution_state_bridge.js","build_execution_state_bridge.js","672","5/5/2026 6:17:30 PM"
"C:\Dev\Nexus_MASTER\scripts\clients\black_dragon\build_founder_control_summary.js","build_founder_control_summary.js","1297","5/5/2026 7:05:26 PM"
"C:\Dev\Nexus_MASTER\scripts\clients\black_dragon\build_full_account_audit.js","build_full_account_audit.js","2699","5/5/2026 7:05:24 PM"
"C:\Dev\Nexus_MASTER\scripts\clients\black_dragon\build_geocode_cache.js","build_geocode_cache.js","1268","5/5/2026 6:32:59 PM"
"C:\Dev\Nexus_MASTER\scripts\clients\black_dragon\build_geographic_intelligence_layer.js","build_geographic_intelligence_layer.js","1819","5/5/2026 6:33:10 PM"
"C:\Dev\Nexus_MASTER\scripts\clients\black_dragon\build_globe_data_adapter.js","build_globe_data_adapter.js","1475","5/5/2026 6:40:39 PM"
"C:\Dev\Nexus_MASTER\scripts\clients\black_dragon\build_globe_sync_export.js","build_globe_sync_export.js","1685","5/5/2026 6:24:44 PM"
"C:\Dev\Nexus_MASTER\scripts\clients\black_dragon\build_intelligence_refresh_ledger.js","build_intelligence_refresh_ledger.js","1123","5/5/2026 6:24:23 PM"
"C:\Dev\Nexus_MASTER\scripts\clients\black_dragon\build_launch_readiness_report.js","build_launch_readiness_report.js","1468","5/5/2026 7:05:24 PM"
"C:\Dev\Nexus_MASTER\scripts\clients\black_dragon\build_live_ingestion_manifest.js","build_live_ingestion_manifest.js","2152","5/5/2026 6:24:14 PM"
"C:\Dev\Nexus_MASTER\scripts\clients\black_dragon\build_national_state_expansion_audit.js","build_national_state_expansion_audit.js","1545","5/5/2026 7:16:07 PM"
"C:\Dev\Nexus_MASTER\scripts\clients\black_dragon\build_national_verified_outreach_shortlist.js","build_national_verified_outreach_shortlist.js","3180","5/5/2026 7:38:27 PM"
"C:\Dev\Nexus_MASTER\scripts\clients\black_dragon\build_operational_ui_state.js","build_operational_ui_state.js","1396","5/5/2026 6:40:53 PM"
"C:\Dev\Nexus_MASTER\scripts\clients\black_dragon\build_outreach_shortlist.js","build_outreach_shortlist.js","5698","5/4/2026 10:24:25 PM"
"C:\Dev\Nexus_MASTER\scripts\clients\black_dragon\build_real_globe_sync_export.js","build_real_globe_sync_export.js","1715","5/5/2026 6:34:16 PM"
"C:\Dev\Nexus_MASTER\scripts\clients\black_dragon\build_runtime_authority_map.js","build_runtime_authority_map.js","972","5/5/2026 6:17:16 PM"
"C:\Dev\Nexus_MASTER\scripts\clients\black_dragon\build_runtime_integration_batch_audit.js","build_runtime_integration_batch_audit.js","2042","5/5/2026 6:41:01 PM"
"C:\Dev\Nexus_MASTER\scripts\clients\black_dragon\build_runtime_integrity_check.js","build_runtime_integrity_check.js","2327","5/5/2026 6:24:37 PM"
"C:\Dev\Nexus_MASTER\scripts\clients\black_dragon\build_runtime_loader_manifest.js","build_runtime_loader_manifest.js","1094","5/5/2026 6:40:35 PM"
"C:\Dev\Nexus_MASTER\scripts\clients\black_dragon\build_scoring_export_bridge.js","build_scoring_export_bridge.js","810","5/5/2026 6:17:22 PM"
"C:\Dev\Nexus_MASTER\scripts\clients\black_dragon\build_source_freshness_audit.js","build_source_freshness_audit.js","1437","5/5/2026 6:24:18 PM"
"C:\Dev\Nexus_MASTER\scripts\clients\black_dragon\build_target_output_layer.js","build_target_output_layer.js","2358","5/4/2026 7:25:40 PM"
"C:\Dev\Nexus_MASTER\scripts\clients\black_dragon\build_territory_clusters.js","build_territory_clusters.js","1330","5/5/2026 6:33:26 PM"
"C:\Dev\Nexus_MASTER\scripts\clients\black_dragon\build_tx_manual_verification_queue.js","build_tx_manual_verification_queue.js","1278","5/5/2026 7:15:38 PM"
"C:\Dev\Nexus_MASTER\scripts\clients\black_dragon\build_tx_review_shortlist.js","build_tx_review_shortlist.js","2253","5/5/2026 7:24:55 PM"
"C:\Dev\Nexus_MASTER\scripts\clients\black_dragon\ca_post_agency_connector.js","ca_post_agency_connector.js","4059","5/5/2026 5:19:17 PM"
"C:\Dev\Nexus_MASTER\scripts\clients\black_dragon\contact_candidate_collector.js","contact_candidate_collector.js","11622","5/4/2026 7:52:30 PM"
"C:\Dev\Nexus_MASTER\scripts\clients\black_dragon\contact_enrichment_engine.js","contact_enrichment_engine.js","16932","5/4/2026 10:04:26 PM"
"C:\Dev\Nexus_MASTER\scripts\clients\black_dragon\manual_contact_overrides.json","manual_contact_overrides.json","1986","5/4/2026 8:55:53 PM"
"C:\Dev\Nexus_MASTER\scripts\clients\black_dragon\promote_review_candidates.js","promote_review_candidates.js","5841","5/4/2026 10:04:11 PM"
"C:\Dev\Nexus_MASTER\scripts\clients\black_dragon\run_black_dragon_master_build.js","run_black_dragon_master_build.js","2798","5/5/2026 7:05:24 PM"
"C:\Dev\Nexus_MASTER\scripts\clients\black_dragon\run_multi_state_ingestion.js","run_multi_state_ingestion.js","906","5/4/2026 11:43:15 PM"
"C:\Dev\Nexus_MASTER\scripts\clients\black_dragon\run_verified_state_parsers.js","run_verified_state_parsers.js","5732","5/5/2026 5:18:33 PM"
"C:\Dev\Nexus_MASTER\scripts\clients\black_dragon\tx_tcole_training_provider_connector.js","tx_tcole_training_provider_connector.js","3059","5/5/2026 7:15:50 PM"
"C:\Dev\Nexus_MASTER\scripts\clients\black_dragon\validate_state_sources.js","validate_state_sources.js","1341","5/4/2026 11:49:18 PM"
"C:\Dev\Nexus_MASTER\scripts\connectors","connectors",,"5/2/2026 7:35:29 PM"
"C:\Dev\Nexus_MASTER\scripts\connectors\black_dragon_az_acjc_merge_pages.js","black_dragon_az_acjc_merge_pages.js","1304","5/2/2026 2:44:53 PM"
"C:\Dev\Nexus_MASTER\scripts\connectors\black_dragon_az_acjc_pagination_cache.js","black_dragon_az_acjc_pagination_cache.js","1354","5/2/2026 2:41:00 PM"
"C:\Dev\Nexus_MASTER\scripts\connectors\black_dragon_build_live_account.js","black_dragon_build_live_account.js","3564","5/2/2026 5:00:01 PM"
"C:\Dev\Nexus_MASTER\scripts\connectors\black_dragon_ca_post_authority_filter.js","black_dragon_ca_post_authority_filter.js","4435","5/2/2026 1:12:17 PM"
"C:\Dev\Nexus_MASTER\scripts\connectors\black_dragon_ca_post_connector.js","black_dragon_ca_post_connector.js","3703","5/2/2026 12:53:33 PM"
"C:\Dev\Nexus_MASTER\scripts\connectors\black_dragon_ca_post_parser.js","black_dragon_ca_post_parser.js","1660","5/2/2026 1:06:45 PM"
"C:\Dev\Nexus_MASTER\scripts\connectors\black_dragon_deployment_readiness_audit.js","black_dragon_deployment_readiness_audit.js","4701","5/2/2026 3:11:28 PM"
"C:\Dev\Nexus_MASTER\scripts\connectors\black_dragon_fl_fdle_authority_filter.js","black_dragon_fl_fdle_authority_filter.js","4238","5/2/2026 1:12:34 PM"
"C:\Dev\Nexus_MASTER\scripts\connectors\black_dragon_fl_fdle_connector.js","black_dragon_fl_fdle_connector.js","4452","5/2/2026 12:53:51 PM"
"C:\Dev\Nexus_MASTER\scripts\connectors\black_dragon_fl_fdle_parser.js","black_dragon_fl_fdle_parser.js","1566","5/2/2026 1:06:58 PM"
"C:\Dev\Nexus_MASTER\scripts\connectors\black_dragon_hifld_authority_filter.js","black_dragon_hifld_authority_filter.js","6118","5/2/2026 9:07:06 AM"
"C:\Dev\Nexus_MASTER\scripts\connectors\black_dragon_hifld_connector.js","black_dragon_hifld_connector.js","5634","5/1/2026 8:41:37 PM"
"C:\Dev\Nexus_MASTER\scripts\connectors\black_dragon_hifld_entity_consolidator.js","black_dragon_hifld_entity_consolidator.js","6695","5/2/2026 8:56:27 AM"
"C:\Dev\Nexus_MASTER\scripts\connectors\black_dragon_hifld_import_filter.js","black_dragon_hifld_import_filter.js","5196","5/2/2026 9:55:44 AM"
"C:\Dev\Nexus_MASTER\scripts\connectors\black_dragon_hifld_parser.js","black_dragon_hifld_parser.js","4566","5/1/2026 8:53:26 PM"
"C:\Dev\Nexus_MASTER\scripts\connectors\black_dragon_hifld_priority_filter.js","black_dragon_hifld_priority_filter.js","6309","5/2/2026 9:55:46 AM"
"C:\Dev\Nexus_MASTER\scripts\connectors\black_dragon_hifld_validation_layer.js","black_dragon_hifld_validation_layer.js","6018","5/2/2026 9:15:55 AM"
"C:\Dev\Nexus_MASTER\scripts\connectors\black_dragon_ny_dcjs_authority_filter.js","black_dragon_ny_dcjs_authority_filter.js","6408","5/2/2026 12:32:43 PM"
"C:\Dev\Nexus_MASTER\scripts\connectors\black_dragon_ny_dcjs_connector.js","black_dragon_ny_dcjs_connector.js","3597","5/2/2026 12:08:40 PM"
"C:\Dev\Nexus_MASTER\scripts\connectors\black_dragon_ny_dcjs_parser.js","black_dragon_ny_dcjs_parser.js","6409","5/2/2026 12:17:15 PM"
"C:\Dev\Nexus_MASTER\scripts\connectors\black_dragon_pass2_clean_live_account.js","black_dragon_pass2_clean_live_account.js","4185","5/2/2026 6:37:34 PM"
"C:\Dev\Nexus_MASTER\scripts\connectors\black_dragon_pass3_mass_expand.js","black_dragon_pass3_mass_expand.js","9301","5/2/2026 6:58:35 PM"
"C:\Dev\Nexus_MASTER\scripts\connectors\black_dragon_pass3_rank_and_lock.js","black_dragon_pass3_rank_and_lock.js","5466","5/2/2026 7:27:03 PM"
"C:\Dev\Nexus_MASTER\scripts\connectors\black_dragon_pass4_enable_verified_outreach.js","black_dragon_pass4_enable_verified_outreach.js","4099","5/2/2026 7:35:29 PM"
"C:\Dev\Nexus_MASTER\scripts\connectors\black_dragon_phase3_build_outreach_package.js","black_dragon_phase3_build_outreach_package.js","3664","5/2/2026 3:07:48 PM"
"C:\Dev\Nexus_MASTER\scripts\connectors\black_dragon_phase3_build_shortlist.js","black_dragon_phase3_build_shortlist.js","2057","5/2/2026 3:03:09 PM"
"C:\Dev\Nexus_MASTER\scripts\connectors\black_dragon_phase3_contact_enrich.js","black_dragon_phase3_contact_enrich.js","3625","5/2/2026 3:05:17 PM"
"C:\Dev\Nexus_MASTER\scripts\connectors\black_dragon_phase3_dossier_enrich.js","black_dragon_phase3_dossier_enrich.js","6334","5/2/2026 4:12:49 PM"
"C:\Dev\Nexus_MASTER\scripts\connectors\black_dragon_phase3_score_targets.js","black_dragon_phase3_score_targets.js","5001","5/2/2026 2:57:53 PM"
"C:\Dev\Nexus_MASTER\scripts\connectors\black_dragon_state_batch_authority_filter.js","black_dragon_state_batch_authority_filter.js","6234","5/2/2026 2:52:04 PM"
"C:\Dev\Nexus_MASTER\scripts\connectors\black_dragon_state_batch_connector.js","black_dragon_state_batch_connector.js","7932","5/2/2026 12:54:16 PM"
"C:\Dev\Nexus_MASTER\scripts\connectors\black_dragon_state_batch_merge_validate.js","black_dragon_state_batch_merge_validate.js","1919","5/2/2026 2:54:31 PM"
"C:\Dev\Nexus_MASTER\scripts\connectors\black_dragon_state_batch_parser.js","black_dragon_state_batch_parser.js","10844","5/2/2026 2:34:08 PM"
"C:\Dev\Nexus_MASTER\scripts\download_city_tiles.mjs","download_city_tiles.mjs","8481","3/30/2026 10:05:13 PM"
"C:\Dev\Nexus_MASTER\scripts\generate_city_pack.py","generate_city_pack.py","1628","4/16/2026 9:07:38 PM"
"C:\Dev\Nexus_MASTER\scripts\intel","intel",,"4/16/2026 8:00:26 PM"
"C:\Dev\Nexus_MASTER\scripts\intel\behavioral_scoring.js","behavioral_scoring.js","2541","12/20/2025 4:04:23 PM"
"C:\Dev\Nexus_MASTER\scripts\intel\business_licensing_intel.js","business_licensing_intel.js","1626","12/20/2025 3:57:20 PM"
"C:\Dev\Nexus_MASTER\scripts\intel\demographic_overlay.js","demographic_overlay.js","1602","12/20/2025 4:01:18 PM"
"C:\Dev\Nexus_MASTER\scripts\intel\intel_config_loader.js","intel_config_loader.js","1039","12/20/2025 3:47:33 PM"
"C:\Dev\Nexus_MASTER\scripts\intel\intel_fusion_engine.js","intel_fusion_engine.js","2674","12/20/2025 3:52:32 PM"
"C:\Dev\Nexus_MASTER\scripts\intel\intel_scoring.js","intel_scoring.js","4034","12/20/2025 3:49:58 PM"
"C:\Dev\Nexus_MASTER\scripts\intel\legal_flags_intel.js","legal_flags_intel.js","1358","12/20/2025 3:59:56 PM"
"C:\Dev\Nexus_MASTER\scripts\intel\property_intel.js","property_intel.js","1555","12/20/2025 3:56:09 PM"
"C:\Dev\Nexus_MASTER\scripts\intel\wealth_inference_engine.js","wealth_inference_engine.js","2293","12/20/2025 4:03:34 PM"
"C:\Dev\Nexus_MASTER\scripts\intelligence","intelligence",,"5/6/2026 8:12:00 PM"
"C:\Dev\Nexus_MASTER\scripts\intelligence\build_adapter_framework_registry.js","build_adapter_framework_registry.js","1680","5/5/2026 8:17:42 PM"
"C:\Dev\Nexus_MASTER\scripts\intelligence\build_backbone_integrity_audit.js","build_backbone_integrity_audit.js","924","5/5/2026 8:11:53 PM"
"C:\Dev\Nexus_MASTER\scripts\intelligence\build_confidence_scoring_registry.js","build_confidence_scoring_registry.js","1233","5/5/2026 8:45:35 PM"
"C:\Dev\Nexus_MASTER\scripts\intelligence\build_conflict_resolution_registry.js","build_conflict_resolution_registry.js","984","5/5/2026 8:17:42 PM"
"C:\Dev\Nexus_MASTER\scripts\intelligence\build_connector_health_monitor.js","build_connector_health_monitor.js","1124","5/6/2026 6:05:19 AM"
"C:\Dev\Nexus_MASTER\scripts\intelligence\build_connector_implementation_priority_registry.js","build_connector_implementation_priority_registry.js","1933","5/6/2026 6:17:27 AM"
"C:\Dev\Nexus_MASTER\scripts\intelligence\build_cross_layer_dependency_graph.js","build_cross_layer_dependency_graph.js","1370","5/6/2026 12:33:21 AM"
"C:\Dev\Nexus_MASTER\scripts\intelligence\build_cross_layer_fusion_registry.js","build_cross_layer_fusion_registry.js","1830","5/5/2026 8:45:35 PM"
"C:\Dev\Nexus_MASTER\scripts\intelligence\build_dossier_field_schema_registry.js","build_dossier_field_schema_registry.js","1123","5/5/2026 8:54:55 PM"
"C:\Dev\Nexus_MASTER\scripts\intelligence\build_dossier_validation_engine.js","build_dossier_validation_engine.js","995","5/5/2026 8:57:40 PM"
"C:\Dev\Nexus_MASTER\scripts\intelligence\build_entity_deduplication_engine.js","build_entity_deduplication_engine.js","1459","5/6/2026 7:24:08 PM"
"C:\Dev\Nexus_MASTER\scripts\intelligence\build_entity_schema_registry.js","build_entity_schema_registry.js","1175","5/5/2026 8:54:55 PM"
"C:\Dev\Nexus_MASTER\scripts\intelligence\build_entity_validation_engine.js","build_entity_validation_engine.js","1035","5/5/2026 8:57:40 PM"
"C:\Dev\Nexus_MASTER\scripts\intelligence\build_evidence_schema_registry.js","build_evidence_schema_registry.js","1426","5/5/2026 8:11:52 PM"
"C:\Dev\Nexus_MASTER\scripts\intelligence\build_first_5_layer_operational_audit.js","build_first_5_layer_operational_audit.js","1177","5/6/2026 7:31:35 PM"
"C:\Dev\Nexus_MASTER\scripts\intelligence\build_first_live_source_activation_set.js","build_first_live_source_activation_set.js","1021","5/6/2026 6:17:27 AM"
"C:\Dev\Nexus_MASTER\scripts\intelligence\build_freshness_weighting_registry.js","build_freshness_weighting_registry.js","1568","5/5/2026 8:45:35 PM"
"C:\Dev\Nexus_MASTER\scripts\intelligence\build_full_system_intelligence_audit.js","build_full_system_intelligence_audit.js","962","5/6/2026 12:33:22 AM"
"C:\Dev\Nexus_MASTER\scripts\intelligence\build_fusion_integrity_audit.js","build_fusion_integrity_audit.js","927","5/5/2026 8:45:38 PM"
"C:\Dev\Nexus_MASTER\scripts\intelligence\build_ingestion_integrity_audit.js","build_ingestion_integrity_audit.js","948","5/5/2026 8:17:43 PM"
"C:\Dev\Nexus_MASTER\scripts\intelligence\build_intelligence_execution_audit.js","build_intelligence_execution_audit.js","942","5/6/2026 12:42:23 AM"
"C:\Dev\Nexus_MASTER\scripts\intelligence\build_intelligence_priority_build_queue.js","build_intelligence_priority_build_queue.js","1128","5/5/2026 9:04:08 PM"
"C:\Dev\Nexus_MASTER\scripts\intelligence\build_L01_federal_adapter_manifest.js","build_L01_federal_adapter_manifest.js","1203","5/5/2026 10:16:47 PM"
"C:\Dev\Nexus_MASTER\scripts\intelligence\build_L01_federal_integrity_audit.js","build_L01_federal_integrity_audit.js","952","5/5/2026 10:16:48 PM"
"C:\Dev\Nexus_MASTER\scripts\intelligence\build_L01_federal_normalization_registry.js","build_L01_federal_normalization_registry.js","1256","5/5/2026 10:16:47 PM"
"C:\Dev\Nexus_MASTER\scripts\intelligence\build_L01_federal_scoring_registry.js","build_L01_federal_scoring_registry.js","1261","5/5/2026 10:16:47 PM"
"C:\Dev\Nexus_MASTER\scripts\intelligence\build_L01_source_catalog.js","build_L01_source_catalog.js","2242","5/5/2026 10:16:46 PM"
"C:\Dev\Nexus_MASTER\scripts\intelligence\build_L02_source_catalog.js","build_L02_source_catalog.js","2245","5/5/2026 10:23:39 PM"
"C:\Dev\Nexus_MASTER\scripts\intelligence\build_L02_state_adapter_manifest.js","build_L02_state_adapter_manifest.js","1303","5/5/2026 10:23:39 PM"
"C:\Dev\Nexus_MASTER\scripts\intelligence\build_L02_state_integrity_audit.js","build_L02_state_integrity_audit.js","940","5/5/2026 10:23:40 PM"
"C:\Dev\Nexus_MASTER\scripts\intelligence\build_L02_state_normalization_registry.js","build_L02_state_normalization_registry.js","1280","5/5/2026 10:23:39 PM"
"C:\Dev\Nexus_MASTER\scripts\intelligence\build_L02_state_scoring_registry.js","build_L02_state_scoring_registry.js","1373","5/5/2026 10:23:39 PM"
"C:\Dev\Nexus_MASTER\scripts\intelligence\build_L03_local_agency_adapter_manifest.js","build_L03_local_agency_adapter_manifest.js","1366","5/5/2026 10:28:48 PM"
"C:\Dev\Nexus_MASTER\scripts\intelligence\build_L03_local_agency_integrity_audit.js","build_L03_local_agency_integrity_audit.js","982","5/5/2026 10:28:49 PM"
"C:\Dev\Nexus_MASTER\scripts\intelligence\build_L03_local_agency_normalization_registry.js","build_L03_local_agency_normalization_registry.js","1303","5/5/2026 10:28:48 PM"
"C:\Dev\Nexus_MASTER\scripts\intelligence\build_L03_local_agency_scoring_registry.js","build_L03_local_agency_scoring_registry.js","1376","5/5/2026 10:28:48 PM"
"C:\Dev\Nexus_MASTER\scripts\intelligence\build_L03_source_catalog.js","build_L03_source_catalog.js","2290","5/5/2026 10:28:48 PM"
"C:\Dev\Nexus_MASTER\scripts\intelligence\build_L04_source_catalog.js","build_L04_source_catalog.js","2391","5/5/2026 11:45:21 PM"
"C:\Dev\Nexus_MASTER\scripts\intelligence\build_L04_training_adapter_manifest.js","build_L04_training_adapter_manifest.js","1230","5/5/2026 11:45:21 PM"
"C:\Dev\Nexus_MASTER\scripts\intelligence\build_L04_training_integrity_audit.js","build_L04_training_integrity_audit.js","960","5/5/2026 11:45:22 PM"
"C:\Dev\Nexus_MASTER\scripts\intelligence\build_L04_training_normalization_registry.js","build_L04_training_normalization_registry.js","1331","5/5/2026 11:45:21 PM"
"C:\Dev\Nexus_MASTER\scripts\intelligence\build_L04_training_scoring_registry.js","build_L04_training_scoring_registry.js","1320","5/5/2026 11:45:21 PM"
"C:\Dev\Nexus_MASTER\scripts\intelligence\build_L05_budget_adapter_manifest.js","build_L05_budget_adapter_manifest.js","1282","5/5/2026 9:09:11 PM"
"C:\Dev\Nexus_MASTER\scripts\intelligence\build_L05_budget_integrity_audit.js","build_L05_budget_integrity_audit.js","945","5/5/2026 9:09:17 PM"
"C:\Dev\Nexus_MASTER\scripts\intelligence\build_L05_budget_normalization_registry.js","build_L05_budget_normalization_registry.js","1115","5/5/2026 9:09:10 PM"
"C:\Dev\Nexus_MASTER\scripts\intelligence\build_L05_budget_scoring_registry.js","build_L05_budget_scoring_registry.js","1290","5/5/2026 9:09:11 PM"
"C:\Dev\Nexus_MASTER\scripts\intelligence\build_L05_source_catalog.js","build_L05_source_catalog.js","2620","5/5/2026 9:09:10 PM"
"C:\Dev\Nexus_MASTER\scripts\intelligence\build_L06_behavioral_adapter_manifest.js","build_L06_behavioral_adapter_manifest.js","1345","5/5/2026 9:17:35 PM"
"C:\Dev\Nexus_MASTER\scripts\intelligence\build_L06_behavioral_integrity_audit.js","build_L06_behavioral_integrity_audit.js","966","5/5/2026 9:17:35 PM"
"C:\Dev\Nexus_MASTER\scripts\intelligence\build_L06_behavioral_normalization_registry.js","build_L06_behavioral_normalization_registry.js","1261","5/5/2026 9:17:35 PM"
"C:\Dev\Nexus_MASTER\scripts\intelligence\build_L06_behavioral_scoring_registry.js","build_L06_behavioral_scoring_registry.js","1352","5/5/2026 9:17:35 PM"
"C:\Dev\Nexus_MASTER\scripts\intelligence\build_L06_source_catalog.js","build_L06_source_catalog.js","2299","5/5/2026 9:17:34 PM"
"C:\Dev\Nexus_MASTER\scripts\intelligence\build_L07_geographic_adapter_manifest.js","build_L07_geographic_adapter_manifest.js","1339","5/5/2026 11:53:21 PM"
"C:\Dev\Nexus_MASTER\scripts\intelligence\build_L07_geographic_integrity_audit.js","build_L07_geographic_integrity_audit.js","967","5/5/2026 11:53:23 PM"
"C:\Dev\Nexus_MASTER\scripts\intelligence\build_L07_geographic_normalization_registry.js","build_L07_geographic_normalization_registry.js","1322","5/5/2026 11:53:21 PM"
"C:\Dev\Nexus_MASTER\scripts\intelligence\build_L07_geographic_scoring_registry.js","build_L07_geographic_scoring_registry.js","1332","5/5/2026 11:53:21 PM"
"C:\Dev\Nexus_MASTER\scripts\intelligence\build_L07_source_catalog.js","build_L07_source_catalog.js","2266","5/5/2026 11:53:21 PM"
"C:\Dev\Nexus_MASTER\scripts\intelligence\build_L08_command_adapter_manifest.js","build_L08_command_adapter_manifest.js","1295","5/5/2026 9:28:25 PM"
"C:\Dev\Nexus_MASTER\scripts\intelligence\build_L08_command_integrity_audit.js","build_L08_command_integrity_audit.js","949","5/5/2026 9:28:26 PM"
"C:\Dev\Nexus_MASTER\scripts\intelligence\build_L08_command_normalization_registry.js","build_L08_command_normalization_registry.js","1244","5/5/2026 9:28:25 PM"
"C:\Dev\Nexus_MASTER\scripts\intelligence\build_L08_command_scoring_registry.js","build_L08_command_scoring_registry.js","1319","5/5/2026 9:28:25 PM"
"C:\Dev\Nexus_MASTER\scripts\intelligence\build_L08_source_catalog.js","build_L08_source_catalog.js","2274","5/5/2026 9:28:24 PM"
"C:\Dev\Nexus_MASTER\scripts\intelligence\build_L09_procurement_adapter_manifest.js","build_L09_procurement_adapter_manifest.js","1251","5/5/2026 9:36:20 PM"
"C:\Dev\Nexus_MASTER\scripts\intelligence\build_L09_procurement_integrity_audit.js","build_L09_procurement_integrity_audit.js","976","5/5/2026 9:36:22 PM"
"C:\Dev\Nexus_MASTER\scripts\intelligence\build_L09_procurement_normalization_registry.js","build_L09_procurement_normalization_registry.js","1283","5/5/2026 9:36:20 PM"
"C:\Dev\Nexus_MASTER\scripts\intelligence\build_L09_procurement_scoring_registry.js","build_L09_procurement_scoring_registry.js","1240","5/5/2026 9:36:20 PM"
"C:\Dev\Nexus_MASTER\scripts\intelligence\build_L09_source_catalog.js","build_L09_source_catalog.js","2187","5/5/2026 9:36:20 PM"
"C:\Dev\Nexus_MASTER\scripts\intelligence\build_L10_communication_adapter_manifest.js","build_L10_communication_adapter_manifest.js","1363","5/6/2026 12:03:23 AM"
"C:\Dev\Nexus_MASTER\scripts\intelligence\build_L10_communication_confidence_weighting.js","build_L10_communication_confidence_weighting.js","4715","5/6/2026 8:07:19 PM"
"C:\Dev\Nexus_MASTER\scripts\intelligence\build_L10_communication_integrity_audit.js","build_L10_communication_integrity_audit.js","988","5/6/2026 12:03:24 AM"
"C:\Dev\Nexus_MASTER\scripts\intelligence\build_L10_communication_normalization_registry.js","build_L10_communication_normalization_registry.js","1270","5/6/2026 12:03:22 AM"
"C:\Dev\Nexus_MASTER\scripts\intelligence\build_L10_communication_scoring_registry.js","build_L10_communication_scoring_registry.js","1398","5/6/2026 12:03:22 AM"
"C:\Dev\Nexus_MASTER\scripts\intelligence\build_L10_contact_freshness_weighting.js","build_L10_contact_freshness_weighting.js","736","5/6/2026 7:31:33 PM"
"C:\Dev\Nexus_MASTER\scripts\intelligence\build_L10_contact_score_refinement.js","build_L10_contact_score_refinement.js","6547","5/6/2026 8:04:48 PM"
"C:\Dev\Nexus_MASTER\scripts\intelligence\build_L10_fallback_route_scoring.js","build_L10_fallback_route_scoring.js","3187","5/6/2026 8:08:36 PM"
"C:\Dev\Nexus_MASTER\scripts\intelligence\build_L10_outreach_readiness_synthesis.BACKUP.js","build_L10_outreach_readiness_synthesis.BACKUP.js","1629","5/6/2026 7:31:33 PM"
"C:\Dev\Nexus_MASTER\scripts\intelligence\build_L10_outreach_readiness_synthesis.js","build_L10_outreach_readiness_synthesis.js","4355","5/6/2026 8:12:01 PM"
"C:\Dev\Nexus_MASTER\scripts\intelligence\build_L10_source_catalog.js","build_L10_source_catalog.js","2286","5/6/2026 12:03:21 AM"
"C:\Dev\Nexus_MASTER\scripts\intelligence\build_L11_incident_risk_adapter_manifest.js","build_L11_incident_risk_adapter_manifest.js","1348","5/5/2026 9:40:30 PM"
"C:\Dev\Nexus_MASTER\scripts\intelligence\build_L11_incident_risk_integrity_audit.js","build_L11_incident_risk_integrity_audit.js","979","5/5/2026 9:40:31 PM"
"C:\Dev\Nexus_MASTER\scripts\intelligence\build_L11_incident_risk_normalization_registry.js","build_L11_incident_risk_normalization_registry.js","1314","5/5/2026 9:40:29 PM"
"C:\Dev\Nexus_MASTER\scripts\intelligence\build_L11_incident_risk_scoring_registry.js","build_L11_incident_risk_scoring_registry.js","1332","5/5/2026 9:40:29 PM"
"C:\Dev\Nexus_MASTER\scripts\intelligence\build_L11_source_catalog.js","build_L11_source_catalog.js","2288","5/5/2026 9:40:29 PM"
"C:\Dev\Nexus_MASTER\scripts\intelligence\build_L12_engagement_adapter_manifest.js","build_L12_engagement_adapter_manifest.js","1333","5/6/2026 12:19:19 AM"
"C:\Dev\Nexus_MASTER\scripts\intelligence\build_L12_engagement_integrity_audit.js","build_L12_engagement_integrity_audit.js","966","5/6/2026 12:19:22 AM"
"C:\Dev\Nexus_MASTER\scripts\intelligence\build_L12_engagement_normalization_registry.js","build_L12_engagement_normalization_registry.js","1360","5/6/2026 12:19:18 AM"
"C:\Dev\Nexus_MASTER\scripts\intelligence\build_L12_engagement_scoring_registry.js","build_L12_engagement_scoring_registry.js","1308","5/6/2026 12:19:19 AM"
"C:\Dev\Nexus_MASTER\scripts\intelligence\build_L12_engagement_state_scoring.js","build_L12_engagement_state_scoring.js","653","5/6/2026 7:31:33 PM"
"C:\Dev\Nexus_MASTER\scripts\intelligence\build_L12_follow_up_prioritization.js","build_L12_follow_up_prioritization.js","987","5/6/2026 7:31:34 PM"
"C:\Dev\Nexus_MASTER\scripts\intelligence\build_L12_relationship_strength_scoring.js","build_L12_relationship_strength_scoring.js","760","5/6/2026 7:31:34 PM"
"C:\Dev\Nexus_MASTER\scripts\intelligence\build_L12_response_quality_weighting.js","build_L12_response_quality_weighting.js","707","5/6/2026 7:31:33 PM"
"C:\Dev\Nexus_MASTER\scripts\intelligence\build_L12_source_catalog.js","build_L12_source_catalog.js","2332","5/6/2026 12:19:18 AM"
"C:\Dev\Nexus_MASTER\scripts\intelligence\build_layer_output_manifest.js","build_layer_output_manifest.js","1249","5/6/2026 12:42:22 AM"
"C:\Dev\Nexus_MASTER\scripts\intelligence\build_layer_source_catalog_index.js","build_layer_source_catalog_index.js","1163","5/5/2026 9:04:08 PM"
"C:\Dev\Nexus_MASTER\scripts\intelligence\build_live_connector_implementation_audit.js","build_live_connector_implementation_audit.js","1254","5/6/2026 6:28:07 AM"
"C:\Dev\Nexus_MASTER\scripts\intelligence\build_live_connector_implementation_registry.js","build_live_connector_implementation_registry.js","1258","5/6/2026 6:05:19 AM"
"C:\Dev\Nexus_MASTER\scripts\intelligence\build_live_ingestion_execution_queue.js","build_live_ingestion_execution_queue.js","1143","5/6/2026 12:33:21 AM"
"C:\Dev\Nexus_MASTER\scripts\intelligence\build_live_ingestion_parser_framework.js","build_live_ingestion_parser_framework.js","1224","5/6/2026 6:17:27 AM"
"C:\Dev\Nexus_MASTER\scripts\intelligence\build_live_runtime_fusion_audit.js","build_live_runtime_fusion_audit.js","1246","5/6/2026 6:05:21 AM"
"C:\Dev\Nexus_MASTER\scripts\intelligence\build_master_layer_registry.js","build_master_layer_registry.js","1009","5/6/2026 12:33:21 AM"
"C:\Dev\Nexus_MASTER\scripts\intelligence\build_national_source_coverage_matrix.js","build_national_source_coverage_matrix.js","1885","5/5/2026 9:04:08 PM"
"C:\Dev\Nexus_MASTER\scripts\intelligence\build_production_coverage_audit.js","build_production_coverage_audit.js","1294","5/5/2026 9:59:21 PM"
"C:\Dev\Nexus_MASTER\scripts\intelligence\build_production_layer_status_registry.js","build_production_layer_status_registry.js","898","5/5/2026 10:06:56 PM"
"C:\Dev\Nexus_MASTER\scripts\intelligence\build_real_data_runtime_audit.js","build_real_data_runtime_audit.js","1085","5/6/2026 6:17:28 AM"
"C:\Dev\Nexus_MASTER\scripts\intelligence\build_refresh_scheduler_registry.js","build_refresh_scheduler_registry.js","1718","5/5/2026 8:17:42 PM"
"C:\Dev\Nexus_MASTER\scripts\intelligence\build_runtime_entity_cache.js","build_runtime_entity_cache.js","1118","5/6/2026 7:24:09 PM"
"C:\Dev\Nexus_MASTER\scripts\intelligence\build_runtime_handoff_manifest.js","build_runtime_handoff_manifest.js","1339","5/6/2026 12:42:23 AM"
"C:\Dev\Nexus_MASTER\scripts\intelligence\build_runtime_manifest_registry.js","build_runtime_manifest_registry.js","1470","5/5/2026 8:11:53 PM"
"C:\Dev\Nexus_MASTER\scripts\intelligence\build_schema_integrity_audit.js","build_schema_integrity_audit.js","930","5/5/2026 8:54:56 PM"
"C:\Dev\Nexus_MASTER\scripts\intelligence\build_scoring_component_schema_registry.js","build_scoring_component_schema_registry.js","985","5/5/2026 8:54:55 PM"
"C:\Dev\Nexus_MASTER\scripts\intelligence\build_scoring_orchestration_registry.js","build_scoring_orchestration_registry.js","1528","5/5/2026 8:11:53 PM"
"C:\Dev\Nexus_MASTER\scripts\intelligence\build_scoring_validation_engine.js","build_scoring_validation_engine.js","1043","5/5/2026 8:57:40 PM"
"C:\Dev\Nexus_MASTER\scripts\intelligence\build_signal_schema_registry.js","build_signal_schema_registry.js","1177","5/5/2026 8:54:55 PM"
"C:\Dev\Nexus_MASTER\scripts\intelligence\build_signal_validation_engine.js","build_signal_validation_engine.js","1033","5/5/2026 8:57:40 PM"
"C:\Dev\Nexus_MASTER\scripts\intelligence\build_source_authority_registry.js","build_source_authority_registry.js","2375","5/5/2026 8:11:52 PM"
"C:\Dev\Nexus_MASTER\scripts\intelligence\build_source_coverage_audit.js","build_source_coverage_audit.js","928","5/5/2026 9:04:09 PM"
"C:\Dev\Nexus_MASTER\scripts\intelligence\build_source_gap_analysis.js","build_source_gap_analysis.js","1433","5/5/2026 9:04:08 PM"
"C:\Dev\Nexus_MASTER\scripts\intelligence\build_source_refresh_execution_engine.js","build_source_refresh_execution_engine.js","1576","5/6/2026 6:05:20 AM"
"C:\Dev\Nexus_MASTER\scripts\intelligence\build_source_validation_engine.js","build_source_validation_engine.js","1011","5/5/2026 8:17:42 PM"
"C:\Dev\Nexus_MASTER\scripts\intelligence\build_temporal_signal_registry.js","build_temporal_signal_registry.js","1288","5/5/2026 8:45:35 PM"
"C:\Dev\Nexus_MASTER\scripts\intelligence\build_unified_adapter_orchestration.js","build_unified_adapter_orchestration.js","1222","5/6/2026 12:33:21 AM"
"C:\Dev\Nexus_MASTER\scripts\intelligence\build_unified_dossier_synthesis_engine.js","build_unified_dossier_synthesis_engine.js","1373","5/6/2026 7:24:09 PM"
"C:\Dev\Nexus_MASTER\scripts\intelligence\build_unified_entity_fusion_engine.js","build_unified_entity_fusion_engine.js","1689","5/6/2026 6:05:20 AM"
"C:\Dev\Nexus_MASTER\scripts\intelligence\build_unified_entity_intelligence_index.js","build_unified_entity_intelligence_index.js","1522","5/6/2026 7:24:08 PM"
"C:\Dev\Nexus_MASTER\scripts\intelligence\build_unified_evidence_ingestion_engine.js","build_unified_evidence_ingestion_engine.js","1175","5/6/2026 6:17:27 AM"
"C:\Dev\Nexus_MASTER\scripts\intelligence\build_unified_normalized_output_shell.js","build_unified_normalized_output_shell.js","1242","5/6/2026 12:42:22 AM"
"C:\Dev\Nexus_MASTER\scripts\intelligence\build_unified_score_aggregation_engine.js","build_unified_score_aggregation_engine.js","1423","5/6/2026 7:24:08 PM"
"C:\Dev\Nexus_MASTER\scripts\intelligence\build_updated_intelligence_priority_queue.js","build_updated_intelligence_priority_queue.js","1139","5/5/2026 10:06:57 PM"
"C:\Dev\Nexus_MASTER\scripts\intelligence\build_updated_national_source_coverage_matrix.js","build_updated_national_source_coverage_matrix.js","1417","5/5/2026 10:06:56 PM"
"C:\Dev\Nexus_MASTER\scripts\intelligence\build_updated_source_gap_analysis.js","build_updated_source_gap_analysis.js","1242","5/5/2026 10:06:56 PM"
"C:\Dev\Nexus_MASTER\scripts\intelligence\build_validation_integrity_audit.js","build_validation_integrity_audit.js","967","5/5/2026 8:57:40 PM"
"C:\Dev\Nexus_MASTER\scripts\intelligence\connect_L03_local_agencies.js","connect_L03_local_agencies.js","3299","5/6/2026 6:27:59 AM"
"C:\Dev\Nexus_MASTER\scripts\intelligence\connect_L10_manual_verified_contacts.js","connect_L10_manual_verified_contacts.js","3989","5/6/2026 6:27:58 AM"
"C:\Dev\Nexus_MASTER\scripts\intelligence\connect_L12_outreach_execution.js","connect_L12_outreach_execution.js","2895","5/6/2026 6:27:59 AM"
"C:\Dev\Nexus_MASTER\scripts\intelligence\normalize_black_dragon_verified_targets.js","normalize_black_dragon_verified_targets.js","4554","5/5/2026 6:08:57 PM"
"C:\Dev\Nexus_MASTER\scripts\intelligence\rebuild_live_unified_entity_fusion.js","rebuild_live_unified_entity_fusion.js","1384","5/6/2026 6:27:59 AM"
"C:\Dev\Nexus_MASTER\scripts\intelligence\run_intelligence_master_runner.js","run_intelligence_master_runner.js","1600","5/6/2026 12:50:58 AM"
"C:\Dev\Nexus_MASTER\scripts\nexusCore.js","nexusCore.js","3379","11/14/2025 8:48:56 AM"
"C:\Dev\Nexus_MASTER\server","server",,"4/16/2026 9:47:24 PM"
"C:\Dev\Nexus_MASTER\server\census","census",,"4/16/2026 8:00:26 PM"
"C:\Dev\Nexus_MASTER\server\census\census_config.json","census_config.json","38","12/20/2025 4:29:19 PM"
"C:\Dev\Nexus_MASTER\server\census\census_route.js","census_route.js","2163","12/21/2025 1:30:19 PM"
"C:\Dev\Nexus_MASTER\server\census\census_service.js","census_service.js","37","12/20/2025 4:31:04 PM"
"C:\Dev\Nexus_MASTER\server\census\services","services",,"4/16/2026 8:00:29 PM"
"C:\Dev\Nexus_MASTER\server\connectors","connectors",,"4/16/2026 9:20:08 PM"
"C:\Dev\Nexus_MASTER\server\connectors\00_INSTALL_MAP.txt","00_INSTALL_MAP.txt","510","4/16/2026 9:07:37 PM"
"C:\Dev\Nexus_MASTER\server\connectors\01_COPY_ORDER.txt","01_COPY_ORDER.txt","709","4/16/2026 9:07:37 PM"
"C:\Dev\Nexus_MASTER\server\connectors\02_FOLDER_GUIDE.txt","02_FOLDER_GUIDE.txt","582","4/16/2026 9:07:37 PM"
"C:\Dev\Nexus_MASTER\server\connectors\03_FILE_MANIFEST.txt","03_FILE_MANIFEST.txt","1875","4/16/2026 9:07:37 PM"
"C:\Dev\Nexus_MASTER\server\federal","federal",,"4/16/2026 8:00:26 PM"
"C:\Dev\Nexus_MASTER\server\federal\federal_intel_config.json","federal_intel_config.json","1632","12/21/2025 8:02:52 AM"
"C:\Dev\Nexus_MASTER\server\federal\federal_intel_service.js","federal_intel_service.js","13959","12/21/2025 7:36:52 AM"
"C:\Dev\Nexus_MASTER\server\federal\federal_route.js","federal_route.js","2698","12/21/2025 1:27:59 PM"
"C:\Dev\Nexus_MASTER\server\index.js","index.js","2057","12/21/2025 1:29:56 PM"
"C:\Dev\Nexus_MASTER\server\normalize","normalize",,"4/16/2026 9:20:59 PM"
"C:\Dev\Nexus_MASTER\server\normalize\maps","maps",,"4/16/2026 9:21:01 PM"
"C:\Dev\Nexus_MASTER\server\normalize\schemas","schemas",,"4/16/2026 9:21:36 PM"
"C:\Dev\Nexus_MASTER\server\normalize\schemas\law_enforcement_security","law_enforcement_security",,"4/16/2026 9:22:17 PM"
"C:\Dev\Nexus_MASTER\server\normalize\schemas\law_enforcement_security\_map_common.js","_map_common.js","584","4/16/2026 9:07:38 PM"
"C:\Dev\Nexus_MASTER\server\normalize\schemas\law_enforcement_security\commercial_site_map.js","commercial_site_map.js","780","4/16/2026 9:07:38 PM"
"C:\Dev\Nexus_MASTER\server\normalize\schemas\law_enforcement_security\investigator_registry_map.js","investigator_registry_map.js","782","4/16/2026 9:07:38 PM"
"C:\Dev\Nexus_MASTER\server\normalize\schemas\law_enforcement_security\local_gov_directory_map.js","local_gov_directory_map.js","783","4/16/2026 9:07:38 PM"
"C:\Dev\Nexus_MASTER\server\normalize\schemas\law_enforcement_security\security_firm_registry_map.js","security_firm_registry_map.js","787","4/16/2026 9:07:38 PM"
"C:\Dev\Nexus_MASTER\server\normalize\schemas\law_enforcement_security\state_agency_directory_map.js","state_agency_directory_map.js","786","4/16/2026 9:07:38 PM"
"C:\Dev\Nexus_MASTER\server\pipelines","pipelines",,"4/16/2026 9:25:12 PM"
"C:\Dev\Nexus_MASTER\server\pipelines\run_law_enforcement_security_pipeline.js","run_law_enforcement_security_pipeline.js","2927","4/16/2026 9:07:38 PM"
"C:\Dev\Nexus_MASTER\server\resolve","resolve",,"4/16/2026 9:48:13 PM"
"C:\Dev\Nexus_MASTER\server\resolve\resolve_law_enforcement_security_city.js","resolve_law_enforcement_security_city.js","991","4/16/2026 9:07:38 PM"
"C:\Dev\Nexus_MASTER\server\resolve\resolve_law_enforcement_security_entity.js","resolve_law_enforcement_security_entity.js","1494","4/16/2026 9:07:38 PM"
"C:\Dev\Nexus_MASTER\server\score","score",,"4/16/2026 9:44:36 PM"
"C:\Dev\Nexus_MASTER\server\score\law_enforcement_scores.js","law_enforcement_scores.js","2444","4/16/2026 9:07:38 PM"
"C:\Dev\Nexus_MASTER\server\state_registry","state_registry",,"4/16/2026 8:00:26 PM"
"C:\Dev\Nexus_MASTER\server\state_registry\state_registry_config.json","state_registry_config.json","5445","12/21/2025 11:31:29 AM"
"C:\Dev\Nexus_MASTER\server\state_registry\state_registry_route.js","state_registry_route.js","2910","12/21/2025 11:48:48 AM"
"C:\Dev\Nexus_MASTER\server\state_registry\state_registry_service.js","state_registry_service.js","17403","12/21/2025 11:31:32 AM"
"C:\Dev\Nexus_MASTER\server\store","store",,"4/16/2026 9:45:38 PM"
"C:\Dev\Nexus_MASTER\server\store\build_law_enforcement_security_snapshot.js","build_law_enforcement_security_snapshot.js","776","4/16/2026 9:07:38 PM"
"C:\Dev\Nexus_MASTER\server\store\save_pipeline_output.js","save_pipeline_output.js","725","4/16/2026 9:07:38 PM"
"C:\Dev\Nexus_MASTER\server\tests","tests",,"4/16/2026 9:26:28 PM"
"C:\Dev\Nexus_MASTER\server\tests\law_enforcement_pipeline_smoke_test.js","law_enforcement_pipeline_smoke_test.js","1542","4/16/2026 9:07:38 PM"
"C:\Dev\Nexus_MASTER\server\tools","tools",,"4/16/2026 8:00:26 PM"
"C:\Dev\Nexus_MASTER\server\tools\Assert-IndexLoadsExpected.ps1","Assert-IndexLoadsExpected.ps1","1897","1/18/2026 11:32:06 AM"
"C:\Dev\Nexus_MASTER\server\tools\Check-PortUsage.ps1","Check-PortUsage.ps1","1246","1/18/2026 11:11:58 AM"
"C:\Dev\Nexus_MASTER\server\tools\Find-DuplicateBasenames.ps1","Find-DuplicateBasenames.ps1","1147","1/18/2026 11:31:01 AM"
"C:\Dev\Nexus_MASTER\server\tools\Guard-NoShadowCoreFiles.ps1","Guard-NoShadowCoreFiles.ps1","1098","1/18/2026 11:32:30 AM"
"C:\Dev\Nexus_MASTER\server\tools\Kill-Port.ps1","Kill-Port.ps1","1734","1/18/2026 11:12:21 AM"
"C:\Dev\Nexus_MASTER\server\tools\ps","ps",,"4/16/2026 8:00:29 PM"
"C:\Dev\Nexus_MASTER\server\tools\release","release",,"4/16/2026 8:00:29 PM"
"C:\Dev\Nexus_MASTER\server\tools\reports","reports",,"4/16/2026 8:00:29 PM"
"C:\Dev\Nexus_MASTER\server\tools\Restart-DevServer.ps1","Restart-DevServer.ps1","2053","1/18/2026 11:12:40 AM"
"C:\Dev\Nexus_MASTER\server\tools\Scan-Signatures.ps1","Scan-Signatures.ps1","1144","1/18/2026 11:30:39 AM"
"C:\Dev\Nexus_MASTER\server\tools\Snapshot-Public.ps1","Snapshot-Public.ps1","827","1/18/2026 11:31:39 AM"
"C:\Dev\Nexus_MASTER\server\tools\snapshots","snapshots",,"4/16/2026 8:00:29 PM"
"C:\Dev\Nexus_MASTER\server\tools\umbra-baseline.ps1","umbra-baseline.ps1","423","1/18/2026 10:57:31 AM"
"C:\Dev\Nexus_MASTER\server\tools\umbra-dupes.ps1","umbra-dupes.ps1","1219","1/18/2026 10:23:16 AM"
"C:\Dev\Nexus_MASTER\server\tools\umbra-map.ps1","umbra-map.ps1","689","1/18/2026 10:19:36 AM"
"C:\Dev\Nexus_MASTER\server\tools\umbra-syntax.ps1","umbra-syntax.ps1","737","1/18/2026 10:45:37 AM"
"C:\Dev\Nexus_MASTER\server\tools\umbra-wiring.ps1","umbra-wiring.ps1","813","1/18/2026 10:45:15 AM"
"C:\Dev\Nexus_MASTER\server\tools\Validate-IndexContracts.ps1","Validate-IndexContracts.ps1","2755","1/18/2026 11:13:06 AM"
"C:\Dev\Nexus_MASTER\server\tools\Validate-NodePipeline.ps1","Validate-NodePipeline.ps1","2298","1/18/2026 11:13:30 AM"
"C:\Dev\Nexus_MASTER\server\utils","utils",,"4/16/2026 9:25:34 PM"
"C:\Dev\Nexus_MASTER\server\utils\law_enforcement_validation.js","law_enforcement_validation.js","1744","4/16/2026 9:07:38 PM"
"C:\Dev\Nexus_MASTER\stitch_miami.py","stitch_miami.py","1292","4/10/2026 8:18:16 PM"
"C:\Dev\Nexus_MASTER\vite.config.js","vite.config.js","231","4/16/2026 10:36:10 PM"
