"Path","LineNumber","Line"
"C:\Dev\Nexus_MASTER\scripts\clients\black_dragon\append_ca_verified_contact.js","23","  return JSON.parse(fs.readFileSync(filePath, ""utf8""));"
"C:\Dev\Nexus_MASTER\scripts\clients\black_dragon\append_ca_verified_contact.js","28","  fs.writeFileSync(filePath, JSON.stringify(data, null, 2));"
"C:\Dev\Nexus_MASTER\scripts\clients\black_dragon\append_ca_verified_contact.js","123","  const existingIndex = store.contacts.findIndex(c =>"
"C:\Dev\Nexus_MASTER\scripts\clients\black_dragon\append_ca_verified_contact.js","131","  if (existingIndex >= 0) {"
"C:\Dev\Nexus_MASTER\scripts\clients\black_dragon\append_ca_verified_contact.js","132","    store.contacts[existingIndex] = patch;"
"C:\Dev\Nexus_MASTER\scripts\clients\black_dragon\append_manual_verified_contact.js","18","  return JSON.parse(fs.readFileSync(filePath, ""utf8""));"
"C:\Dev\Nexus_MASTER\scripts\clients\black_dragon\append_manual_verified_contact.js","23","  fs.writeFileSync(filePath, JSON.stringify(data, null, 2));"
"C:\Dev\Nexus_MASTER\scripts\clients\black_dragon\append_manual_verified_contact.js","86","  const index = store.contacts.findIndex(c =>"
"C:\Dev\Nexus_MASTER\scripts\clients\black_dragon\append_manual_verified_contact.js","91","  if (index >= 0) {"
"C:\Dev\Nexus_MASTER\scripts\clients\black_dragon\append_manual_verified_contact.js","92","    store.contacts[index] = patch;"
"C:\Dev\Nexus_MASTER\scripts\clients\black_dragon\append_tx_verified_contact.js","8","function read(p,f=null){if(!fs.existsSync(p))return f;return JSON.parse(fs.readFileSync(p,""utf8""));}"
"C:\Dev\Nexus_MASTER\scripts\clients\black_dragon\append_tx_verified_contact.js","9","function write(p,d){fs.mkdirSync(path.dirname(p),{recursive:true});fs.writeFileSync(p,JSON.stringify(d,null,2));}"
"C:\Dev\Nexus_MASTER\scripts\clients\black_dragon\append_tx_verified_contact.js","42","const idx=store.contacts.findIndex(c=>c.queue_id===patch.queue_id||c.agency_name===patch.agency_name);"
"C:\Dev\Nexus_MASTER\scripts\clients\black_dragon\black_dragon_final_account_audit.js","10","  ""public/data/clients/black_dragon/scored_targets.json"","
"C:\Dev\Nexus_MASTER\scripts\clients\black_dragon\black_dragon_final_account_audit.js","26","  ""public/globe/intel/clients/black_dragon.dossier.adapter.js"","
"C:\Dev\Nexus_MASTER\scripts\clients\black_dragon\black_dragon_final_account_audit.js","54","  return JSON.parse(fs.readFileSync(full, ""utf8""));"
"C:\Dev\Nexus_MASTER\scripts\clients\black_dragon\black_dragon_final_account_audit.js","70","  const text = fs.readFileSync(full, ""utf8"");"
"C:\Dev\Nexus_MASTER\scripts\clients\black_dragon\black_dragon_final_account_audit.js","91","function auditJsonFile(relPath) {"
"C:\Dev\Nexus_MASTER\scripts\clients\black_dragon\black_dragon_final_account_audit.js","105","    version: ""black_dragon_final_account_audit_v1"","
"C:\Dev\Nexus_MASTER\scripts\clients\black_dragon\black_dragon_final_account_audit.js","126","    ""public/data/clients/black_dragon/scored_targets.json"","
"C:\Dev\Nexus_MASTER\scripts\clients\black_dragon\black_dragon_final_account_audit.js","136","    report.json_counts.push(auditJsonFile(file));"
"C:\Dev\Nexus_MASTER\scripts\clients\black_dragon\black_dragon_final_account_audit.js","205","  const outputPath = path.join(CLIENT_ROOT, ""black_dragon_final_account_audit.json"");"
"C:\Dev\Nexus_MASTER\scripts\clients\black_dragon\black_dragon_final_account_audit.js","206","  fs.writeFileSync(outputPath, JSON.stringify(report, null, 2));"
"C:\Dev\Nexus_MASTER\scripts\clients\black_dragon\black_dragon_final_account_audit.js","208","  console.log(""[FINAL AUDIT] COMPLETE"");"
"C:\Dev\Nexus_MASTER\scripts\clients\black_dragon\black_dragon_final_account_audit.js","209","  console.log(""[FINAL AUDIT] Status:"", report.status);"
"C:\Dev\Nexus_MASTER\scripts\clients\black_dragon\black_dragon_final_account_audit.js","210","  console.log(""[FINAL AUDIT] Required missing:"", missing.length);"
"C:\Dev\Nexus_MASTER\scripts\clients\black_dragon\black_dragon_final_account_audit.js","211","  console.log(""[FINAL AUDIT] Files with red flags:"", redFlagFiles.length);"
"C:\Dev\Nexus_MASTER\scripts\clients\black_dragon\black_dragon_final_account_audit.js","212","  console.log(""[FINAL AUDIT] Overrides:"", report.contact_integrity.overrides_total);"
"C:\Dev\Nexus_MASTER\scripts\clients\black_dragon\black_dragon_final_account_audit.js","213","  console.log(""[FINAL AUDIT] Strict ready overrides:"", report.contact_integrity.overrides_strict_ready);"
"C:\Dev\Nexus_MASTER\scripts\clients\black_dragon\black_dragon_final_account_audit.js","214","  console.log(""[FINAL AUDIT] Ready targets:"", report.contact_integrity.ready_targets_total);"
"C:\Dev\Nexus_MASTER\scripts\clients\black_dragon\black_dragon_final_account_audit.js","215","  console.log(""[FINAL AUDIT] Outreach targets:"", report.contact_integrity.outreach_targets_total);"
"C:\Dev\Nexus_MASTER\scripts\clients\black_dragon\black_dragon_final_account_audit.js","216","  console.log(""[FINAL AUDIT] Output:"", outputPath);"
"C:\Dev\Nexus_MASTER\scripts\clients\black_dragon\build_50_state_source_registry.js","31","    status: ""SOURCE_CACHE_EXISTS_REVIEW_REQUIRED"","
"C:\Dev\Nexus_MASTER\scripts\clients\black_dragon\build_50_state_source_registry.js","35","    status: ""SOURCE_CACHE_EXISTS_REVIEW_REQUIRED"","
"C:\Dev\Nexus_MASTER\scripts\clients\black_dragon\build_50_state_source_registry.js","39","    status: ""SOURCE_CACHE_EXISTS_REVIEW_REQUIRED"","
"C:\Dev\Nexus_MASTER\scripts\clients\black_dragon\build_50_state_source_registry.js","83","fs.writeFileSync(OUT, JSON.stringify(registry, null, 2));"
"C:\Dev\Nexus_MASTER\scripts\clients\black_dragon\build_black_dragon_client_sync.js","4","const DOSSIER_PATH = ""public/data/clients/black_dragon/dossier_targets.json"";"
"C:\Dev\Nexus_MASTER\scripts\clients\black_dragon\build_black_dragon_client_sync.js","12","  return JSON.parse(fs.readFileSync(p, ""utf8""));"
"C:\Dev\Nexus_MASTER\scripts\clients\black_dragon\build_black_dragon_client_sync.js","17","  fs.writeFileSync(p, JSON.stringify(data, null, 2));"
"C:\Dev\Nexus_MASTER\scripts\clients\black_dragon\build_black_dragon_client_sync.js","28","  const dossiers = readJson(DOSSIER_PATH, { dossiers: [] });"
"C:\Dev\Nexus_MASTER\scripts\clients\black_dragon\build_black_dragon_client_sync.js","34","  for (const dossier of dossiers.dossiers || []) {"
"C:\Dev\Nexus_MASTER\scripts\clients\black_dragon\build_black_dragon_client_sync.js","37","      slug(t.agency_name) === slug(dossier.agency_name) &&"
"C:\Dev\Nexus_MASTER\scripts\clients\black_dragon\build_black_dragon_client_sync.js","38","      t.state === dossier.state"
"C:\Dev\Nexus_MASTER\scripts\clients\black_dragon\build_black_dragon_client_sync.js","42","      slug(t.agency_name) === slug(dossier.agency_name) &&"
"C:\Dev\Nexus_MASTER\scripts\clients\black_dragon\build_black_dragon_client_sync.js","43","      t.state === dossier.state"
"C:\Dev\Nexus_MASTER\scripts\clients\black_dragon\build_black_dragon_client_sync.js","47","      entity_id: dossier.entity_id,"
"C:\Dev\Nexus_MASTER\scripts\clients\black_dragon\build_black_dragon_client_sync.js","48","      agency_name: dossier.agency_name,"
"C:\Dev\Nexus_MASTER\scripts\clients\black_dragon\build_black_dragon_client_sync.js","49","      city: dossier.city,"
"C:\Dev\Nexus_MASTER\scripts\clients\black_dragon\build_black_dragon_client_sync.js","50","      state: dossier.state,"
"C:\Dev\Nexus_MASTER\scripts\clients\black_dragon\build_black_dragon_client_sync.js","53","        dossier_ready: true,"
"C:\Dev\Nexus_MASTER\scripts\clients\black_dragon\build_black_dragon_client_sync.js","58","      intelligence_summary: dossier.intelligence_summary,"
"C:\Dev\Nexus_MASTER\scripts\clients\black_dragon\build_black_dragon_client_sync.js","60","      contact_path: dossier.contact_path,"
"C:\Dev\Nexus_MASTER\scripts\clients\black_dragon\build_black_dragon_client_sync.js","69","        dossier.agency_identity?.source_trace || [],"
"C:\Dev\Nexus_MASTER\scripts\clients\black_dragon\build_black_dragon_client_sync.js","80","      dossiers: dossiers.dossiers.length,"
"C:\Dev\Nexus_MASTER\scripts\clients\black_dragon\build_candidate_review_shortlist.js","17","  return JSON.parse(fs.readFileSync(filePath, ""utf8""));"
"C:\Dev\Nexus_MASTER\scripts\clients\black_dragon\build_candidate_review_shortlist.js","22","  fs.writeFileSync(filePath, JSON.stringify(data, null, 2));"
"C:\Dev\Nexus_MASTER\scripts\clients\black_dragon\build_candidate_review_shortlist.js","39","      const scoreA = Number(a.candidate_score || 0);"
"C:\Dev\Nexus_MASTER\scripts\clients\black_dragon\build_candidate_review_shortlist.js","40","      const scoreB = Number(b.candidate_score || 0);"
"C:\Dev\Nexus_MASTER\scripts\clients\black_dragon\build_candidate_review_shortlist.js","41","      return scoreB - scoreA;"
"C:\Dev\Nexus_MASTER\scripts\clients\black_dragon\build_candidate_review_shortlist.js","44","    .map((candidate, index) => ({"
"C:\Dev\Nexus_MASTER\scripts\clients\black_dragon\build_candidate_review_shortlist.js","45","      review_rank: index + 1,"
"C:\Dev\Nexus_MASTER\scripts\clients\black_dragon\build_candidate_review_shortlist.js","47","      candidate_score: candidate.candidate_score || 0,"
"C:\Dev\Nexus_MASTER\scripts\clients\black_dragon\build_candidate_review_shortlist.js","88","        score: target.score,"
"C:\Dev\Nexus_MASTER\scripts\clients\black_dragon\build_candidate_review_shortlist.js","114","      return Number(b.score || 0) - Number(a.score || 0);"
"C:\Dev\Nexus_MASTER\scripts\clients\black_dragon\build_ca_manual_verification_queue.js","7","const input = JSON.parse(fs.readFileSync(IN_PATH, ""utf8""));"
"C:\Dev\Nexus_MASTER\scripts\clients\black_dragon\build_ca_manual_verification_queue.js","21","    review_score: t.review_score,"
"C:\Dev\Nexus_MASTER\scripts\clients\black_dragon\build_ca_manual_verification_queue.js","35","fs.writeFileSync(OUT_PATH, JSON.stringify(queue, null, 2));"
"C:\Dev\Nexus_MASTER\scripts\clients\black_dragon\build_ca_review_shortlist.js","8","  return JSON.parse(fs.readFileSync(p, ""utf8""));"
"C:\Dev\Nexus_MASTER\scripts\clients\black_dragon\build_ca_review_shortlist.js","13","  fs.writeFileSync(p, JSON.stringify(data, null, 2));"
"C:\Dev\Nexus_MASTER\scripts\clients\black_dragon\build_ca_review_shortlist.js","38","function scoreAgency(name) {"
"C:\Dev\Nexus_MASTER\scripts\clients\black_dragon\build_ca_review_shortlist.js","40","  let score = 0;"
"C:\Dev\Nexus_MASTER\scripts\clients\black_dragon\build_ca_review_shortlist.js","42","  if (n.includes(""POLICE DEPARTMENT"")) score += 50;"
"C:\Dev\Nexus_MASTER\scripts\clients\black_dragon\build_ca_review_shortlist.js","43","  if (n.includes(""SHERIFF"")) score += 45;"
"C:\Dev\Nexus_MASTER\scripts\clients\black_dragon\build_ca_review_shortlist.js","44","  if (n.includes(""COMMUNITY COLLEGE"")) score += 10;"
"C:\Dev\Nexus_MASTER\scripts\clients\black_dragon\build_ca_review_shortlist.js","45","  if (n.includes(""CAMPUS POLICE"")) score += 10;"
"C:\Dev\Nexus_MASTER\scripts\clients\black_dragon\build_ca_review_shortlist.js","46","  if (n.includes(""COUNTY"")) score += 8;"
"C:\Dev\Nexus_MASTER\scripts\clients\black_dragon\build_ca_review_shortlist.js","48","  if (n.includes(""LOS ANGELES"")) score += 25;"
"C:\Dev\Nexus_MASTER\scripts\clients\black_dragon\build_ca_review_shortlist.js","49","  if (n.includes(""SAN DIEGO"")) score += 25;"
"C:\Dev\Nexus_MASTER\scripts\clients\black_dragon\build_ca_review_shortlist.js","50","  if (n.includes(""SAN JOSE"")) score += 25;"
"C:\Dev\Nexus_MASTER\scripts\clients\black_dragon\build_ca_review_shortlist.js","51","  if (n.includes(""SAN FRANCISCO"")) score += 25;"
"C:\Dev\Nexus_MASTER\scripts\clients\black_dragon\build_ca_review_shortlist.js","52","  if (n.includes(""SACRAMENTO"")) score += 20;"
"C:\Dev\Nexus_MASTER\scripts\clients\black_dragon\build_ca_review_shortlist.js","53","  if (n.includes(""OAKLAND"")) score += 20;"
"C:\Dev\Nexus_MASTER\scripts\clients\black_dragon\build_ca_review_shortlist.js","54","  if (n.includes(""FRESNO"")) score += 20;"
"C:\Dev\Nexus_MASTER\scripts\clients\black_dragon\build_ca_review_shortlist.js","55","  if (n.includes(""ANAHEIM"")) score += 15;"
"C:\Dev\Nexus_MASTER\scripts\clients\black_dragon\build_ca_review_shortlist.js","56","  if (n.includes(""LONG BEACH"")) score += 15;"
"C:\Dev\Nexus_MASTER\scripts\clients\black_dragon\build_ca_review_shortlist.js","57","  if (n.includes(""RIVERSIDE"")) score += 15;"
"C:\Dev\Nexus_MASTER\scripts\clients\black_dragon\build_ca_review_shortlist.js","58","  if (n.includes(""STOCKTON"")) score += 15;"
"C:\Dev\Nexus_MASTER\scripts\clients\black_dragon\build_ca_review_shortlist.js","59","  if (n.includes(""BAKERSFIELD"")) score += 15;"
"C:\Dev\Nexus_MASTER\scripts\clients\black_dragon\build_ca_review_shortlist.js","61","  return score;"
"C:\Dev\Nexus_MASTER\scripts\clients\black_dragon\build_ca_review_shortlist.js","83","      review_score: scoreAgency(agency_name),"
"C:\Dev\Nexus_MASTER\scripts\clients\black_dragon\build_ca_review_shortlist.js","90","  cleaned.sort((a, b) => b.review_score - a.review_score || a.agency_name.localeCompare(b.agency_name));"
"C:\Dev\Nexus_MASTER\scripts\clients\black_dragon\build_city_normalization_registry.js","15","    ""match against geocode_cache key CITY|STATE"""
"C:\Dev\Nexus_MASTER\scripts\clients\black_dragon\build_city_normalization_registry.js","26","fs.writeFileSync(OUT, JSON.stringify(registry, null, 2));"
"C:\Dev\Nexus_MASTER\scripts\clients\black_dragon\build_client_dossier_index.js","4","const DOSSIERS = ""public/data/clients/black_dragon/dossier_targets.json"";"
"C:\Dev\Nexus_MASTER\scripts\clients\black_dragon\build_client_dossier_index.js","5","const OUT = ""public/data/clients/black_dragon/client_dossier_index.json"";"
"C:\Dev\Nexus_MASTER\scripts\clients\black_dragon\build_client_dossier_index.js","8","  return JSON.parse(fs.readFileSync(p, ""utf8""));"
"C:\Dev\Nexus_MASTER\scripts\clients\black_dragon\build_client_dossier_index.js","11","const dossiers = read(DOSSIERS);"
"C:\Dev\Nexus_MASTER\scripts\clients\black_dragon\build_client_dossier_index.js","13","const index = {"
"C:\Dev\Nexus_MASTER\scripts\clients\black_dragon\build_client_dossier_index.js","14","  version: ""black_dragon_client_dossier_index_v1"","
"C:\Dev\Nexus_MASTER\scripts\clients\black_dragon\build_client_dossier_index.js","17","  total_dossiers: dossiers.total_dossiers,"
"C:\Dev\Nexus_MASTER\scripts\clients\black_dragon\build_client_dossier_index.js","18","  index: (dossiers.dossiers || []).map(d => ({"
"C:\Dev\Nexus_MASTER\scripts\clients\black_dragon\build_client_dossier_index.js","23","    dossier_status: d.dossier_status,"
"C:\Dev\Nexus_MASTER\scripts\clients\black_dragon\build_client_dossier_index.js","24","    final_score: d.intelligence_summary?.final_score || 0,"
"C:\Dev\Nexus_MASTER\scripts\clients\black_dragon\build_client_dossier_index.js","30","fs.writeFileSync(OUT, JSON.stringify(index, null, 2));"
"C:\Dev\Nexus_MASTER\scripts\clients\black_dragon\build_client_dossier_index.js","32","console.log(""[DOSSIER INDEX] COMPLETE"");"
"C:\Dev\Nexus_MASTER\scripts\clients\black_dragon\build_client_dossier_index.js","33","console.log(""[DOSSIER INDEX] Dossiers:"", index.total_dossiers);"
"C:\Dev\Nexus_MASTER\scripts\clients\black_dragon\build_client_handoff_package.js","8","  return JSON.parse(fs.readFileSync(p, ""utf8""));"
"C:\Dev\Nexus_MASTER\scripts\clients\black_dragon\build_client_handoff_package.js","13","const dossierIndex = read(`${ROOT}/client_dossier_index.json`, { index: [] });"
"C:\Dev\Nexus_MASTER\scripts\clients\black_dragon\build_client_handoff_package.js","24","    dossier_index: dossierIndex.index.length,"
"C:\Dev\Nexus_MASTER\scripts\clients\black_dragon\build_client_handoff_package.js","26","    runtime_integrity_audit: true,"
"C:\Dev\Nexus_MASTER\scripts\clients\black_dragon\build_client_handoff_package.js","32","    ""Agency dossiers"","
"C:\Dev\Nexus_MASTER\scripts\clients\black_dragon\build_client_handoff_package.js","41","    ""Raw source cache"""
"C:\Dev\Nexus_MASTER\scripts\clients\black_dragon\build_client_handoff_package.js","51","fs.writeFileSync(OUT, JSON.stringify(handoff, null, 2));"
"C:\Dev\Nexus_MASTER\scripts\clients\black_dragon\build_dossier_export_bridge.js","3","const INPUT = ""public/data/clients/black_dragon/dossier_targets.json"";"
"C:\Dev\Nexus_MASTER\scripts\clients\black_dragon\build_dossier_export_bridge.js","4","const OUTPUT = ""public/data/clients/black_dragon/dossier_export_bridge.json"";"
"C:\Dev\Nexus_MASTER\scripts\clients\black_dragon\build_dossier_export_bridge.js","6","const data = JSON.parse(fs.readFileSync(INPUT, ""utf8""));"
"C:\Dev\Nexus_MASTER\scripts\clients\black_dragon\build_dossier_export_bridge.js","9","  version: ""black_dragon_dossier_export_bridge_v1"","
"C:\Dev\Nexus_MASTER\scripts\clients\black_dragon\build_dossier_export_bridge.js","12","  dossiers: data.dossiers.map(d => ({"
"C:\Dev\Nexus_MASTER\scripts\clients\black_dragon\build_dossier_export_bridge.js","16","    score: d.intelligence_summary.final_score,"
"C:\Dev\Nexus_MASTER\scripts\clients\black_dragon\build_dossier_export_bridge.js","22","fs.writeFileSync(OUTPUT, JSON.stringify(exportData, null, 2));"
"C:\Dev\Nexus_MASTER\scripts\clients\black_dragon\build_dossier_export_bridge.js","24","console.log(""[DOSSIER EXPORT] COMPLETE"");"
"C:\Dev\Nexus_MASTER\scripts\clients\black_dragon\build_dossier_export_bridge.js","25","console.log(""[DOSSIER EXPORT] Dossiers:"", exportData.dossiers.length);"
"C:\Dev\Nexus_MASTER\scripts\clients\black_dragon\build_dossier_targets.js","4","const IN_PATH = ""public/data/clients/black_dragon/normalized_intelligence_outputs.json"";"
"C:\Dev\Nexus_MASTER\scripts\clients\black_dragon\build_dossier_targets.js","5","const OUT_PATH = ""public/data/clients/black_dragon/dossier_targets.json"";"
"C:\Dev\Nexus_MASTER\scripts\clients\black_dragon\build_dossier_targets.js","8","  return JSON.parse(fs.readFileSync(p, ""utf8""));"
"C:\Dev\Nexus_MASTER\scripts\clients\black_dragon\build_dossier_targets.js","13","  fs.writeFileSync(p, JSON.stringify(data, null, 2));"
"C:\Dev\Nexus_MASTER\scripts\clients\black_dragon\build_dossier_targets.js","30","  const scoresByEntity = groupByEntity(input.score_components);"
"C:\Dev\Nexus_MASTER\scripts\clients\black_dragon\build_dossier_targets.js","31","  const fieldsByEntity = groupByEntity(input.dossier_fields);"
"C:\Dev\Nexus_MASTER\scripts\clients\black_dragon\build_dossier_targets.js","33","  const dossiers = input.entities.map(entity => {"
"C:\Dev\Nexus_MASTER\scripts\clients\black_dragon\build_dossier_targets.js","34","    const scores = scoresByEntity[entity.entity_id] || [];"
"C:\Dev\Nexus_MASTER\scripts\clients\black_dragon\build_dossier_targets.js","35","    const weightedTotal = scores.reduce((sum, s) => sum + (s.component_score * s.weight), 0);"
"C:\Dev\Nexus_MASTER\scripts\clients\black_dragon\build_dossier_targets.js","36","    const weightTotal = scores.reduce((sum, s) => sum + s.weight, 0);"
"C:\Dev\Nexus_MASTER\scripts\clients\black_dragon\build_dossier_targets.js","37","    const finalScore = weightTotal ? Math.round(weightedTotal / weightTotal) : 0;"
"C:\Dev\Nexus_MASTER\scripts\clients\black_dragon\build_dossier_targets.js","47","      dossier_status: ""READY_FOR_CLIENT_REVIEW"","
"C:\Dev\Nexus_MASTER\scripts\clients\black_dragon\build_dossier_targets.js","50","        final_score: finalScore,"
"C:\Dev\Nexus_MASTER\scripts\clients\black_dragon\build_dossier_targets.js","82","      score_components: scores,"
"C:\Dev\Nexus_MASTER\scripts\clients\black_dragon\build_dossier_targets.js","88","    version: ""black_dragon_dossier_targets_v1"","
"C:\Dev\Nexus_MASTER\scripts\clients\black_dragon\build_dossier_targets.js","91","    total_dossiers: dossiers.length,"
"C:\Dev\Nexus_MASTER\scripts\clients\black_dragon\build_dossier_targets.js","92","    rule: ""Dossiers are generated only from normalized verified intelligence outputs."","
"C:\Dev\Nexus_MASTER\scripts\clients\black_dragon\build_dossier_targets.js","93","    dossiers"
"C:\Dev\Nexus_MASTER\scripts\clients\black_dragon\build_dossier_targets.js","98","  console.log(""[DOSSIER] COMPLETE"");"
"C:\Dev\Nexus_MASTER\scripts\clients\black_dragon\build_dossier_targets.js","99","  console.log(""[DOSSIER] Dossiers:"", dossiers.length);"
"C:\Dev\Nexus_MASTER\scripts\clients\black_dragon\build_dossier_targets.js","100","  console.log(""[DOSSIER] Output:"", OUT_PATH);"
"C:\Dev\Nexus_MASTER\scripts\clients\black_dragon\build_execution_state_bridge.js","6","const data = JSON.parse(fs.readFileSync(INPUT, ""utf8""));"
"C:\Dev\Nexus_MASTER\scripts\clients\black_dragon\build_execution_state_bridge.js","24","fs.writeFileSync(OUTPUT, JSON.stringify(out, null, 2));"
"C:\Dev\Nexus_MASTER\scripts\clients\black_dragon\build_founder_control_summary.js","12","    client_visible_outputs_are_derived_only: true,"
"C:\Dev\Nexus_MASTER\scripts\clients\black_dragon\build_founder_control_summary.js","20","    ""normalized_intelligence_outputs.json"","
"C:\Dev\Nexus_MASTER\scripts\clients\black_dragon\build_founder_control_summary.js","21","    ""dossier_targets.json"","
"C:\Dev\Nexus_MASTER\scripts\clients\black_dragon\build_founder_control_summary.js","34","fs.writeFileSync(OUT, JSON.stringify(summary, null, 2));"
"C:\Dev\Nexus_MASTER\scripts\clients\black_dragon\build_full_account_audit.js","4","const OUT = `${ROOT}/black_dragon_full_account_audit.json`;"
"C:\Dev\Nexus_MASTER\scripts\clients\black_dragon\build_full_account_audit.js","8","  return JSON.parse(fs.readFileSync(p, ""utf8""));"
"C:\Dev\Nexus_MASTER\scripts\clients\black_dragon\build_full_account_audit.js","15","  ""normalized_intelligence_outputs.json"","
"C:\Dev\Nexus_MASTER\scripts\clients\black_dragon\build_full_account_audit.js","16","  ""dossier_targets.json"","
"C:\Dev\Nexus_MASTER\scripts\clients\black_dragon\build_full_account_audit.js","23","  ""runtime_integration_batch_audit.json"""
"C:\Dev\Nexus_MASTER\scripts\clients\black_dragon\build_full_account_audit.js","31","const dossiers = read(`${ROOT}/dossier_targets.json`, { dossiers: [] });"
"C:\Dev\Nexus_MASTER\scripts\clients\black_dragon\build_full_account_audit.js","41","  dossiers_match_national: dossiers.dossiers.length === national.targets.length,"
"C:\Dev\Nexus_MASTER\scripts\clients\black_dragon\build_full_account_audit.js","42","  sync_matches_dossiers: sync.stats.synced_targets === dossiers.dossiers.length,"
"C:\Dev\Nexus_MASTER\scripts\clients\black_dragon\build_full_account_audit.js","48","const audit = {"
"C:\Dev\Nexus_MASTER\scripts\clients\black_dragon\build_full_account_audit.js","49","  version: ""black_dragon_full_account_audit_v1"","
"C:\Dev\Nexus_MASTER\scripts\clients\black_dragon\build_full_account_audit.js","57","    dossiers: dossiers.dossiers.length,"
"C:\Dev\Nexus_MASTER\scripts\clients\black_dragon\build_full_account_audit.js","65","fs.writeFileSync(OUT, JSON.stringify(audit, null, 2));"
"C:\Dev\Nexus_MASTER\scripts\clients\black_dragon\build_full_account_audit.js","66","console.log(""[FULL AUDIT]"", audit.status, JSON.stringify(audit.counts));"
"C:\Dev\Nexus_MASTER\scripts\clients\black_dragon\build_geocode_cache.js","4","const OUT = ""public/data/clients/black_dragon/geocode_cache.json"";"
"C:\Dev\Nexus_MASTER\scripts\clients\black_dragon\build_geocode_cache.js","20","const cache = {"
"C:\Dev\Nexus_MASTER\scripts\clients\black_dragon\build_geocode_cache.js","21","  version: ""black_dragon_geocode_cache_v1"","
"C:\Dev\Nexus_MASTER\scripts\clients\black_dragon\build_geocode_cache.js","38","fs.writeFileSync(OUT, JSON.stringify(cache, null, 2));"
"C:\Dev\Nexus_MASTER\scripts\clients\black_dragon\build_geocode_cache.js","40","console.log(""[GEOCODE CACHE] COMPLETE"");"
"C:\Dev\Nexus_MASTER\scripts\clients\black_dragon\build_geocode_cache.js","41","console.log(""[GEOCODE CACHE] Records:"", cache.records.length);"
"C:\Dev\Nexus_MASTER\scripts\clients\black_dragon\build_geographic_intelligence_layer.js","5","const CACHE = ""public/data/clients/black_dragon/geocode_cache.json"";"
"C:\Dev\Nexus_MASTER\scripts\clients\black_dragon\build_geographic_intelligence_layer.js","8","function read(p) { return JSON.parse(fs.readFileSync(p, ""utf8"")); }"
"C:\Dev\Nexus_MASTER\scripts\clients\black_dragon\build_geographic_intelligence_layer.js","11","const cache = read(CACHE);"
"C:\Dev\Nexus_MASTER\scripts\clients\black_dragon\build_geographic_intelligence_layer.js","12","const lookup = new Map(cache.records.map(r => [r.key, r]));"
"C:\Dev\Nexus_MASTER\scripts\clients\black_dragon\build_geographic_intelligence_layer.js","45","fs.writeFileSync(OUT, JSON.stringify(output, null, 2));"
"C:\Dev\Nexus_MASTER\scripts\clients\black_dragon\build_globe_data_adapter.js","9","  return JSON.parse(fs.readFileSync(p, ""utf8""));"
"C:\Dev\Nexus_MASTER\scripts\clients\black_dragon\build_globe_data_adapter.js","35","    score: n.score,"
"C:\Dev\Nexus_MASTER\scripts\clients\black_dragon\build_globe_data_adapter.js","37","    dossier_ready: n.dossier_ready,"
"C:\Dev\Nexus_MASTER\scripts\clients\black_dragon\build_globe_data_adapter.js","45","fs.writeFileSync(OUT, JSON.stringify(adapter, null, 2));"
"C:\Dev\Nexus_MASTER\scripts\clients\black_dragon\build_globe_sync_export.js","8","  return JSON.parse(fs.readFileSync(p, ""utf8""));"
"C:\Dev\Nexus_MASTER\scripts\clients\black_dragon\build_globe_sync_export.js","34","    dossier_ready: t.operational_status?.dossier_ready === true,"
"C:\Dev\Nexus_MASTER\scripts\clients\black_dragon\build_globe_sync_export.js","36","    score: t.intelligence_summary?.final_score || 0,"
"C:\Dev\Nexus_MASTER\scripts\clients\black_dragon\build_globe_sync_export.js","52","fs.writeFileSync(OUT, JSON.stringify(output, null, 2));"
"C:\Dev\Nexus_MASTER\scripts\clients\black_dragon\build_intelligence_refresh_ledger.js","9","  ""normalized_intelligence_outputs.json"","
"C:\Dev\Nexus_MASTER\scripts\clients\black_dragon\build_intelligence_refresh_ledger.js","10","  ""dossier_targets.json"","
"C:\Dev\Nexus_MASTER\scripts\clients\black_dragon\build_intelligence_refresh_ledger.js","12","  ""source_freshness_audit.json"","
"C:\Dev\Nexus_MASTER\scripts\clients\black_dragon\build_intelligence_refresh_ledger.js","37","fs.writeFileSync(OUT, JSON.stringify(ledger, null, 2));"
"C:\Dev\Nexus_MASTER\scripts\clients\black_dragon\build_launch_readiness_report.js","3","const AUDIT = ""public/data/clients/black_dragon/black_dragon_full_account_audit.json"";"
"C:\Dev\Nexus_MASTER\scripts\clients\black_dragon\build_launch_readiness_report.js","6","const audit = JSON.parse(fs.readFileSync(AUDIT, ""utf8""));"
"C:\Dev\Nexus_MASTER\scripts\clients\black_dragon\build_launch_readiness_report.js","11","  status: audit.status === ""PASS"" ? ""LAUNCH_READY_FOR_CONTROLLED_PILOT"" : ""NOT_READY"","
"C:\Dev\Nexus_MASTER\scripts\clients\black_dragon\build_launch_readiness_report.js","14","    verified_targets: audit.counts.national_verified_targets,"
"C:\Dev\Nexus_MASTER\scripts\clients\black_dragon\build_launch_readiness_report.js","15","    dossiers: audit.counts.dossiers,"
"C:\Dev\Nexus_MASTER\scripts\clients\black_dragon\build_launch_readiness_report.js","16","    globe_nodes: audit.counts.globe_nodes,"
"C:\Dev\Nexus_MASTER\scripts\clients\black_dragon\build_launch_readiness_report.js","24","    ""Dossiers must derive from normalized verified intelligence outputs."","
"C:\Dev\Nexus_MASTER\scripts\clients\black_dragon\build_launch_readiness_report.js","25","    ""Globe nodes must use declared geospatial cache, not pseudo-random coordinates."""
"C:\Dev\Nexus_MASTER\scripts\clients\black_dragon\build_launch_readiness_report.js","36","fs.writeFileSync(OUT, JSON.stringify(report, null, 2));"
"C:\Dev\Nexus_MASTER\scripts\clients\black_dragon\build_live_ingestion_manifest.js","37","      job_id: ""BD_NORMALIZED_INTELLIGENCE_REFRESH"","
"C:\Dev\Nexus_MASTER\scripts\clients\black_dragon\build_live_ingestion_manifest.js","41","      output: ""public/data/clients/black_dragon/normalized_intelligence_outputs.json"","
"C:\Dev\Nexus_MASTER\scripts\clients\black_dragon\build_live_ingestion_manifest.js","48","      input: ""dossiers + shortlist + execution log"","
"C:\Dev\Nexus_MASTER\scripts\clients\black_dragon\build_live_ingestion_manifest.js","56","fs.writeFileSync(OUT, JSON.stringify(manifest, null, 2));"
"C:\Dev\Nexus_MASTER\scripts\clients\black_dragon\build_national_state_expansion_audit.js","4","const OUT=""public/data/clients/black_dragon/national_state_expansion_audit.json"";"
"C:\Dev\Nexus_MASTER\scripts\clients\black_dragon\build_national_state_expansion_audit.js","6","function read(p,fallback=null){if(!fs.existsSync(p))return fallback;return JSON.parse(fs.readFileSync(p,""utf8""));}"
"C:\Dev\Nexus_MASTER\scripts\clients\black_dragon\build_national_state_expansion_audit.js","12","const audit={"
"C:\Dev\Nexus_MASTER\scripts\clients\black_dragon\build_national_state_expansion_audit.js","13","  version:""black_dragon_national_state_expansion_audit_v1"","
"C:\Dev\Nexus_MASTER\scripts\clients\black_dragon\build_national_state_expansion_audit.js","30","fs.writeFileSync(OUT,JSON.stringify(audit,null,2));"
"C:\Dev\Nexus_MASTER\scripts\clients\black_dragon\build_national_state_expansion_audit.js","31","console.log(""[NATIONAL EXPANSION AUDIT] COMPLETE"");"
"C:\Dev\Nexus_MASTER\scripts\clients\black_dragon\build_national_state_expansion_audit.js","32","console.log(""[NATIONAL EXPANSION AUDIT] TX queue:"",audit.states.TX.queue_targets);"
"C:\Dev\Nexus_MASTER\scripts\clients\black_dragon\build_national_verified_outreach_shortlist.js","26","  return JSON.parse(fs.readFileSync(filePath, ""utf8""));"
"C:\Dev\Nexus_MASTER\scripts\clients\black_dragon\build_national_verified_outreach_shortlist.js","79","  const deduped = [];"
"C:\Dev\Nexus_MASTER\scripts\clients\black_dragon\build_national_verified_outreach_shortlist.js","85","    deduped.push(target);"
"C:\Dev\Nexus_MASTER\scripts\clients\black_dragon\build_national_verified_outreach_shortlist.js","92","    total_targets: deduped.length,"
"C:\Dev\Nexus_MASTER\scripts\clients\black_dragon\build_national_verified_outreach_shortlist.js","93","    states_included: [...new Set(deduped.map(t => t.state))].sort(),"
"C:\Dev\Nexus_MASTER\scripts\clients\black_dragon\build_national_verified_outreach_shortlist.js","94","    targets: deduped"
"C:\Dev\Nexus_MASTER\scripts\clients\black_dragon\build_national_verified_outreach_shortlist.js","98","  fs.writeFileSync(OUT_PATH, JSON.stringify(output, null, 2));"
"C:\Dev\Nexus_MASTER\scripts\clients\black_dragon\build_operational_ui_state.js","6","const INDEX = ""public/data/clients/black_dragon/client_dossier_index.json"";"
"C:\Dev\Nexus_MASTER\scripts\clients\black_dragon\build_operational_ui_state.js","10","  return JSON.parse(fs.readFileSync(p, ""utf8""));"
"C:\Dev\Nexus_MASTER\scripts\clients\black_dragon\build_operational_ui_state.js","15","const index = read(INDEX);"
"C:\Dev\Nexus_MASTER\scripts\clients\black_dragon\build_operational_ui_state.js","24","    dossiers: index.total_dossiers,"
"C:\Dev\Nexus_MASTER\scripts\clients\black_dragon\build_operational_ui_state.js","33","    dossier_panel_enabled: true,"
"C:\Dev\Nexus_MASTER\scripts\clients\black_dragon\build_operational_ui_state.js","38","  target_index: index.index"
"C:\Dev\Nexus_MASTER\scripts\clients\black_dragon\build_operational_ui_state.js","42","fs.writeFileSync(OUT, JSON.stringify(ui, null, 2));"
"C:\Dev\Nexus_MASTER\scripts\clients\black_dragon\build_outreach_shortlist.js","12","  return JSON.parse(fs.readFileSync(filePath, ""utf8""));"
"C:\Dev\Nexus_MASTER\scripts\clients\black_dragon\build_outreach_shortlist.js","17","  fs.writeFileSync(filePath, JSON.stringify(data, null, 2));"
"C:\Dev\Nexus_MASTER\scripts\clients\black_dragon\build_real_globe_sync_export.js","8","function read(p) { return JSON.parse(fs.readFileSync(p, ""utf8"")); }"
"C:\Dev\Nexus_MASTER\scripts\clients\black_dragon\build_real_globe_sync_export.js","32","    dossier_ready: t.operational_status?.dossier_ready === true,"
"C:\Dev\Nexus_MASTER\scripts\clients\black_dragon\build_real_globe_sync_export.js","34","    score: t.intelligence_summary?.final_score || 0,"
"C:\Dev\Nexus_MASTER\scripts\clients\black_dragon\build_real_globe_sync_export.js","46","  rule: ""Uses verified city-centroid cache. No pseudo-random coordinates."","
"C:\Dev\Nexus_MASTER\scripts\clients\black_dragon\build_real_globe_sync_export.js","52","fs.writeFileSync(OUT, JSON.stringify(output, null, 2));"
"C:\Dev\Nexus_MASTER\scripts\clients\black_dragon\build_runtime_authority_map.js","17","    dossiers: ""dossier_targets.json"","
"C:\Dev\Nexus_MASTER\scripts\clients\black_dragon\build_runtime_authority_map.js","20","    normalized_outputs: ""normalized_intelligence_outputs.json"","
"C:\Dev\Nexus_MASTER\scripts\clients\black_dragon\build_runtime_authority_map.js","35","fs.writeFileSync(OUT, JSON.stringify(map, null, 2));"
"C:\Dev\Nexus_MASTER\scripts\clients\black_dragon\build_runtime_integration_batch_audit.js","4","const OUT = ""public/data/clients/black_dragon/runtime_integration_batch_audit.json"";"
"C:\Dev\Nexus_MASTER\scripts\clients\black_dragon\build_runtime_integration_batch_audit.js","8","  return JSON.parse(fs.readFileSync(p, ""utf8""));"
"C:\Dev\Nexus_MASTER\scripts\clients\black_dragon\build_runtime_integration_batch_audit.js","14","  ""client_dossier_index.json"","
"C:\Dev\Nexus_MASTER\scripts\clients\black_dragon\build_runtime_integration_batch_audit.js","18","  ""dossier_targets.json"","
"C:\Dev\Nexus_MASTER\scripts\clients\black_dragon\build_runtime_integration_batch_audit.js","26","const dossierIndex = read(`${root}/client_dossier_index.json`, { total_dossiers: 0 });"
"C:\Dev\Nexus_MASTER\scripts\clients\black_dragon\build_runtime_integration_batch_audit.js","34","  sync_matches_dossier_index: sync.stats.synced_targets === dossierIndex.total_dossiers,"
"C:\Dev\Nexus_MASTER\scripts\clients\black_dragon\build_runtime_integration_batch_audit.js","40","const audit = {"
"C:\Dev\Nexus_MASTER\scripts\clients\black_dragon\build_runtime_integration_batch_audit.js","41","  version: ""black_dragon_runtime_integration_batch_audit_v1"","
"C:\Dev\Nexus_MASTER\scripts\clients\black_dragon\build_runtime_integration_batch_audit.js","49","    dossier_index: dossierIndex.total_dossiers || 0,"
"C:\Dev\Nexus_MASTER\scripts\clients\black_dragon\build_runtime_integration_batch_audit.js","55","fs.writeFileSync(OUT, JSON.stringify(audit, null, 2));"
"C:\Dev\Nexus_MASTER\scripts\clients\black_dragon\build_runtime_integration_batch_audit.js","57","console.log(""[RUNTIME BATCH AUDIT] COMPLETE"");"
"C:\Dev\Nexus_MASTER\scripts\clients\black_dragon\build_runtime_integration_batch_audit.js","58","console.log(""[RUNTIME BATCH AUDIT] Status:"", audit.status);"
"C:\Dev\Nexus_MASTER\scripts\clients\black_dragon\build_runtime_integration_batch_audit.js","59","console.log(""[RUNTIME BATCH AUDIT] Counts:"", JSON.stringify(audit.counts));"
"C:\Dev\Nexus_MASTER\scripts\clients\black_dragon\build_runtime_integrity_check.js","8","  return JSON.parse(fs.readFileSync(p, ""utf8""));"
"C:\Dev\Nexus_MASTER\scripts\clients\black_dragon\build_runtime_integrity_check.js","14","  ""public/data/clients/black_dragon/normalized_intelligence_outputs.json"","
"C:\Dev\Nexus_MASTER\scripts\clients\black_dragon\build_runtime_integrity_check.js","15","  ""public/data/clients/black_dragon/dossier_targets.json"","
"C:\Dev\Nexus_MASTER\scripts\clients\black_dragon\build_runtime_integrity_check.js","21","const dossiers = readJson(""public/data/clients/black_dragon/dossier_targets.json"", { dossiers: [] });"
"C:\Dev\Nexus_MASTER\scripts\clients\black_dragon\build_runtime_integrity_check.js","33","    dossiers: dossiers.dossiers.length,"
"C:\Dev\Nexus_MASTER\scripts\clients\black_dragon\build_runtime_integrity_check.js","39","    dossier_count_matches_national: dossiers.dossiers.length === national.targets.length,"
"C:\Dev\Nexus_MASTER\scripts\clients\black_dragon\build_runtime_integrity_check.js","40","    sync_count_matches_dossiers: sync.targets.length === dossiers.dossiers.length"
"C:\Dev\Nexus_MASTER\scripts\clients\black_dragon\build_runtime_integrity_check.js","47","  !result.checks.dossier_count_matches_national ||"
"C:\Dev\Nexus_MASTER\scripts\clients\black_dragon\build_runtime_integrity_check.js","48","  !result.checks.sync_count_matches_dossiers"
"C:\Dev\Nexus_MASTER\scripts\clients\black_dragon\build_runtime_integrity_check.js","54","fs.writeFileSync(OUT, JSON.stringify(result, null, 2));"
"C:\Dev\Nexus_MASTER\scripts\clients\black_dragon\build_runtime_integrity_check.js","59","console.log(""[RUNTIME INTEGRITY] Dossiers:"", result.counts.dossiers);"
"C:\Dev\Nexus_MASTER\scripts\clients\black_dragon\build_runtime_loader_manifest.js","13","    ""dossier_targets.json"","
"C:\Dev\Nexus_MASTER\scripts\clients\black_dragon\build_runtime_loader_manifest.js","15","    ""normalized_intelligence_outputs.json"","
"C:\Dev\Nexus_MASTER\scripts\clients\black_dragon\build_runtime_loader_manifest.js","24","    dossiers_require_normalized_outputs: true,"
"C:\Dev\Nexus_MASTER\scripts\clients\black_dragon\build_runtime_loader_manifest.js","30","fs.writeFileSync(OUT, JSON.stringify(manifest, null, 2));"
"C:\Dev\Nexus_MASTER\scripts\clients\black_dragon\build_scoring_export_bridge.js","3","const INPUT = ""public/data/clients/black_dragon/normalized_intelligence_outputs.json"";"
"C:\Dev\Nexus_MASTER\scripts\clients\black_dragon\build_scoring_export_bridge.js","6","const data = JSON.parse(fs.readFileSync(INPUT, ""utf8""));"
"C:\Dev\Nexus_MASTER\scripts\clients\black_dragon\build_scoring_export_bridge.js","12","  scores: data.score_components.map(s => ({"
"C:\Dev\Nexus_MASTER\scripts\clients\black_dragon\build_scoring_export_bridge.js","16","    component_score: s.component_score,"
"C:\Dev\Nexus_MASTER\scripts\clients\black_dragon\build_scoring_export_bridge.js","18","    weighted_score: Math.round(s.component_score * s.weight)"
"C:\Dev\Nexus_MASTER\scripts\clients\black_dragon\build_scoring_export_bridge.js","22","fs.writeFileSync(OUTPUT, JSON.stringify(exportData, null, 2));"
"C:\Dev\Nexus_MASTER\scripts\clients\black_dragon\build_scoring_export_bridge.js","25","console.log(""[SCORING EXPORT] Scores:"", exportData.scores.length);"
"C:\Dev\Nexus_MASTER\scripts\clients\black_dragon\build_source_freshness_audit.js","5","const OUT = ""public/data/clients/black_dragon/source_freshness_audit.json"";"
"C:\Dev\Nexus_MASTER\scripts\clients\black_dragon\build_source_freshness_audit.js","8","  return JSON.parse(fs.readFileSync(p, ""utf8""));"
"C:\Dev\Nexus_MASTER\scripts\clients\black_dragon\build_source_freshness_audit.js","43","  version: ""black_dragon_source_freshness_audit_v1"","
"C:\Dev\Nexus_MASTER\scripts\clients\black_dragon\build_source_freshness_audit.js","50","fs.writeFileSync(OUT, JSON.stringify(output, null, 2));"
"C:\Dev\Nexus_MASTER\scripts\clients\black_dragon\build_source_freshness_audit.js","52","console.log(""[FRESHNESS AUDIT] COMPLETE"");"
"C:\Dev\Nexus_MASTER\scripts\clients\black_dragon\build_source_freshness_audit.js","53","console.log(""[FRESHNESS AUDIT] Sources:"", sources.length);"
"C:\Dev\Nexus_MASTER\scripts\clients\black_dragon\build_target_output_layer.js","4","const INPUT_PATH = path.join(__dirname, ""../../../public/data/clients/black_dragon/scored_targets.json"");"
"C:\Dev\Nexus_MASTER\scripts\clients\black_dragon\build_target_output_layer.js","20","    target.score"
"C:\Dev\Nexus_MASTER\scripts\clients\black_dragon\build_target_output_layer.js","25","  return `Target selected due to score ${target.score} with classification ${target.target_classification}. Agency shows relevance for MC-related enforcement training and operational exposure.`;"
"C:\Dev\Nexus_MASTER\scripts\clients\black_dragon\build_target_output_layer.js","41","   const parsed = JSON.parse(fs.readFileSync(INPUT_PATH, ""utf-8""));"
"C:\Dev\Nexus_MASTER\scripts\clients\black_dragon\build_target_output_layer.js","55","      score: target.score,"
"C:\Dev\Nexus_MASTER\scripts\clients\black_dragon\build_target_output_layer.js","71","  fs.writeFileSync(READY_PATH, JSON.stringify(ready, null, 2));"
"C:\Dev\Nexus_MASTER\scripts\clients\black_dragon\build_target_output_layer.js","72","  fs.writeFileSync(ENRICH_PATH, JSON.stringify(enrich, null, 2));"
"C:\Dev\Nexus_MASTER\scripts\clients\black_dragon\build_territory_clusters.js","7","const geo = JSON.parse(fs.readFileSync(IN, ""utf8""));"
"C:\Dev\Nexus_MASTER\scripts\clients\black_dragon\build_territory_clusters.js","44","fs.writeFileSync(OUT, JSON.stringify(output, null, 2));"
"C:\Dev\Nexus_MASTER\scripts\clients\black_dragon\build_tx_manual_verification_queue.js","7","const input=JSON.parse(fs.readFileSync(IN,""utf8""));"
"C:\Dev\Nexus_MASTER\scripts\clients\black_dragon\build_tx_manual_verification_queue.js","21","    review_score:t.review_score,"
"C:\Dev\Nexus_MASTER\scripts\clients\black_dragon\build_tx_manual_verification_queue.js","35","fs.writeFileSync(OUT,JSON.stringify(queue,null,2));"
"C:\Dev\Nexus_MASTER\scripts\clients\black_dragon\build_tx_review_shortlist.js","25","function score(name){"
"C:\Dev\Nexus_MASTER\scripts\clients\black_dragon\build_tx_review_shortlist.js","41","const input=JSON.parse(fs.readFileSync(IN,""utf8""));"
"C:\Dev\Nexus_MASTER\scripts\clients\black_dragon\build_tx_review_shortlist.js","51","  cleaned.push({...c,agency_name,review_score:score(agency_name),manual_verification_required:true,outreach_allowed:false});"
"C:\Dev\Nexus_MASTER\scripts\clients\black_dragon\build_tx_review_shortlist.js","54","cleaned.sort((a,b)=>b.review_score-a.review_score||a.agency_name.localeCompare(b.agency_name));"
"C:\Dev\Nexus_MASTER\scripts\clients\black_dragon\build_tx_review_shortlist.js","69","fs.writeFileSync(OUT,JSON.stringify(out,null,2));"
"C:\Dev\Nexus_MASTER\scripts\clients\black_dragon\ca_post_agency_connector.js","7","const CACHE_DIR = path.join(ROOT, ""public/data/clients/black_dragon/source_cache/states/ca"");"
"C:\Dev\Nexus_MASTER\scripts\clients\black_dragon\ca_post_agency_connector.js","10","  return JSON.parse(fs.readFileSync(filePath, ""utf8""));"
"C:\Dev\Nexus_MASTER\scripts\clients\black_dragon\ca_post_agency_connector.js","15","  fs.writeFileSync(filePath, JSON.stringify(data, null, 2));"
"C:\Dev\Nexus_MASTER\scripts\clients\black_dragon\ca_post_agency_connector.js","114","  fs.mkdirSync(CACHE_DIR, { recursive: true });"
"C:\Dev\Nexus_MASTER\scripts\clients\black_dragon\ca_post_agency_connector.js","115","  const cachePath = path.join(CACHE_DIR, `ca_post_le_agencies_${Date.now()}.html`);"
"C:\Dev\Nexus_MASTER\scripts\clients\black_dragon\ca_post_agency_connector.js","116","  fs.writeFileSync(cachePath, body);"
"C:\Dev\Nexus_MASTER\scripts\clients\black_dragon\ca_post_agency_connector.js","129","    cache_path: cachePath,"
"C:\Dev\Nexus_MASTER\scripts\clients\black_dragon\contact_candidate_collector.js","10","  ""public/data/clients/black_dragon/scored_targets.json"""
"C:\Dev\Nexus_MASTER\scripts\clients\black_dragon\contact_candidate_collector.js","73","  return JSON.parse(fs.readFileSync(filePath, ""utf8""));"
"C:\Dev\Nexus_MASTER\scripts\clients\black_dragon\contact_candidate_collector.js","78","  fs.writeFileSync(filePath, JSON.stringify(data, null, 2));"
"C:\Dev\Nexus_MASTER\scripts\clients\black_dragon\contact_candidate_collector.js","190","function inferRoleScore(value) {"
"C:\Dev\Nexus_MASTER\scripts\clients\black_dragon\contact_candidate_collector.js","192","  let score = 0;"
"C:\Dev\Nexus_MASTER\scripts\clients\black_dragon\contact_candidate_collector.js","195","    if (lower.includes(keyword)) score += 12;"
"C:\Dev\Nexus_MASTER\scripts\clients\black_dragon\contact_candidate_collector.js","198","  if (lower.includes(""training"")) score += 30;"
"C:\Dev\Nexus_MASTER\scripts\clients\black_dragon\contact_candidate_collector.js","199","  if (lower.includes(""academy"")) score += 25;"
"C:\Dev\Nexus_MASTER\scripts\clients\black_dragon\contact_candidate_collector.js","200","  if (lower.includes(""commander"")) score += 20;"
"C:\Dev\Nexus_MASTER\scripts\clients\black_dragon\contact_candidate_collector.js","201","  if (lower.includes(""chief"")) score += 15;"
"C:\Dev\Nexus_MASTER\scripts\clients\black_dragon\contact_candidate_collector.js","202","  if (lower.includes(""captain"")) score += 15;"
"C:\Dev\Nexus_MASTER\scripts\clients\black_dragon\contact_candidate_collector.js","203","  if (lower.includes(""lieutenant"")) score += 15;"
"C:\Dev\Nexus_MASTER\scripts\clients\black_dragon\contact_candidate_collector.js","204","  if (lower.includes(""procurement"")) score += 15;"
"C:\Dev\Nexus_MASTER\scripts\clients\black_dragon\contact_candidate_collector.js","206","  return score;"
"C:\Dev\Nexus_MASTER\scripts\clients\black_dragon\contact_candidate_collector.js","209","function scoreEmail(email, target, sourceUrl) {"
"C:\Dev\Nexus_MASTER\scripts\clients\black_dragon\contact_candidate_collector.js","210","  let score = 0;"
"C:\Dev\Nexus_MASTER\scripts\clients\black_dragon\contact_candidate_collector.js","213","  if (!isGenericEmail(lower)) score += 45;"
"C:\Dev\Nexus_MASTER\scripts\clients\black_dragon\contact_candidate_collector.js","214","  else score -= 40;"
"C:\Dev\Nexus_MASTER\scripts\clients\black_dragon\contact_candidate_collector.js","216","  score += inferRoleScore(lower);"
"C:\Dev\Nexus_MASTER\scripts\clients\black_dragon\contact_candidate_collector.js","219","  if (sourceHost && lower.endsWith(`@${sourceHost}`)) score += 25;"
"C:\Dev\Nexus_MASTER\scripts\clients\black_dragon\contact_candidate_collector.js","222","  if (targetHost && lower.endsWith(`@${targetHost}`)) score += 25;"
"C:\Dev\Nexus_MASTER\scripts\clients\black_dragon\contact_candidate_collector.js","224","  if (lower.includes(""police"")) score += 8;"
"C:\Dev\Nexus_MASTER\scripts\clients\black_dragon\contact_candidate_collector.js","225","  if (lower.includes(""training"")) score += 25;"
"C:\Dev\Nexus_MASTER\scripts\clients\black_dragon\contact_candidate_collector.js","226","  if (lower.includes(""academy"")) score += 20;"
"C:\Dev\Nexus_MASTER\scripts\clients\black_dragon\contact_candidate_collector.js","228","  return score;"
"C:\Dev\Nexus_MASTER\scripts\clients\black_dragon\contact_candidate_collector.js","231","function scorePhone(phone) {"
"C:\Dev\Nexus_MASTER\scripts\clients\black_dragon\contact_candidate_collector.js","232","  let score = 20;"
"C:\Dev\Nexus_MASTER\scripts\clients\black_dragon\contact_candidate_collector.js","234","  if (/(x|ext\.?|extension)\s*\d+/i.test(phone)) score += 30;"
"C:\Dev\Nexus_MASTER\scripts\clients\black_dragon\contact_candidate_collector.js","236","  return score;"
"C:\Dev\Nexus_MASTER\scripts\clients\black_dragon\contact_candidate_collector.js","239","function classifyCandidate(email, phone, score) {"
"C:\Dev\Nexus_MASTER\scripts\clients\black_dragon\contact_candidate_collector.js","240","  if (email && !isGenericEmail(email) && phone && score >= 70) {"
"C:\Dev\Nexus_MASTER\scripts\clients\black_dragon\contact_candidate_collector.js","257","  const idx = clean.toLowerCase().indexOf(email.toLowerCase());"
"C:\Dev\Nexus_MASTER\scripts\clients\black_dragon\contact_candidate_collector.js","271","    const score = scoreEmail(email, target, sourceUrl) + inferRoleScore(context) + (bestPhone ? 15 : 0);"
"C:\Dev\Nexus_MASTER\scripts\clients\black_dragon\contact_candidate_collector.js","278","      phone_score: bestPhone ? scorePhone(bestPhone) : 0,"
"C:\Dev\Nexus_MASTER\scripts\clients\black_dragon\contact_candidate_collector.js","279","      candidate_score: score,"
"C:\Dev\Nexus_MASTER\scripts\clients\black_dragon\contact_candidate_collector.js","280","      candidate_class: classifyCandidate(email, bestPhone, score),"
"C:\Dev\Nexus_MASTER\scripts\clients\black_dragon\contact_candidate_collector.js","289","    const score = scorePhone(phone);"
"C:\Dev\Nexus_MASTER\scripts\clients\black_dragon\contact_candidate_collector.js","296","      phone_score: score,"
"C:\Dev\Nexus_MASTER\scripts\clients\black_dragon\contact_candidate_collector.js","297","      candidate_score: score,"
"C:\Dev\Nexus_MASTER\scripts\clients\black_dragon\contact_candidate_collector.js","305","async function collectForTarget(target, index) {"
"C:\Dev\Nexus_MASTER\scripts\clients\black_dragon\contact_candidate_collector.js","347","  const deduped = new Map();"
"C:\Dev\Nexus_MASTER\scripts\clients\black_dragon\contact_candidate_collector.js","352","    const existing = deduped.get(key);"
"C:\Dev\Nexus_MASTER\scripts\clients\black_dragon\contact_candidate_collector.js","353","    if (!existing || candidate.candidate_score > existing.candidate_score) {"
"C:\Dev\Nexus_MASTER\scripts\clients\black_dragon\contact_candidate_collector.js","354","      deduped.set(key, candidate);"
"C:\Dev\Nexus_MASTER\scripts\clients\black_dragon\contact_candidate_collector.js","358","  const ranked = Array.from(deduped.values())"
"C:\Dev\Nexus_MASTER\scripts\clients\black_dragon\contact_candidate_collector.js","359","    .sort((a, b) => b.candidate_score - a.candidate_score);"
"C:\Dev\Nexus_MASTER\scripts\clients\black_dragon\contact_candidate_collector.js","362","    target_id: target.target_id || `BD-TARGET-${String(index + 1).padStart(3, ""0"")}`,"
"C:\Dev\Nexus_MASTER\scripts\clients\black_dragon\contact_candidate_collector.js","371","    score: target.phase3_scores?.final_score ?? target.score ?? null,"
"C:\Dev\Nexus_MASTER\scripts\clients\black_dragon\contact_candidate_collector.js","399","  const outputs = [];"
"C:\Dev\Nexus_MASTER\scripts\clients\black_dragon\contact_candidate_collector.js","410","    outputs.push(result);"
"C:\Dev\Nexus_MASTER\scripts\clients\black_dragon\contact_candidate_collector.js","417","    agencies_with_candidates: outputs.filter(o => o.candidate_summary.candidates_found > 0).length,"
"C:\Dev\Nexus_MASTER\scripts\clients\black_dragon\contact_candidate_collector.js","418","    agencies_with_strong_review: outputs.filter(o => o.candidate_summary.strong_review_candidates > 0).length,"
"C:\Dev\Nexus_MASTER\scripts\clients\black_dragon\contact_candidate_collector.js","419","    total_candidates: outputs.reduce((sum, o) => sum + o.candidate_summary.candidates_found, 0),"
"C:\Dev\Nexus_MASTER\scripts\clients\black_dragon\contact_candidate_collector.js","420","    total_non_generic_emails: outputs.reduce((sum, o) => sum + o.candidate_summary.non_generic_emails, 0),"
"C:\Dev\Nexus_MASTER\scripts\clients\black_dragon\contact_candidate_collector.js","421","    total_phone_candidates: outputs.reduce((sum, o) => sum + o.candidate_summary.phone_candidates, 0),"
"C:\Dev\Nexus_MASTER\scripts\clients\black_dragon\contact_candidate_collector.js","427","    targets: outputs"
"C:\Dev\Nexus_MASTER\scripts\clients\black_dragon\contact_enrichment_engine.js","68","  return JSON.parse(fs.readFileSync(filePath, ""utf8""));"
"C:\Dev\Nexus_MASTER\scripts\clients\black_dragon\contact_enrichment_engine.js","73","  fs.writeFileSync(filePath, JSON.stringify(data, null, 2));"
"C:\Dev\Nexus_MASTER\scripts\clients\black_dragon\contact_enrichment_engine.js","183","function scoreEmail(email, target) {"
"C:\Dev\Nexus_MASTER\scripts\clients\black_dragon\contact_enrichment_engine.js","184","  let score = 0;"
"C:\Dev\Nexus_MASTER\scripts\clients\black_dragon\contact_enrichment_engine.js","187","  if (!isGenericEmail(lower)) score += 40;"
"C:\Dev\Nexus_MASTER\scripts\clients\black_dragon\contact_enrichment_engine.js","190","    if (lower.includes(hint.replace(/\s+/g, """"))) score += 15;"
"C:\Dev\Nexus_MASTER\scripts\clients\black_dragon\contact_enrichment_engine.js","198","        score += 25;"
"C:\Dev\Nexus_MASTER\scripts\clients\black_dragon\contact_enrichment_engine.js","203","  return score;"
"C:\Dev\Nexus_MASTER\scripts\clients\black_dragon\contact_enrichment_engine.js","214","      score: scoreEmail(email, target)"
"C:\Dev\Nexus_MASTER\scripts\clients\black_dragon\contact_enrichment_engine.js","216","    .sort((a, b) => b.score - a.score)[0].email;"
"C:\Dev\Nexus_MASTER\scripts\clients\black_dragon\contact_enrichment_engine.js","270","  const score = target.phase3_scores?.final_score ?? target.score ?? null;"
"C:\Dev\Nexus_MASTER\scripts\clients\black_dragon\contact_enrichment_engine.js","276","    `${target.agency_name} is classified as ${priority} with ${score ?? ""unavailable""} final score.`,"
"C:\Dev\Nexus_MASTER\scripts\clients\black_dragon\contact_enrichment_engine.js","297","function normalizeOverrideContact(override, target, index) {"
"C:\Dev\Nexus_MASTER\scripts\clients\black_dragon\contact_enrichment_engine.js","340","    target_id: target.target_id || `BD-TARGET-${String(index + 1).padStart(3, ""0"")}`,"
"C:\Dev\Nexus_MASTER\scripts\clients\black_dragon\contact_enrichment_engine.js","426","async function enrichTarget(target, index) {"
"C:\Dev\Nexus_MASTER\scripts\clients\black_dragon\contact_enrichment_engine.js","479","    target_id: target.target_id || `BD-TARGET-${String(index + 1).padStart(3, ""0"")}`,"
"C:\Dev\Nexus_MASTER\scripts\clients\black_dragon\contact_enrichment_engine.js","489","    score: target.phase3_scores?.final_score ?? target.score ?? null,"
"C:\Dev\Nexus_MASTER\scripts\clients\black_dragon\promote_review_candidates.js","18","  return JSON.parse(fs.readFileSync(filePath, ""utf8""));"
"C:\Dev\Nexus_MASTER\scripts\clients\black_dragon\promote_review_candidates.js","23","  fs.writeFileSync(filePath, JSON.stringify(data, null, 2));"
"C:\Dev\Nexus_MASTER\scripts\clients\black_dragon\run_black_dragon_master_build.js","10","  ""node scripts/clients/black_dragon/build_dossier_targets.js"","
"C:\Dev\Nexus_MASTER\scripts\clients\black_dragon\run_black_dragon_master_build.js","14","  ""node scripts/clients/black_dragon/build_dossier_export_bridge.js"","
"C:\Dev\Nexus_MASTER\scripts\clients\black_dragon\run_black_dragon_master_build.js","17","  ""node scripts/clients/black_dragon/build_source_freshness_audit.js"","
"C:\Dev\Nexus_MASTER\scripts\clients\black_dragon\run_black_dragon_master_build.js","20","  ""node scripts/clients/black_dragon/build_geocode_cache.js"","
"C:\Dev\Nexus_MASTER\scripts\clients\black_dragon\run_black_dragon_master_build.js","27","  ""node scripts/clients/black_dragon/build_client_dossier_index.js"","
"C:\Dev\Nexus_MASTER\scripts\clients\black_dragon\run_black_dragon_master_build.js","29","  ""node scripts/clients/black_dragon/build_runtime_integration_batch_audit.js"""
"C:\Dev\Nexus_MASTER\scripts\clients\black_dragon\run_black_dragon_master_build.js","63","fs.writeFileSync(OUT, JSON.stringify(report, null, 2));"
"C:\Dev\Nexus_MASTER\scripts\clients\black_dragon\run_multi_state_ingestion.js","5","function readJson(p){ return JSON.parse(fs.readFileSync(p,""utf8"")); }"
"C:\Dev\Nexus_MASTER\scripts\clients\black_dragon\run_multi_state_ingestion.js","23","    // DO NOT create outputs here unless sources are verified (enforced above)"
"C:\Dev\Nexus_MASTER\scripts\clients\black_dragon\run_verified_state_parsers.js","16","const CACHE_DIR = path.join("
"C:\Dev\Nexus_MASTER\scripts\clients\black_dragon\run_verified_state_parsers.js","18","  ""public/data/clients/black_dragon/source_cache/multi_state"""
"C:\Dev\Nexus_MASTER\scripts\clients\black_dragon\run_verified_state_parsers.js","24","  return JSON.parse(fs.readFileSync(filePath, ""utf8""));"
"C:\Dev\Nexus_MASTER\scripts\clients\black_dragon\run_verified_state_parsers.js","29","  fs.writeFileSync(filePath, JSON.stringify(data, null, 2));"
"C:\Dev\Nexus_MASTER\scripts\clients\black_dragon\run_verified_state_parsers.js","124","  const cachePath = path.join("
"C:\Dev\Nexus_MASTER\scripts\clients\black_dragon\run_verified_state_parsers.js","125","    CACHE_DIR,"
"C:\Dev\Nexus_MASTER\scripts\clients\black_dragon\run_verified_state_parsers.js","130","  fs.mkdirSync(path.dirname(cachePath), { recursive: true });"
"C:\Dev\Nexus_MASTER\scripts\clients\black_dragon\run_verified_state_parsers.js","131","  fs.writeFileSync(cachePath, body);"
"C:\Dev\Nexus_MASTER\scripts\clients\black_dragon\run_verified_state_parsers.js","137","    cache_path: cachePath,"
"C:\Dev\Nexus_MASTER\scripts\clients\black_dragon\tx_tcole_training_provider_connector.js","6","const CACHE = ""public/data/clients/black_dragon/source_cache/states/tx"";"
"C:\Dev\Nexus_MASTER\scripts\clients\black_dragon\tx_tcole_training_provider_connector.js","29","  const reg=JSON.parse(fs.readFileSync(REG,""utf8""));"
"C:\Dev\Nexus_MASTER\scripts\clients\black_dragon\tx_tcole_training_provider_connector.js","35","  fs.mkdirSync(CACHE,{recursive:true});"
"C:\Dev\Nexus_MASTER\scripts\clients\black_dragon\tx_tcole_training_provider_connector.js","43","      fs.writeFileSync(path.join(CACHE,src.type+"".html""),html);"
"C:\Dev\Nexus_MASTER\scripts\clients\black_dragon\tx_tcole_training_provider_connector.js","86","  fs.writeFileSync(OUT,JSON.stringify(out,null,2));"
"C:\Dev\Nexus_MASTER\scripts\clients\black_dragon\validate_state_sources.js","6","  return JSON.parse(fs.readFileSync(p, ""utf8""));"
"C:\Dev\Nexus_MASTER\scripts\connectors\black_dragon_az_acjc_merge_pages.js","5","const DIR = path.resolve(ROOT, ""public/data/clients/black_dragon/source_cache/state_directories"");"
"C:\Dev\Nexus_MASTER\scripts\connectors\black_dragon_az_acjc_merge_pages.js","25","    const html = fs.readFileSync(fullPath, ""utf8"");"
"C:\Dev\Nexus_MASTER\scripts\connectors\black_dragon_az_acjc_merge_pages.js","35","    ""<h1>"" + SOURCE_ID + "" merged full cache</h1>"","
"C:\Dev\Nexus_MASTER\scripts\connectors\black_dragon_az_acjc_merge_pages.js","41","  fs.writeFileSync(OUTPUT, merged, ""utf8"");"
"C:\Dev\Nexus_MASTER\scripts\connectors\black_dragon_az_acjc_pagination_cache.js","7","  ""public/data/clients/black_dragon/source_cache/state_directories"""
"C:\Dev\Nexus_MASTER\scripts\connectors\black_dragon_az_acjc_pagination_cache.js","21","    console.error(""[AZ CACHE] Missing source HTML: "" + INPUT);"
"C:\Dev\Nexus_MASTER\scripts\connectors\black_dragon_az_acjc_pagination_cache.js","25","  const html = fs.readFileSync(INPUT, ""utf8"");"
"C:\Dev\Nexus_MASTER\scripts\connectors\black_dragon_az_acjc_pagination_cache.js","29","    console.error(""[AZ CACHE] No mycolumn cards found in page 1."");"
"C:\Dev\Nexus_MASTER\scripts\connectors\black_dragon_az_acjc_pagination_cache.js","36","    ""<h1>"" + SOURCE_ID + "" merged cache</h1>"","
"C:\Dev\Nexus_MASTER\scripts\connectors\black_dragon_az_acjc_pagination_cache.js","43","  fs.writeFileSync(OUTPUT, merged, ""utf8"");"
"C:\Dev\Nexus_MASTER\scripts\connectors\black_dragon_az_acjc_pagination_cache.js","45","  console.log(""[AZ CACHE] Page 1 cards found: "" + cards.length);"
"C:\Dev\Nexus_MASTER\scripts\connectors\black_dragon_az_acjc_pagination_cache.js","46","  console.log(""[AZ CACHE] Output: "" + OUTPUT);"
"C:\Dev\Nexus_MASTER\scripts\connectors\black_dragon_build_live_account.js","7","const BLACK_DRAGON_INPUT = path.join(ROOT, ""public/data/clients/black_dragon/targets_with_dossiers.json"");"
"C:\Dev\Nexus_MASTER\scripts\connectors\black_dragon_build_live_account.js","12","  let raw = fs.readFileSync(file, ""utf8"");"
"C:\Dev\Nexus_MASTER\scripts\connectors\black_dragon_build_live_account.js","18","  return JSON.parse(raw);"
"C:\Dev\Nexus_MASTER\scripts\connectors\black_dragon_build_live_account.js","22","  fs.writeFileSync(file, JSON.stringify(data, null, 2));"
"C:\Dev\Nexus_MASTER\scripts\connectors\black_dragon_build_live_account.js","45","function rowKey(row, index, source) {"
"C:\Dev\Nexus_MASTER\scripts\connectors\black_dragon_build_live_account.js","54","    id || index,"
"C:\Dev\Nexus_MASTER\scripts\connectors\black_dragon_ca_post_authority_filter.js","7","const inPath = path.resolve(ROOT, `public/data/clients/black_dragon/source_cache/state_directories/${SOURCE_ID}.candidates.json`);"
"C:\Dev\Nexus_MASTER\scripts\connectors\black_dragon_ca_post_authority_filter.js","8","const outPath = path.resolve(ROOT, `public/data/clients/black_dragon/source_cache/state_directories/${SOURCE_ID}.authority_targets.json`);"
"C:\Dev\Nexus_MASTER\scripts\connectors\black_dragon_ca_post_authority_filter.js","23","  return JSON.parse(fs.readFileSync(file, ""utf8""));"
"C:\Dev\Nexus_MASTER\scripts\connectors\black_dragon_ca_post_authority_filter.js","27","  fs.writeFileSync(file, JSON.stringify(data, null, 2));"
"C:\Dev\Nexus_MASTER\scripts\connectors\black_dragon_ca_post_connector.js","2","// Fetch/cache California POST law enforcement agency pages."
"C:\Dev\Nexus_MASTER\scripts\connectors\black_dragon_ca_post_connector.js","12","const cacheDir = path.resolve("
"C:\Dev\Nexus_MASTER\scripts\connectors\black_dragon_ca_post_connector.js","14","  ""public/data/clients/black_dragon/source_cache/state_directories"""
"C:\Dev\Nexus_MASTER\scripts\connectors\black_dragon_ca_post_connector.js","17","const manifestPath = path.join(cacheDir, ""state_directory_manifest.json"");"
"C:\Dev\Nexus_MASTER\scripts\connectors\black_dragon_ca_post_connector.js","18","const htmlPath = path.join(cacheDir, `${SOURCE_ID}.html`);"
"C:\Dev\Nexus_MASTER\scripts\connectors\black_dragon_ca_post_connector.js","19","const cachePath = path.join(cacheDir, `${SOURCE_ID}.cache.json`);"
"C:\Dev\Nexus_MASTER\scripts\connectors\black_dragon_ca_post_connector.js","24","  return JSON.parse(fs.readFileSync(file, ""utf8""));"
"C:\Dev\Nexus_MASTER\scripts\connectors\black_dragon_ca_post_connector.js","28","  fs.writeFileSync(file, JSON.stringify(data, null, 2));"
"C:\Dev\Nexus_MASTER\scripts\connectors\black_dragon_ca_post_connector.js","68","      cache_status: status.ok ? ""source_cached"" : ""cache_failed"","
"C:\Dev\Nexus_MASTER\scripts\connectors\black_dragon_ca_post_connector.js","70","      cache_file: status.ok ? `state_directories/${SOURCE_ID}.cache.json` : null,"
"C:\Dev\Nexus_MASTER\scripts\connectors\black_dragon_ca_post_connector.js","84","  fs.mkdirSync(cacheDir, { recursive: true });"
"C:\Dev\Nexus_MASTER\scripts\connectors\black_dragon_ca_post_connector.js","90","    fs.writeFileSync(htmlPath, html, ""utf8"");"
"C:\Dev\Nexus_MASTER\scripts\connectors\black_dragon_ca_post_connector.js","92","    const cache = {"
"C:\Dev\Nexus_MASTER\scripts\connectors\black_dragon_ca_post_connector.js","97","      cached_at: new Date().toISOString(),"
"C:\Dev\Nexus_MASTER\scripts\connectors\black_dragon_ca_post_connector.js","102","        ""Raw official CA POST law enforcement agency page cached."","
"C:\Dev\Nexus_MASTER\scripts\connectors\black_dragon_ca_post_connector.js","108","    writeJson(cachePath, cache);"
"C:\Dev\Nexus_MASTER\scripts\connectors\black_dragon_ca_post_connector.js","109","    updateManifest({ ok: true, byte_count: cache.byte_count });"
"C:\Dev\Nexus_MASTER\scripts\connectors\black_dragon_ca_post_connector.js","111","    console.log(""[CA POST] Cached bytes:"", cache.byte_count);"
"C:\Dev\Nexus_MASTER\scripts\connectors\black_dragon_ca_post_connector.js","113","    console.log(""[CA POST] Cache:"", cachePath);"
"C:\Dev\Nexus_MASTER\scripts\connectors\black_dragon_ca_post_parser.js","9","  `public/data/clients/black_dragon/source_cache/state_directories/${SOURCE_ID}.html`"
"C:\Dev\Nexus_MASTER\scripts\connectors\black_dragon_ca_post_parser.js","14","  `public/data/clients/black_dragon/source_cache/state_directories/${SOURCE_ID}.candidates.json`"
"C:\Dev\Nexus_MASTER\scripts\connectors\black_dragon_ca_post_parser.js","46","  const html = fs.readFileSync(htmlPath, ""utf8"");"
"C:\Dev\Nexus_MASTER\scripts\connectors\black_dragon_ca_post_parser.js","49","  fs.writeFileSync("
"C:\Dev\Nexus_MASTER\scripts\connectors\black_dragon_deployment_readiness_audit.js","7","const CACHE_DIR = path.join(BD_DIR, ""source_cache/state_directories"");"
"C:\Dev\Nexus_MASTER\scripts\connectors\black_dragon_deployment_readiness_audit.js","11","  path.join(BD_DIR, ""scored_targets.json""),"
"C:\Dev\Nexus_MASTER\scripts\connectors\black_dragon_deployment_readiness_audit.js","15","  path.join(CACHE_DIR, ""state_batch_az_il_oh_nc.authority_targets.json""),"
"C:\Dev\Nexus_MASTER\scripts\connectors\black_dragon_deployment_readiness_audit.js","16","  path.join(CACHE_DIR, ""az_acjc_statewide_agency_directory.candidates.json"")"
"C:\Dev\Nexus_MASTER\scripts\connectors\black_dragon_deployment_readiness_audit.js","23","  ""black_dragon_phase3_score_targets.js"","
"C:\Dev\Nexus_MASTER\scripts\connectors\black_dragon_deployment_readiness_audit.js","30","  return JSON.parse(fs.readFileSync(file, ""utf8""));"
"C:\Dev\Nexus_MASTER\scripts\connectors\black_dragon_deployment_readiness_audit.js","45","function auditJson(file) {"
"C:\Dev\Nexus_MASTER\scripts\connectors\black_dragon_deployment_readiness_audit.js","73","  console.log(""[BD DEPLOY AUDIT] Starting...\n"");"
"C:\Dev\Nexus_MASTER\scripts\connectors\black_dragon_deployment_readiness_audit.js","80","    const jsonOk = ok ? auditJson(file) : false;"
"C:\Dev\Nexus_MASTER\scripts\connectors\black_dragon_deployment_readiness_audit.js","98","  const scored = countTargets(path.join(BD_DIR, ""scored_targets.json""));"
"C:\Dev\Nexus_MASTER\scripts\connectors\black_dragon_deployment_readiness_audit.js","104","  console.log(""scored_targets:"", scored);"
"C:\Dev\Nexus_MASTER\scripts\connectors\black_dragon_deployment_readiness_audit.js","109","  if (targetsMaster !== scored) {"
"C:\Dev\Nexus_MASTER\scripts\connectors\black_dragon_deployment_readiness_audit.js","110","    console.log(""FAIL scored_targets count must match targets_master count."");"
"C:\Dev\Nexus_MASTER\scripts\connectors\black_dragon_deployment_readiness_audit.js","122","    ""scored_targets.json"","
"C:\Dev\Nexus_MASTER\scripts\connectors\black_dragon_fl_fdle_authority_filter.js","7","const inPath = path.resolve(ROOT, `public/data/clients/black_dragon/source_cache/state_directories/${SOURCE_ID}.candidates.json`);"
"C:\Dev\Nexus_MASTER\scripts\connectors\black_dragon_fl_fdle_authority_filter.js","8","const outPath = path.resolve(ROOT, `public/data/clients/black_dragon/source_cache/state_directories/${SOURCE_ID}.authority_targets.json`);"
"C:\Dev\Nexus_MASTER\scripts\connectors\black_dragon_fl_fdle_authority_filter.js","13","  return JSON.parse(fs.readFileSync(file, ""utf8""));"
"C:\Dev\Nexus_MASTER\scripts\connectors\black_dragon_fl_fdle_authority_filter.js","17","  fs.writeFileSync(file, JSON.stringify(data, null, 2));"
"C:\Dev\Nexus_MASTER\scripts\connectors\black_dragon_fl_fdle_connector.js","2","// Fetch/cache FDLE agency website and agency address pages."
"C:\Dev\Nexus_MASTER\scripts\connectors\black_dragon_fl_fdle_connector.js","26","const cacheDir = path.resolve("
"C:\Dev\Nexus_MASTER\scripts\connectors\black_dragon_fl_fdle_connector.js","28","  ""public/data/clients/black_dragon/source_cache/state_directories"""
"C:\Dev\Nexus_MASTER\scripts\connectors\black_dragon_fl_fdle_connector.js","31","const manifestPath = path.join(cacheDir, ""state_directory_manifest.json"");"
"C:\Dev\Nexus_MASTER\scripts\connectors\black_dragon_fl_fdle_connector.js","34","  return JSON.parse(fs.readFileSync(file, ""utf8""));"
"C:\Dev\Nexus_MASTER\scripts\connectors\black_dragon_fl_fdle_connector.js","38","  fs.writeFileSync(file, JSON.stringify(data, null, 2));"
"C:\Dev\Nexus_MASTER\scripts\connectors\black_dragon_fl_fdle_connector.js","80","      cache_status: result.ok ? ""source_cached"" : ""cache_failed"","
"C:\Dev\Nexus_MASTER\scripts\connectors\black_dragon_fl_fdle_connector.js","82","      cache_file: result.ok ? `state_directories/${result.source_id}.cache.json` : null,"
"C:\Dev\Nexus_MASTER\scripts\connectors\black_dragon_fl_fdle_connector.js","96","  fs.mkdirSync(cacheDir, { recursive: true });"
"C:\Dev\Nexus_MASTER\scripts\connectors\black_dragon_fl_fdle_connector.js","101","    const htmlPath = path.join(cacheDir, `${src.source_id}.html`);"
"C:\Dev\Nexus_MASTER\scripts\connectors\black_dragon_fl_fdle_connector.js","102","    const cachePath = path.join(cacheDir, `${src.source_id}.cache.json`);"
"C:\Dev\Nexus_MASTER\scripts\connectors\black_dragon_fl_fdle_connector.js","107","      fs.writeFileSync(htmlPath, html, ""utf8"");"
"C:\Dev\Nexus_MASTER\scripts\connectors\black_dragon_fl_fdle_connector.js","109","      const cache = {"
"C:\Dev\Nexus_MASTER\scripts\connectors\black_dragon_fl_fdle_connector.js","114","        cached_at: new Date().toISOString(),"
"C:\Dev\Nexus_MASTER\scripts\connectors\black_dragon_fl_fdle_connector.js","119","          ""Raw official FDLE page cached."","
"C:\Dev\Nexus_MASTER\scripts\connectors\black_dragon_fl_fdle_connector.js","125","      writeJson(cachePath, cache);"
"C:\Dev\Nexus_MASTER\scripts\connectors\black_dragon_fl_fdle_connector.js","130","        byte_count: cache.byte_count"
"C:\Dev\Nexus_MASTER\scripts\connectors\black_dragon_fl_fdle_connector.js","133","      console.log(""[FL FDLE] Cached:"", src.source_id, cache.byte_count);"
"C:\Dev\Nexus_MASTER\scripts\connectors\black_dragon_fl_fdle_parser.js","9","  `public/data/clients/black_dragon/source_cache/state_directories/${SOURCE_ID}.html`"
"C:\Dev\Nexus_MASTER\scripts\connectors\black_dragon_fl_fdle_parser.js","14","  `public/data/clients/black_dragon/source_cache/state_directories/${SOURCE_ID}.candidates.json`"
"C:\Dev\Nexus_MASTER\scripts\connectors\black_dragon_fl_fdle_parser.js","46","  const html = fs.readFileSync(htmlPath, ""utf8"");"
"C:\Dev\Nexus_MASTER\scripts\connectors\black_dragon_fl_fdle_parser.js","49","  fs.writeFileSync("
"C:\Dev\Nexus_MASTER\scripts\connectors\black_dragon_hifld_authority_filter.js","13","  `public/data/clients/black_dragon/source_cache/${SOURCE_ID}.consolidated_entities.json`"
"C:\Dev\Nexus_MASTER\scripts\connectors\black_dragon_hifld_authority_filter.js","18","  `public/data/clients/black_dragon/source_cache/${SOURCE_ID}.authority_targets.json`"
"C:\Dev\Nexus_MASTER\scripts\connectors\black_dragon_hifld_authority_filter.js","61","  return JSON.parse(fs.readFileSync(file, ""utf8""));"
"C:\Dev\Nexus_MASTER\scripts\connectors\black_dragon_hifld_authority_filter.js","65","  fs.writeFileSync(file, JSON.stringify(data, null, 2));"
"C:\Dev\Nexus_MASTER\scripts\connectors\black_dragon_hifld_authority_filter.js","111","function normalizeTarget(entity, index) {"
"C:\Dev\Nexus_MASTER\scripts\connectors\black_dragon_hifld_authority_filter.js","113","    authority_target_id: `HIFLD-AUTH-${String(index + 1).padStart(4, ""0"")}`,"
"C:\Dev\Nexus_MASTER\scripts\connectors\black_dragon_hifld_authority_filter.js","135","    priority_score: entity.priority_score || 0,"
"C:\Dev\Nexus_MASTER\scripts\connectors\black_dragon_hifld_authority_filter.js","171","    .sort((a, b) => Number(b.priority_score || 0) - Number(a.priority_score || 0))"
"C:\Dev\Nexus_MASTER\scripts\connectors\black_dragon_hifld_connector.js","3","// V3: caches approved source metadata and fetches ArcGIS REST GeoJSON."
"C:\Dev\Nexus_MASTER\scripts\connectors\black_dragon_hifld_connector.js","18","const cacheDir = path.resolve("
"C:\Dev\Nexus_MASTER\scripts\connectors\black_dragon_hifld_connector.js","20","  ""public/data/clients/black_dragon/source_cache"""
"C:\Dev\Nexus_MASTER\scripts\connectors\black_dragon_hifld_connector.js","23","const manifestPath = path.join(cacheDir, ""source_cache_manifest.json"");"
"C:\Dev\Nexus_MASTER\scripts\connectors\black_dragon_hifld_connector.js","24","const cacheFile = path.join(cacheDir, `${SOURCE_ID}.cache.json`);"
"C:\Dev\Nexus_MASTER\scripts\connectors\black_dragon_hifld_connector.js","25","const geojsonFile = path.join(cacheDir, `${SOURCE_ID}.geojson`);"
"C:\Dev\Nexus_MASTER\scripts\connectors\black_dragon_hifld_connector.js","31","  return JSON.parse(fs.readFileSync(file, ""utf8""));"
"C:\Dev\Nexus_MASTER\scripts\connectors\black_dragon_hifld_connector.js","35","  fs.writeFileSync(file, JSON.stringify(data, null, 2));"
"C:\Dev\Nexus_MASTER\scripts\connectors\black_dragon_hifld_connector.js","62","              resolve(JSON.parse(body));"
"C:\Dev\Nexus_MASTER\scripts\connectors\black_dragon_hifld_connector.js","80","  fs.mkdirSync(cacheDir, { recursive: true });"
"C:\Dev\Nexus_MASTER\scripts\connectors\black_dragon_hifld_connector.js","91","  const cachedAt = new Date().toISOString();"
"C:\Dev\Nexus_MASTER\scripts\connectors\black_dragon_hifld_connector.js","109","    fetchStatus = ""geojson_cached"";"
"C:\Dev\Nexus_MASTER\scripts\connectors\black_dragon_hifld_connector.js","111","    console.log(""[HIFLD] GeoJSON cached."");"
"C:\Dev\Nexus_MASTER\scripts\connectors\black_dragon_hifld_connector.js","120","  const cacheRecord = {"
"C:\Dev\Nexus_MASTER\scripts\connectors\black_dragon_hifld_connector.js","130","    cached_at: cachedAt,"
"C:\Dev\Nexus_MASTER\scripts\connectors\black_dragon_hifld_connector.js","131","    status: fetchStatus === ""geojson_cached"" ? ""source_geojson_cached"" : ""metadata_cached"","
"C:\Dev\Nexus_MASTER\scripts\connectors\black_dragon_hifld_connector.js","133","    geojson_file: fetchStatus === ""geojson_cached"""
"C:\Dev\Nexus_MASTER\scripts\connectors\black_dragon_hifld_connector.js","134","      ? `source_cache/${SOURCE_ID}.geojson`"
"C:\Dev\Nexus_MASTER\scripts\connectors\black_dragon_hifld_connector.js","153","  writeJson(cacheFile, cacheRecord);"
"C:\Dev\Nexus_MASTER\scripts\connectors\black_dragon_hifld_connector.js","163","        cache_status: cacheRecord.status,"
"C:\Dev\Nexus_MASTER\scripts\connectors\black_dragon_hifld_connector.js","164","        cache_file: `source_cache/${SOURCE_ID}.cache.json`,"
"C:\Dev\Nexus_MASTER\scripts\connectors\black_dragon_hifld_connector.js","165","        last_checked: cachedAt,"
"C:\Dev\Nexus_MASTER\scripts\connectors\black_dragon_hifld_connector.js","167","        geojson_file: cacheRecord.geojson_file,"
"C:\Dev\Nexus_MASTER\scripts\connectors\black_dragon_hifld_connector.js","177","  console.log(""[HIFLD] Cache record written:"", cacheFile);"
"C:\Dev\Nexus_MASTER\scripts\connectors\black_dragon_hifld_entity_consolidator.js","13","  `public/data/clients/black_dragon/source_cache/${SOURCE_ID}.import_candidates.json`"
"C:\Dev\Nexus_MASTER\scripts\connectors\black_dragon_hifld_entity_consolidator.js","18","  `public/data/clients/black_dragon/source_cache/${SOURCE_ID}.consolidated_entities.json`"
"C:\Dev\Nexus_MASTER\scripts\connectors\black_dragon_hifld_entity_consolidator.js","22","  return JSON.parse(fs.readFileSync(file, ""utf8""));"
"C:\Dev\Nexus_MASTER\scripts\connectors\black_dragon_hifld_entity_consolidator.js","26","  fs.writeFileSync(file, JSON.stringify(data, null, 2));"
"C:\Dev\Nexus_MASTER\scripts\connectors\black_dragon_hifld_entity_consolidator.js","66","  let score = Number(candidate.priority_score || 0);"
"C:\Dev\Nexus_MASTER\scripts\connectors\black_dragon_hifld_entity_consolidator.js","68","  if (clean(candidate.website)) score += 8;"
"C:\Dev\Nexus_MASTER\scripts\connectors\black_dragon_hifld_entity_consolidator.js","69","  if (clean(candidate.phone)) score += 4;"
"C:\Dev\Nexus_MASTER\scripts\connectors\black_dragon_hifld_entity_consolidator.js","70","  if (Number.isFinite(Number(candidate.lat)) && Number.isFinite(Number(candidate.lon))) score += 4;"
"C:\Dev\Nexus_MASTER\scripts\connectors\black_dragon_hifld_entity_consolidator.js","71","  if (!/-|\/|DIVISION|HEADQUARTERS|HQ|STATION|SUBSTATION/i.test(candidate.agency_name)) score += 6;"
"C:\Dev\Nexus_MASTER\scripts\connectors\black_dragon_hifld_entity_consolidator.js","73","  return score;"
"C:\Dev\Nexus_MASTER\scripts\connectors\black_dragon_hifld_entity_consolidator.js","93","function consolidateGroup(groupKey, records, index) {"
"C:\Dev\Nexus_MASTER\scripts\connectors\black_dragon_hifld_entity_consolidator.js","97","  const normalizedName = normalizeAgencyName(best.agency_name);"
"C:\Dev\Nexus_MASTER\scripts\connectors\black_dragon_hifld_entity_consolidator.js","100","  const entityId = `HIFLD-ENTITY-${String(index + 1).padStart(4, ""0"")}`;"
"C:\Dev\Nexus_MASTER\scripts\connectors\black_dragon_hifld_entity_consolidator.js","111","    agency_name: normalizedName,"
"C:\Dev\Nexus_MASTER\scripts\connectors\black_dragon_hifld_entity_consolidator.js","113","    agency_type: agencyTypeFromName(normalizedName, best.agency_type),"
"C:\Dev\Nexus_MASTER\scripts\connectors\black_dragon_hifld_entity_consolidator.js","128","    priority_score: Math.max(...sorted.map((r) => Number(r.priority_score || 0))),"
"C:\Dev\Nexus_MASTER\scripts\connectors\black_dragon_hifld_entity_consolidator.js","139","      selected_quality_score: recordQuality(best),"
"C:\Dev\Nexus_MASTER\scripts\connectors\black_dragon_hifld_entity_consolidator.js","178","    .map(([key, records], index) => consolidateGroup(key, records, index))"
"C:\Dev\Nexus_MASTER\scripts\connectors\black_dragon_hifld_entity_consolidator.js","179","    .sort((a, b) => b.priority_score - a.priority_score);"
"C:\Dev\Nexus_MASTER\scripts\connectors\black_dragon_hifld_entity_consolidator.js","189","      group_key: ""normalized_agency_name + city + state"","
"C:\Dev\Nexus_MASTER\scripts\connectors\black_dragon_hifld_import_filter.js","13","  `public/data/clients/black_dragon/source_cache/${SOURCE_ID}.priority_review.json`"
"C:\Dev\Nexus_MASTER\scripts\connectors\black_dragon_hifld_import_filter.js","18","  `public/data/clients/black_dragon/source_cache/${SOURCE_ID}.import_candidates.json`"
"C:\Dev\Nexus_MASTER\scripts\connectors\black_dragon_hifld_import_filter.js","59","  return JSON.parse(fs.readFileSync(file, ""utf8""));"
"C:\Dev\Nexus_MASTER\scripts\connectors\black_dragon_hifld_import_filter.js","63","  fs.writeFileSync(file, JSON.stringify(data, null, 2));"
"C:\Dev\Nexus_MASTER\scripts\connectors\black_dragon_hifld_import_filter.js","97","function normalizeImportCandidate(candidate, index) {"
"C:\Dev\Nexus_MASTER\scripts\connectors\black_dragon_hifld_import_filter.js","103","    import_candidate_id: `HIFLD-IMPORT-${String(index + 1).padStart(4, ""0"")}`,"
"C:\Dev\Nexus_MASTER\scripts\connectors\black_dragon_hifld_import_filter.js","122","    priority_score: candidate.priority_score,"
"C:\Dev\Nexus_MASTER\scripts\connectors\black_dragon_hifld_import_filter.js","152","    .sort((a, b) => b.priority_score - a.priority_score)"
"C:\Dev\Nexus_MASTER\scripts\connectors\black_dragon_hifld_parser.js","2","// Parses cached HIFLD GeoJSON into reviewed candidate entities."
"C:\Dev\Nexus_MASTER\scripts\connectors\black_dragon_hifld_parser.js","13","  `public/data/clients/black_dragon/source_cache/${SOURCE_ID}.geojson`"
"C:\Dev\Nexus_MASTER\scripts\connectors\black_dragon_hifld_parser.js","18","  `public/data/clients/black_dragon/source_cache/${SOURCE_ID}.candidates.json`"
"C:\Dev\Nexus_MASTER\scripts\connectors\black_dragon_hifld_parser.js","22","  return JSON.parse(fs.readFileSync(file, ""utf8""));"
"C:\Dev\Nexus_MASTER\scripts\connectors\black_dragon_hifld_parser.js","80","    throw new Error(`Missing GeoJSON cache: ${geojsonPath}`);"
"C:\Dev\Nexus_MASTER\scripts\connectors\black_dragon_hifld_parser.js","91","    .map((feature, index) => {"
"C:\Dev\Nexus_MASTER\scripts\connectors\black_dragon_hifld_parser.js","133","        candidate_id: `HIFLD-CAND-${String(index + 1).padStart(5, ""0"")}`,"
"C:\Dev\Nexus_MASTER\scripts\connectors\black_dragon_hifld_parser.js","148","          ""Candidate extracted from official HIFLD cached GeoJSON."","
"C:\Dev\Nexus_MASTER\scripts\connectors\black_dragon_hifld_parser.js","165","  fs.writeFileSync(outPath, JSON.stringify(output, null, 2));"
"C:\Dev\Nexus_MASTER\scripts\connectors\black_dragon_hifld_priority_filter.js","13","  `public/data/clients/black_dragon/source_cache/${SOURCE_ID}.candidates.json`"
"C:\Dev\Nexus_MASTER\scripts\connectors\black_dragon_hifld_priority_filter.js","18","  `public/data/clients/black_dragon/source_cache/${SOURCE_ID}.priority_review.json`"
"C:\Dev\Nexus_MASTER\scripts\connectors\black_dragon_hifld_priority_filter.js","65","  return JSON.parse(fs.readFileSync(file, ""utf8""));"
"C:\Dev\Nexus_MASTER\scripts\connectors\black_dragon_hifld_priority_filter.js","69","  fs.writeFileSync(file, JSON.stringify(data, null, 2));"
"C:\Dev\Nexus_MASTER\scripts\connectors\black_dragon_hifld_priority_filter.js","108","function priorityScore(candidate) {"
"C:\Dev\Nexus_MASTER\scripts\connectors\black_dragon_hifld_priority_filter.js","119","  let score = 0;"
"C:\Dev\Nexus_MASTER\scripts\connectors\black_dragon_hifld_priority_filter.js","123","    score += 10;"
"C:\Dev\Nexus_MASTER\scripts\connectors\black_dragon_hifld_priority_filter.js","128","    score += 15;"
"C:\Dev\Nexus_MASTER\scripts\connectors\black_dragon_hifld_priority_filter.js","133","    score += 12;"
"C:\Dev\Nexus_MASTER\scripts\connectors\black_dragon_hifld_priority_filter.js","138","    score += 8;"
"C:\Dev\Nexus_MASTER\scripts\connectors\black_dragon_hifld_priority_filter.js","143","    score += 8;"
"C:\Dev\Nexus_MASTER\scripts\connectors\black_dragon_hifld_priority_filter.js","148","    score += 5;"
"C:\Dev\Nexus_MASTER\scripts\connectors\black_dragon_hifld_priority_filter.js","153","    score += 4;"
"C:\Dev\Nexus_MASTER\scripts\connectors\black_dragon_hifld_priority_filter.js","158","    score += 4;"
"C:\Dev\Nexus_MASTER\scripts\connectors\black_dragon_hifld_priority_filter.js","163","    score += 4;"
"C:\Dev\Nexus_MASTER\scripts\connectors\black_dragon_hifld_priority_filter.js","168","    score += 10;"
"C:\Dev\Nexus_MASTER\scripts\connectors\black_dragon_hifld_priority_filter.js","171","    score += 7;"
"C:\Dev\Nexus_MASTER\scripts\connectors\black_dragon_hifld_priority_filter.js","174","    score += 4;"
"C:\Dev\Nexus_MASTER\scripts\connectors\black_dragon_hifld_priority_filter.js","179","    score += 6;"
"C:\Dev\Nexus_MASTER\scripts\connectors\black_dragon_hifld_priority_filter.js","184","    score += 3;"
"C:\Dev\Nexus_MASTER\scripts\connectors\black_dragon_hifld_priority_filter.js","188","  return { score, reasons, agencySize };"
"C:\Dev\Nexus_MASTER\scripts\connectors\black_dragon_hifld_priority_filter.js","192","  const ranked = priorityScore(candidate);"
"C:\Dev\Nexus_MASTER\scripts\connectors\black_dragon_hifld_priority_filter.js","197","    priority_score: ranked.score,"
"C:\Dev\Nexus_MASTER\scripts\connectors\black_dragon_hifld_priority_filter.js","206","      ranked.score >= 45"
"C:\Dev\Nexus_MASTER\scripts\connectors\black_dragon_hifld_priority_filter.js","208","        : ranked.score >= 30"
"C:\Dev\Nexus_MASTER\scripts\connectors\black_dragon_hifld_priority_filter.js","226","    .filter((candidate) => candidate.priority_score >= 25)"
"C:\Dev\Nexus_MASTER\scripts\connectors\black_dragon_hifld_priority_filter.js","227","    .sort((a, b) => b.priority_score - a.priority_score);"
"C:\Dev\Nexus_MASTER\scripts\connectors\black_dragon_hifld_priority_filter.js","241","      minimum_priority_score: 25"
"C:\Dev\Nexus_MASTER\scripts\connectors\black_dragon_hifld_validation_layer.js","13","  `public/data/clients/black_dragon/source_cache/${SOURCE_ID}.authority_targets.json`"
"C:\Dev\Nexus_MASTER\scripts\connectors\black_dragon_hifld_validation_layer.js","18","  `public/data/clients/black_dragon/source_cache/${SOURCE_ID}.validated_targets.json`"
"C:\Dev\Nexus_MASTER\scripts\connectors\black_dragon_hifld_validation_layer.js","62","  return JSON.parse(fs.readFileSync(file, ""utf8""));"
"C:\Dev\Nexus_MASTER\scripts\connectors\black_dragon_hifld_validation_layer.js","66","  fs.writeFileSync(file, JSON.stringify(data, null, 2));"
"C:\Dev\Nexus_MASTER\scripts\connectors\black_dragon_hifld_validation_layer.js","201","        || Number(b.priority_score || 0) - Number(a.priority_score || 0);"
"C:\Dev\Nexus_MASTER\scripts\connectors\black_dragon_ny_dcjs_authority_filter.js","11","const cacheDir = path.resolve("
"C:\Dev\Nexus_MASTER\scripts\connectors\black_dragon_ny_dcjs_authority_filter.js","13","  ""public/data/clients/black_dragon/source_cache/state_directories"""
"C:\Dev\Nexus_MASTER\scripts\connectors\black_dragon_ny_dcjs_authority_filter.js","16","const inputPath = path.join(cacheDir, `${SOURCE_ID}.candidates.json`);"
"C:\Dev\Nexus_MASTER\scripts\connectors\black_dragon_ny_dcjs_authority_filter.js","17","const outPath = path.join(cacheDir, `${SOURCE_ID}.authority_targets.json`);"
"C:\Dev\Nexus_MASTER\scripts\connectors\black_dragon_ny_dcjs_authority_filter.js","18","const manifestPath = path.join(cacheDir, ""state_directory_manifest.json"");"
"C:\Dev\Nexus_MASTER\scripts\connectors\black_dragon_ny_dcjs_authority_filter.js","51","  return JSON.parse(fs.readFileSync(file, ""utf8""));"
"C:\Dev\Nexus_MASTER\scripts\connectors\black_dragon_ny_dcjs_authority_filter.js","55","  fs.writeFileSync(file, JSON.stringify(data, null, 2));"
"C:\Dev\Nexus_MASTER\scripts\connectors\black_dragon_ny_dcjs_authority_filter.js","96","function normalizeTarget(candidate, index) {"
"C:\Dev\Nexus_MASTER\scripts\connectors\black_dragon_ny_dcjs_authority_filter.js","100","    authority_target_id: `NY-DCJS-AUTH-${String(index + 1).padStart(4, ""0"")}`,"
"C:\Dev\Nexus_MASTER\scripts\connectors\black_dragon_ny_dcjs_connector.js","2","// Fetch/cache NY DCJS Criminal Justice Agencies dataset."
"C:\Dev\Nexus_MASTER\scripts\connectors\black_dragon_ny_dcjs_connector.js","12","const cacheDir = path.resolve("
"C:\Dev\Nexus_MASTER\scripts\connectors\black_dragon_ny_dcjs_connector.js","14","  ""public/data/clients/black_dragon/source_cache/state_directories"""
"C:\Dev\Nexus_MASTER\scripts\connectors\black_dragon_ny_dcjs_connector.js","17","const manifestPath = path.join(cacheDir, ""state_directory_manifest.json"");"
"C:\Dev\Nexus_MASTER\scripts\connectors\black_dragon_ny_dcjs_connector.js","18","const cachePath = path.join(cacheDir, `${SOURCE_ID}.cache.json`);"
"C:\Dev\Nexus_MASTER\scripts\connectors\black_dragon_ny_dcjs_connector.js","24","  return JSON.parse(fs.readFileSync(file, ""utf8""));"
"C:\Dev\Nexus_MASTER\scripts\connectors\black_dragon_ny_dcjs_connector.js","28","  fs.writeFileSync(file, JSON.stringify(data, null, 2));"
"C:\Dev\Nexus_MASTER\scripts\connectors\black_dragon_ny_dcjs_connector.js","55","              resolve(JSON.parse(body));"
"C:\Dev\Nexus_MASTER\scripts\connectors\black_dragon_ny_dcjs_connector.js","77","      cache_status: status.ok ? ""source_cached"" : ""cache_failed"","
"C:\Dev\Nexus_MASTER\scripts\connectors\black_dragon_ny_dcjs_connector.js","79","      cache_file: status.ok ? `state_directories/${SOURCE_ID}.cache.json` : null,"
"C:\Dev\Nexus_MASTER\scripts\connectors\black_dragon_ny_dcjs_connector.js","93","  fs.mkdirSync(cacheDir, { recursive: true });"
"C:\Dev\Nexus_MASTER\scripts\connectors\black_dragon_ny_dcjs_connector.js","110","      cached_at: new Date().toISOString(),"
"C:\Dev\Nexus_MASTER\scripts\connectors\black_dragon_ny_dcjs_connector.js","115","    writeJson(cachePath, output);"
"C:\Dev\Nexus_MASTER\scripts\connectors\black_dragon_ny_dcjs_connector.js","122","    console.log(""[NY DCJS] Cached records:"", records.length);"
"C:\Dev\Nexus_MASTER\scripts\connectors\black_dragon_ny_dcjs_connector.js","123","    console.log(""[NY DCJS] Cache:"", cachePath);"
"C:\Dev\Nexus_MASTER\scripts\connectors\black_dragon_ny_dcjs_parser.js","2","// Parses cached NY DCJS Criminal Justice Agencies dataset into NYC expansion candidates."
"C:\Dev\Nexus_MASTER\scripts\connectors\black_dragon_ny_dcjs_parser.js","11","const cacheDir = path.resolve("
"C:\Dev\Nexus_MASTER\scripts\connectors\black_dragon_ny_dcjs_parser.js","13","  ""public/data/clients/black_dragon/source_cache/state_directories"""
"C:\Dev\Nexus_MASTER\scripts\connectors\black_dragon_ny_dcjs_parser.js","16","const cachePath = path.join(cacheDir, `${SOURCE_ID}.cache.json`);"
"C:\Dev\Nexus_MASTER\scripts\connectors\black_dragon_ny_dcjs_parser.js","17","const outPath = path.join(cacheDir, `${SOURCE_ID}.candidates.json`);"
"C:\Dev\Nexus_MASTER\scripts\connectors\black_dragon_ny_dcjs_parser.js","18","const manifestPath = path.join(cacheDir, ""state_directory_manifest.json"");"
"C:\Dev\Nexus_MASTER\scripts\connectors\black_dragon_ny_dcjs_parser.js","31","  return JSON.parse(fs.readFileSync(file, ""utf8""));"
"C:\Dev\Nexus_MASTER\scripts\connectors\black_dragon_ny_dcjs_parser.js","35","  fs.writeFileSync(file, JSON.stringify(data, null, 2));"
"C:\Dev\Nexus_MASTER\scripts\connectors\black_dragon_ny_dcjs_parser.js","100","function normalizeCandidate(record, index) {"
"C:\Dev\Nexus_MASTER\scripts\connectors\black_dragon_ny_dcjs_parser.js","117","    candidate_id: `NY-DCJS-CAND-${String(index + 1).padStart(5, ""0"")}`,"
"C:\Dev\Nexus_MASTER\scripts\connectors\black_dragon_ny_dcjs_parser.js","182","  if (!fs.existsSync(cachePath)) {"
"C:\Dev\Nexus_MASTER\scripts\connectors\black_dragon_ny_dcjs_parser.js","183","    throw new Error(`Missing NY DCJS cache: ${cachePath}`);"
"C:\Dev\Nexus_MASTER\scripts\connectors\black_dragon_ny_dcjs_parser.js","186","  const cache = readJson(cachePath);"
"C:\Dev\Nexus_MASTER\scripts\connectors\black_dragon_ny_dcjs_parser.js","187","  const records = Array.isArray(cache.records) ? cache.records : [];"
"C:\Dev\Nexus_MASTER\scripts\connectors\black_dragon_pass2_clean_live_account.js","7","const BD_INPUT = path.join(ROOT, ""public/data/clients/black_dragon/targets_with_dossiers.json"");"
"C:\Dev\Nexus_MASTER\scripts\connectors\black_dragon_pass2_clean_live_account.js","12","  let raw = fs.readFileSync(file, ""utf8"");"
"C:\Dev\Nexus_MASTER\scripts\connectors\black_dragon_pass2_clean_live_account.js","14","  return JSON.parse(raw);"
"C:\Dev\Nexus_MASTER\scripts\connectors\black_dragon_pass2_clean_live_account.js","18","  fs.writeFileSync(file, JSON.stringify(data, null, 2));"
"C:\Dev\Nexus_MASTER\scripts\connectors\black_dragon_pass2_clean_live_account.js","73","    black_dragon_dossier: null"
"C:\Dev\Nexus_MASTER\scripts\connectors\black_dragon_pass2_clean_live_account.js","121","  const withoutDossier = realTargets.filter(r => !r.black_dragon_dossier).length;"
"C:\Dev\Nexus_MASTER\scripts\connectors\black_dragon_pass2_clean_live_account.js","130","    targets_without_dossier: withoutDossier,"
"C:\Dev\Nexus_MASTER\scripts\connectors\black_dragon_pass2_clean_live_account.js","139","  console.log(""[BD PASS 2 CLEAN] Targets missing dossier:"", withoutDossier);"
"C:\Dev\Nexus_MASTER\scripts\connectors\black_dragon_pass3_mass_expand.js","18","  let raw = fs.readFileSync(file, ""utf8"");"
"C:\Dev\Nexus_MASTER\scripts\connectors\black_dragon_pass3_mass_expand.js","20","  return JSON.parse(raw);"
"C:\Dev\Nexus_MASTER\scripts\connectors\black_dragon_pass3_mass_expand.js","24","  fs.writeFileSync(file, JSON.stringify(data, null, 2));"
"C:\Dev\Nexus_MASTER\scripts\connectors\black_dragon_pass3_mass_expand.js","39","function makeDossier({ name, city, state, agencyClass, contactRole, angle, expectedValue }) {"
"C:\Dev\Nexus_MASTER\scripts\connectors\black_dragon_pass3_mass_expand.js","41","    dossier_type: ""black_dragon_agency_target"","
"C:\Dev\Nexus_MASTER\scripts\connectors\black_dragon_pass3_mass_expand.js","51","    review_status: ""client_dossier_review_required"","
"C:\Dev\Nexus_MASTER\scripts\connectors\black_dragon_pass3_mass_expand.js","165","    scores: {"
"C:\Dev\Nexus_MASTER\scripts\connectors\black_dragon_pass3_mass_expand.js","166","      umbraScore:"
"C:\Dev\Nexus_MASTER\scripts\connectors\black_dragon_pass3_mass_expand.js","172","      founderScore: null,"
"C:\Dev\Nexus_MASTER\scripts\connectors\black_dragon_pass3_mass_expand.js","189","    black_dragon_dossier: makeDossier({"
"C:\Dev\Nexus_MASTER\scripts\connectors\black_dragon_pass3_mass_expand.js","233","    r.black_dragon_dossier &&"
"C:\Dev\Nexus_MASTER\scripts\connectors\black_dragon_pass3_rank_and_lock.js","17","  let raw = fs.readFileSync(file, ""utf8"");"
"C:\Dev\Nexus_MASTER\scripts\connectors\black_dragon_pass3_rank_and_lock.js","19","  return JSON.parse(raw);"
"C:\Dev\Nexus_MASTER\scripts\connectors\black_dragon_pass3_rank_and_lock.js","23","  fs.writeFileSync(file, JSON.stringify(data, null, 2));"
"C:\Dev\Nexus_MASTER\scripts\connectors\black_dragon_pass3_rank_and_lock.js","39","  if (t.black_dragon_dossier) {"
"C:\Dev\Nexus_MASTER\scripts\connectors\black_dragon_pass3_rank_and_lock.js","46","function priorityScore(t, classification) {"
"C:\Dev\Nexus_MASTER\scripts\connectors\black_dragon_pass3_rank_and_lock.js","49","  const dossier = t.black_dragon_dossier || {};"
"C:\Dev\Nexus_MASTER\scripts\connectors\black_dragon_pass3_rank_and_lock.js","50","  const agencyClass = clean(dossier.agency_class || """").toLowerCase();"
"C:\Dev\Nexus_MASTER\scripts\connectors\black_dragon_pass3_rank_and_lock.js","51","  const base = Number(t?.scores?.umbraScore || 50);"
"C:\Dev\Nexus_MASTER\scripts\connectors\black_dragon_pass3_rank_and_lock.js","63","  if (dossier.live_outreach_allowed === true) bonus += 5;"
"C:\Dev\Nexus_MASTER\scripts\connectors\black_dragon_pass3_rank_and_lock.js","64","  if (dossier.review_status === ""client_dossier_review_required"") bonus -= 3;"
"C:\Dev\Nexus_MASTER\scripts\connectors\black_dragon_pass3_rank_and_lock.js","69","function priorityBand(score, classification) {"
"C:\Dev\Nexus_MASTER\scripts\connectors\black_dragon_pass3_rank_and_lock.js","73","  if (score >= 90) return ""PRIORITY_A"";"
"C:\Dev\Nexus_MASTER\scripts\connectors\black_dragon_pass3_rank_and_lock.js","74","  if (score >= 80) return ""PRIORITY_B"";"
"C:\Dev\Nexus_MASTER\scripts\connectors\black_dragon_pass3_rank_and_lock.js","75","  if (score >= 68) return ""PRIORITY_C"";"
"C:\Dev\Nexus_MASTER\scripts\connectors\black_dragon_pass3_rank_and_lock.js","82","  const score = priorityScore(t, classification);"
"C:\Dev\Nexus_MASTER\scripts\connectors\black_dragon_pass3_rank_and_lock.js","83","  const band = priorityBand(score, classification);"
"C:\Dev\Nexus_MASTER\scripts\connectors\black_dragon_pass3_rank_and_lock.js","88","  const dossier = t.black_dragon_dossier || null;"
"C:\Dev\Nexus_MASTER\scripts\connectors\black_dragon_pass3_rank_and_lock.js","90","  const lockedDossier = dossier"
"C:\Dev\Nexus_MASTER\scripts\connectors\black_dragon_pass3_rank_and_lock.js","92","        ...dossier,"
"C:\Dev\Nexus_MASTER\scripts\connectors\black_dragon_pass3_rank_and_lock.js","95","        live_outreach_allowed: isVerified ? dossier.live_outreach_allowed === true : false,"
"C:\Dev\Nexus_MASTER\scripts\connectors\black_dragon_pass3_rank_and_lock.js","97","          ? (dossier.review_status || ""client_dossier_review_required"")"
"C:\Dev\Nexus_MASTER\scripts\connectors\black_dragon_pass3_rank_and_lock.js","99","        priority_score: score,"
"C:\Dev\Nexus_MASTER\scripts\connectors\black_dragon_pass3_rank_and_lock.js","110","      priority_score: score,"
"C:\Dev\Nexus_MASTER\scripts\connectors\black_dragon_pass3_rank_and_lock.js","115","      live_outreach_allowed: lockedDossier?.live_outreach_allowed === true,"
"C:\Dev\Nexus_MASTER\scripts\connectors\black_dragon_pass3_rank_and_lock.js","117","        lockedDossier?.live_outreach_allowed === true"
"C:\Dev\Nexus_MASTER\scripts\connectors\black_dragon_pass3_rank_and_lock.js","122","    black_dragon_dossier: lockedDossier"
"C:\Dev\Nexus_MASTER\scripts\connectors\black_dragon_pass4_enable_verified_outreach.js","17","  let raw = fs.readFileSync(file, ""utf8"");"
"C:\Dev\Nexus_MASTER\scripts\connectors\black_dragon_pass4_enable_verified_outreach.js","19","  return JSON.parse(raw);"
"C:\Dev\Nexus_MASTER\scripts\connectors\black_dragon_pass4_enable_verified_outreach.js","23","  fs.writeFileSync(file, JSON.stringify(data, null, 2));"
"C:\Dev\Nexus_MASTER\scripts\connectors\black_dragon_pass4_enable_verified_outreach.js","50","  const dossier = target.black_dragon_dossier"
"C:\Dev\Nexus_MASTER\scripts\connectors\black_dragon_pass4_enable_verified_outreach.js","52","        ...target.black_dragon_dossier,"
"C:\Dev\Nexus_MASTER\scripts\connectors\black_dragon_pass4_enable_verified_outreach.js","66","    black_dragon_dossier: dossier,"
"C:\Dev\Nexus_MASTER\scripts\connectors\black_dragon_pass4_enable_verified_outreach.js","72","        ? ""Verified Black Dragon target with ingested dossier."""
"C:\Dev\Nexus_MASTER\scripts\connectors\black_dragon_phase3_build_outreach_package.js","17","  return JSON.parse(fs.readFileSync(file, ""utf8""));"
"C:\Dev\Nexus_MASTER\scripts\connectors\black_dragon_phase3_build_outreach_package.js","21","  fs.writeFileSync(file, JSON.stringify(data, null, 2));"
"C:\Dev\Nexus_MASTER\scripts\connectors\black_dragon_phase3_build_outreach_package.js","94","    final_score: t.final_score,"
"C:\Dev\Nexus_MASTER\scripts\connectors\black_dragon_phase3_build_shortlist.js","8","  ""public/data/clients/black_dragon/scored_targets.json"""
"C:\Dev\Nexus_MASTER\scripts\connectors\black_dragon_phase3_build_shortlist.js","17","  return JSON.parse(fs.readFileSync(file, ""utf8""));"
"C:\Dev\Nexus_MASTER\scripts\connectors\black_dragon_phase3_build_shortlist.js","21","  fs.writeFileSync(file, JSON.stringify(data, null, 2));"
"C:\Dev\Nexus_MASTER\scripts\connectors\black_dragon_phase3_build_shortlist.js","35","  const shortlist = targets.slice(0, 25).map((t, index) => ({"
"C:\Dev\Nexus_MASTER\scripts\connectors\black_dragon_phase3_build_shortlist.js","36","    rank: index + 1,"
"C:\Dev\Nexus_MASTER\scripts\connectors\black_dragon_phase3_build_shortlist.js","46","    final_score: t.phase3_scores?.final_score ?? null,"
"C:\Dev\Nexus_MASTER\scripts\connectors\black_dragon_phase3_build_shortlist.js","47","    revenue_potential: t.phase3_scores?.revenue_potential ?? null,"
"C:\Dev\Nexus_MASTER\scripts\connectors\black_dragon_phase3_build_shortlist.js","48","    training_fit: t.phase3_scores?.training_fit ?? null,"
"C:\Dev\Nexus_MASTER\scripts\connectors\black_dragon_phase3_build_shortlist.js","49","    actionability: t.phase3_scores?.actionability ?? null,"
"C:\Dev\Nexus_MASTER\scripts\connectors\black_dragon_phase3_build_shortlist.js","50","    strategic_credibility: t.phase3_scores?.strategic_credibility ?? null,"
"C:\Dev\Nexus_MASTER\scripts\connectors\black_dragon_phase3_contact_enrich.js","17","  return JSON.parse(fs.readFileSync(file, ""utf8""));"
"C:\Dev\Nexus_MASTER\scripts\connectors\black_dragon_phase3_contact_enrich.js","21","  fs.writeFileSync(file, JSON.stringify(data, null, 2));"
"C:\Dev\Nexus_MASTER\scripts\connectors\black_dragon_phase3_contact_enrich.js","125","    note: ""Contact enrichment is additive only. It does not modify targets_master.json, scored_targets.json, or top_targets_shortlist.json."","
"C:\Dev\Nexus_MASTER\scripts\connectors\black_dragon_phase3_dossier_enrich.js","8","  ""public/data/clients/black_dragon/scored_targets.json"""
"C:\Dev\Nexus_MASTER\scripts\connectors\black_dragon_phase3_dossier_enrich.js","13","  ""public/data/clients/black_dragon/targets_with_dossiers.json"""
"C:\Dev\Nexus_MASTER\scripts\connectors\black_dragon_phase3_dossier_enrich.js","17","  return JSON.parse(fs.readFileSync(file, ""utf8""));"
"C:\Dev\Nexus_MASTER\scripts\connectors\black_dragon_phase3_dossier_enrich.js","21","  fs.writeFileSync(file, JSON.stringify(data, null, 2));"
"C:\Dev\Nexus_MASTER\scripts\connectors\black_dragon_phase3_dossier_enrich.js","68","  const score = Number(target.phase3_scores?.final_score ?? target.final_score ?? 0);"
"C:\Dev\Nexus_MASTER\scripts\connectors\black_dragon_phase3_dossier_enrich.js","86","  if (score >= 72) {"
"C:\Dev\Nexus_MASTER\scripts\connectors\black_dragon_phase3_dossier_enrich.js","94","  const score = Number(target.phase3_scores?.final_score ?? target.final_score ?? 0);"
"C:\Dev\Nexus_MASTER\scripts\connectors\black_dragon_phase3_dossier_enrich.js","96","  if (score >= 85) return ""Very high-value first-contact opportunity."";"
"C:\Dev\Nexus_MASTER\scripts\connectors\black_dragon_phase3_dossier_enrich.js","97","  if (score >= 72) return ""Strong first-wave opportunity."";"
"C:\Dev\Nexus_MASTER\scripts\connectors\black_dragon_phase3_dossier_enrich.js","98","  if (score >= 60) return ""Viable second-wave opportunity."";"
"C:\Dev\Nexus_MASTER\scripts\connectors\black_dragon_phase3_dossier_enrich.js","133","  const score = Number(target.phase3_scores?.final_score ?? target.final_score ?? 0);"
"C:\Dev\Nexus_MASTER\scripts\connectors\black_dragon_phase3_dossier_enrich.js","138","  if (score >= 72) value += 0.18;"
"C:\Dev\Nexus_MASTER\scripts\connectors\black_dragon_phase3_dossier_enrich.js","139","  else if (score >= 60) value += 0.1;"
"C:\Dev\Nexus_MASTER\scripts\connectors\black_dragon_phase3_dossier_enrich.js","150","function buildDossier(target) {"
"C:\Dev\Nexus_MASTER\scripts\connectors\black_dragon_phase3_dossier_enrich.js","152","    dossier_type: ""black_dragon_agency_target"","
"C:\Dev\Nexus_MASTER\scripts\connectors\black_dragon_phase3_dossier_enrich.js","161","    review_status: ""client_dossier_review_required"","
"C:\Dev\Nexus_MASTER\scripts\connectors\black_dragon_phase3_dossier_enrich.js","167","  console.log(""[BD DOSSIER ENRICH] Starting..."");"
"C:\Dev\Nexus_MASTER\scripts\connectors\black_dragon_phase3_dossier_enrich.js","170","    console.error(""[BD DOSSIER ENRICH] Missing input: "" + INPUT);"
"C:\Dev\Nexus_MASTER\scripts\connectors\black_dragon_phase3_dossier_enrich.js","179","    black_dragon_dossier: buildDossier(target)"
"C:\Dev\Nexus_MASTER\scripts\connectors\black_dragon_phase3_dossier_enrich.js","183","    source: ""black_dragon_phase3_dossier_enrichment"","
"C:\Dev\Nexus_MASTER\scripts\connectors\black_dragon_phase3_dossier_enrich.js","185","    note: ""Dossier enrichment is additive only. Full lead count is preserved."","
"C:\Dev\Nexus_MASTER\scripts\connectors\black_dragon_phase3_dossier_enrich.js","193","  console.log(""[BD DOSSIER ENRICH] Input:"", targets.length);"
"C:\Dev\Nexus_MASTER\scripts\connectors\black_dragon_phase3_dossier_enrich.js","194","  console.log(""[BD DOSSIER ENRICH] Output:"", enriched.length);"
"C:\Dev\Nexus_MASTER\scripts\connectors\black_dragon_phase3_dossier_enrich.js","195","  console.log(""[BD DOSSIER ENRICH] File:"", OUTPUT);"
"C:\Dev\Nexus_MASTER\scripts\connectors\black_dragon_phase3_score_targets.js","13","  ""public/data/clients/black_dragon/scored_targets.json"""
"C:\Dev\Nexus_MASTER\scripts\connectors\black_dragon_phase3_score_targets.js","17","  return JSON.parse(fs.readFileSync(file, ""utf8""));"
"C:\Dev\Nexus_MASTER\scripts\connectors\black_dragon_phase3_score_targets.js","21","  fs.writeFileSync(file, JSON.stringify(data, null, 2));"
"C:\Dev\Nexus_MASTER\scripts\connectors\black_dragon_phase3_score_targets.js","35","  let score = 45;"
"C:\Dev\Nexus_MASTER\scripts\connectors\black_dragon_phase3_score_targets.js","37","  if (has(name, /PHOENIX|TUCSON|MESA|GLENDALE|SCOTTSDALE|CHANDLER|TEMPE/i)) score += 20;"
"C:\Dev\Nexus_MASTER\scripts\connectors\black_dragon_phase3_score_targets.js","38","  if (has(name, /SHERIFF|COUNTY ATTORNEY|ATTORNEY GENERAL/i)) score += 18;"
"C:\Dev\Nexus_MASTER\scripts\connectors\black_dragon_phase3_score_targets.js","39","  if (has(name, /HIDTA|TASK FORCE|DRUG|GANG|VIOLENT/i)) score += 20;"
"C:\Dev\Nexus_MASTER\scripts\connectors\black_dragon_phase3_score_targets.js","40","  if (has(name, /SUPERIOR COURT|JUSTICE COURT|MUNICIPAL COURT/i)) score += 8;"
"C:\Dev\Nexus_MASTER\scripts\connectors\black_dragon_phase3_score_targets.js","41","  if (has(name, /TRIBAL POLICE|CAMPUS POLICE/i)) score += 6;"
"C:\Dev\Nexus_MASTER\scripts\connectors\black_dragon_phase3_score_targets.js","43","  return Math.min(score, 100);"
"C:\Dev\Nexus_MASTER\scripts\connectors\black_dragon_phase3_score_targets.js","49","  let score = 45;"
"C:\Dev\Nexus_MASTER\scripts\connectors\black_dragon_phase3_score_targets.js","51","  if (has(name, /POLICE|SHERIFF|TRIBAL POLICE|PUBLIC SAFETY|DPS/i)) score += 25;"
"C:\Dev\Nexus_MASTER\scripts\connectors\black_dragon_phase3_score_targets.js","52","  if (has(name, /HIDTA|TASK FORCE|DRUG|GANG|BORDER/i)) score += 28;"
"C:\Dev\Nexus_MASTER\scripts\connectors\black_dragon_phase3_score_targets.js","53","  if (has(name, /PROSECUTOR|ATTORNEY/i)) score += 14;"
"C:\Dev\Nexus_MASTER\scripts\connectors\black_dragon_phase3_score_targets.js","54","  if (has(name, /COURT/i)) score += 8;"
"C:\Dev\Nexus_MASTER\scripts\connectors\black_dragon_phase3_score_targets.js","55","  if (has(name, /CAMPUS POLICE/i)) score += 5;"
"C:\Dev\Nexus_MASTER\scripts\connectors\black_dragon_phase3_score_targets.js","57","  return Math.min(score, 100);"
"C:\Dev\Nexus_MASTER\scripts\connectors\black_dragon_phase3_score_targets.js","61","  let score = 40;"
"C:\Dev\Nexus_MASTER\scripts\connectors\black_dragon_phase3_score_targets.js","63","  if (target.website) score += 25;"
"C:\Dev\Nexus_MASTER\scripts\connectors\black_dragon_phase3_score_targets.js","64","  if (target.contact_url) score += 20;"
"C:\Dev\Nexus_MASTER\scripts\connectors\black_dragon_phase3_score_targets.js","65","  if (target.city && target.city !== ""AZ_STATEWIDE_REVIEW"") score += 10;"
"C:\Dev\Nexus_MASTER\scripts\connectors\black_dragon_phase3_score_targets.js","66","  if (target.validated_tier === ""TIER_1"") score += 10;"
"C:\Dev\Nexus_MASTER\scripts\connectors\black_dragon_phase3_score_targets.js","67","  if (target.validated_tier === ""TIER_2"") score += 5;"
"C:\Dev\Nexus_MASTER\scripts\connectors\black_dragon_phase3_score_targets.js","69","  return Math.min(score, 100);"
"C:\Dev\Nexus_MASTER\scripts\connectors\black_dragon_phase3_score_targets.js","75","  let score = 40;"
"C:\Dev\Nexus_MASTER\scripts\connectors\black_dragon_phase3_score_targets.js","77","  if (has(name, /ATTORNEY GENERAL|HIDTA|TASK FORCE|SHERIFF/i)) score += 30;"
"C:\Dev\Nexus_MASTER\scripts\connectors\black_dragon_phase3_score_targets.js","78","  if (has(name, /PHOENIX|TUCSON|MESA|SCOTTSDALE|CHANDLER|GLENDALE/i)) score += 15;"
"C:\Dev\Nexus_MASTER\scripts\connectors\black_dragon_phase3_score_targets.js","79","  if (has(name, /COURT|PROSECUTOR|COUNTY ATTORNEY/i)) score += 10;"
"C:\Dev\Nexus_MASTER\scripts\connectors\black_dragon_phase3_score_targets.js","81","  return Math.min(score, 100);"
"C:\Dev\Nexus_MASTER\scripts\connectors\black_dragon_phase3_score_targets.js","84","function finalScore(target) {"
"C:\Dev\Nexus_MASTER\scripts\connectors\black_dragon_phase3_score_targets.js","101","    final_score: Number(total.toFixed(2))"
"C:\Dev\Nexus_MASTER\scripts\connectors\black_dragon_phase3_score_targets.js","105","function priorityBand(score) {"
"C:\Dev\Nexus_MASTER\scripts\connectors\black_dragon_phase3_score_targets.js","106","  if (score >= 85) return ""PRIORITY_A"";"
"C:\Dev\Nexus_MASTER\scripts\connectors\black_dragon_phase3_score_targets.js","107","  if (score >= 72) return ""PRIORITY_B"";"
"C:\Dev\Nexus_MASTER\scripts\connectors\black_dragon_phase3_score_targets.js","108","  if (score >= 60) return ""PRIORITY_C"";"
"C:\Dev\Nexus_MASTER\scripts\connectors\black_dragon_phase3_score_targets.js","135","  console.log(""[BD PHASE 3 SCORE] Starting..."");"
"C:\Dev\Nexus_MASTER\scripts\connectors\black_dragon_phase3_score_targets.js","138","    console.error(""[BD PHASE 3 SCORE] Missing input: "" + INPUT);"
"C:\Dev\Nexus_MASTER\scripts\connectors\black_dragon_phase3_score_targets.js","145","  const scored = targets"
"C:\Dev\Nexus_MASTER\scripts\connectors\black_dragon_phase3_score_targets.js","147","      const scores = finalScore(target);"
"C:\Dev\Nexus_MASTER\scripts\connectors\black_dragon_phase3_score_targets.js","151","        phase3_scores: scores,"
"C:\Dev\Nexus_MASTER\scripts\connectors\black_dragon_phase3_score_targets.js","152","        priority_band: priorityBand(scores.final_score),"
"C:\Dev\Nexus_MASTER\scripts\connectors\black_dragon_phase3_score_targets.js","154","        phase3_status: ""scored_review_required"""
"C:\Dev\Nexus_MASTER\scripts\connectors\black_dragon_phase3_score_targets.js","157","    .sort((a, b) => b.phase3_scores.final_score - a.phase3_scores.final_score);"
"C:\Dev\Nexus_MASTER\scripts\connectors\black_dragon_phase3_score_targets.js","168","    total_scored_targets: scored.length,"
"C:\Dev\Nexus_MASTER\scripts\connectors\black_dragon_phase3_score_targets.js","169","    priority_counts: scored.reduce((acc, t) => {"
"C:\Dev\Nexus_MASTER\scripts\connectors\black_dragon_phase3_score_targets.js","173","    targets: scored"
"C:\Dev\Nexus_MASTER\scripts\connectors\black_dragon_phase3_score_targets.js","178","  console.log(""[BD PHASE 3 SCORE] Scored:"", scored.length);"
"C:\Dev\Nexus_MASTER\scripts\connectors\black_dragon_phase3_score_targets.js","179","  console.log(""[BD PHASE 3 SCORE] Output:"", OUTPUT);"
"C:\Dev\Nexus_MASTER\scripts\connectors\black_dragon_phase3_score_targets.js","180","  console.log(""[BD PHASE 3 SCORE] Priority counts:"", output.priority_counts);"
"C:\Dev\Nexus_MASTER\scripts\connectors\black_dragon_state_batch_authority_filter.js","41","const cacheDir = path.resolve("
"C:\Dev\Nexus_MASTER\scripts\connectors\black_dragon_state_batch_authority_filter.js","43","  ""public/data/clients/black_dragon/source_cache/state_directories"""
"C:\Dev\Nexus_MASTER\scripts\connectors\black_dragon_state_batch_authority_filter.js","47","  cacheDir,"
"C:\Dev\Nexus_MASTER\scripts\connectors\black_dragon_state_batch_authority_filter.js","52","  return JSON.parse(fs.readFileSync(file, ""utf8""));"
"C:\Dev\Nexus_MASTER\scripts\connectors\black_dragon_state_batch_authority_filter.js","56","  fs.writeFileSync(file, JSON.stringify(data, null, 2));"
"C:\Dev\Nexus_MASTER\scripts\connectors\black_dragon_state_batch_authority_filter.js","106","  return /HOSPITAL|MEDICAL|AIRPORT|AVIATION|TRANSIT|RAILROAD|PARK|TRAINING|ACADEMY|REGISTRAR OF CONTRACTORS|DEPARTMENT OF AGRICULTURE|AUDITOR GENERAL|COMMISSIONERS$/i.test("
"C:\Dev\Nexus_MASTER\scripts\connectors\black_dragon_state_batch_authority_filter.js","120","  const inPath = path.join(cacheDir, `${source.source_id}.candidates.json`);"
"C:\Dev\Nexus_MASTER\scripts\connectors\black_dragon_state_batch_authority_filter.js","170","        ""Filtered from cached state directory batch candidate file."","
"C:\Dev\Nexus_MASTER\scripts\connectors\black_dragon_state_batch_connector.js","2","// Fetch/cache AZ / IL / OH / NC agency directory pages."
"C:\Dev\Nexus_MASTER\scripts\connectors\black_dragon_state_batch_connector.js","49","const cacheDir = path.resolve("
"C:\Dev\Nexus_MASTER\scripts\connectors\black_dragon_state_batch_connector.js","51","  ""public/data/clients/black_dragon/source_cache/state_directories"""
"C:\Dev\Nexus_MASTER\scripts\connectors\black_dragon_state_batch_connector.js","59","const manifestPath = path.join(cacheDir, ""state_directory_manifest.json"");"
"C:\Dev\Nexus_MASTER\scripts\connectors\black_dragon_state_batch_connector.js","62","  return JSON.parse(fs.readFileSync(file, ""utf8""));"
"C:\Dev\Nexus_MASTER\scripts\connectors\black_dragon_state_batch_connector.js","66","  fs.writeFileSync(file, JSON.stringify(data, null, 2));"
"C:\Dev\Nexus_MASTER\scripts\connectors\black_dragon_state_batch_connector.js","159","      cache_status: ""not_fetched"","
"C:\Dev\Nexus_MASTER\scripts\connectors\black_dragon_state_batch_connector.js","161","      cache_file: null,"
"C:\Dev\Nexus_MASTER\scripts\connectors\black_dragon_state_batch_connector.js","194","      cache_status: result.ok ? ""source_cached"" : ""cache_failed"","
"C:\Dev\Nexus_MASTER\scripts\connectors\black_dragon_state_batch_connector.js","196","      cache_file: result.ok ? `state_directories/${result.source_id}.cache.json` : null,"
"C:\Dev\Nexus_MASTER\scripts\connectors\black_dragon_state_batch_connector.js","210","  fs.mkdirSync(cacheDir, { recursive: true });"
"C:\Dev\Nexus_MASTER\scripts\connectors\black_dragon_state_batch_connector.js","218","    const htmlPath = path.join(cacheDir, `${src.source_id}.html`);"
"C:\Dev\Nexus_MASTER\scripts\connectors\black_dragon_state_batch_connector.js","219","    const cachePath = path.join(cacheDir, `${src.source_id}.cache.json`);"
"C:\Dev\Nexus_MASTER\scripts\connectors\black_dragon_state_batch_connector.js","225","      fs.writeFileSync(htmlPath, html, ""utf8"");"
"C:\Dev\Nexus_MASTER\scripts\connectors\black_dragon_state_batch_connector.js","227","      const cache = {"
"C:\Dev\Nexus_MASTER\scripts\connectors\black_dragon_state_batch_connector.js","232","        cached_at: new Date().toISOString(),"
"C:\Dev\Nexus_MASTER\scripts\connectors\black_dragon_state_batch_connector.js","238","          ""Raw state directory page cached."","
"C:\Dev\Nexus_MASTER\scripts\connectors\black_dragon_state_batch_connector.js","244","      writeJson(cachePath, cache);"
"C:\Dev\Nexus_MASTER\scripts\connectors\black_dragon_state_batch_connector.js","249","        byte_count: cache.byte_count"
"C:\Dev\Nexus_MASTER\scripts\connectors\black_dragon_state_batch_connector.js","252","      console.log(""[STATE BATCH] Cached:"", src.source_id, cache.byte_count);"
"C:\Dev\Nexus_MASTER\scripts\connectors\black_dragon_state_batch_merge_validate.js","6","const cacheDir = path.resolve("
"C:\Dev\Nexus_MASTER\scripts\connectors\black_dragon_state_batch_merge_validate.js","8","  ""public/data/clients/black_dragon/source_cache/state_directories"""
"C:\Dev\Nexus_MASTER\scripts\connectors\black_dragon_state_batch_merge_validate.js","12","  cacheDir,"
"C:\Dev\Nexus_MASTER\scripts\connectors\black_dragon_state_batch_merge_validate.js","22","  return JSON.parse(fs.readFileSync(file, ""utf8""));"
"C:\Dev\Nexus_MASTER\scripts\connectors\black_dragon_state_batch_merge_validate.js","26","  fs.writeFileSync(file, JSON.stringify(data, null, 2));"
"C:\Dev\Nexus_MASTER\scripts\connectors\black_dragon_state_batch_merge_validate.js","33","function dedupeKey(t) {"
"C:\Dev\Nexus_MASTER\scripts\connectors\black_dragon_state_batch_merge_validate.js","59","  const seen = new Set(existing.map(dedupeKey));"
"C:\Dev\Nexus_MASTER\scripts\connectors\black_dragon_state_batch_merge_validate.js","65","    const key = dedupeKey(t);"
"C:\Dev\Nexus_MASTER\scripts\connectors\black_dragon_state_batch_parser.js","274","  let score = 0.62;"
"C:\Dev\Nexus_MASTER\scripts\connectors\black_dragon_state_batch_parser.js","276","  if (item.website) score += 0.08;"
"C:\Dev\Nexus_MASTER\scripts\connectors\black_dragon_state_batch_parser.js","277","  if (item.contact_url) score += 0.05;"
"C:\Dev\Nexus_MASTER\scripts\connectors\black_dragon_state_batch_parser.js","278","  if (city) score += 0.1;"
"C:\Dev\Nexus_MASTER\scripts\connectors\black_dragon_state_batch_parser.js","279","  if (/\bPolice Department\b|\bSheriff/i.test(item.agency_name)) score += 0.08;"
"C:\Dev\Nexus_MASTER\scripts\connectors\black_dragon_state_batch_parser.js","281","  return Math.min(Number(score.toFixed(2)), 0.9);"
"C:\Dev\Nexus_MASTER\scripts\connectors\black_dragon_state_batch_parser.js","284","function dedupeKey(agencyName, city, state) {"
"C:\Dev\Nexus_MASTER\scripts\connectors\black_dragon_state_batch_parser.js","293","    `public/data/clients/black_dragon/source_cache/state_directories/${source.source_id}.html`"
"C:\Dev\Nexus_MASTER\scripts\connectors\black_dragon_state_batch_parser.js","298","    `public/data/clients/black_dragon/source_cache/state_directories/${source.source_id}.candidates.json`"
"C:\Dev\Nexus_MASTER\scripts\connectors\black_dragon_state_batch_parser.js","306","  const html = fs.readFileSync(htmlPath, ""utf8"");"
"C:\Dev\Nexus_MASTER\scripts\connectors\black_dragon_state_batch_parser.js","346","    const key = dedupeKey(agencyName, city, source.state);"
"C:\Dev\Nexus_MASTER\scripts\connectors\black_dragon_state_batch_parser.js","366","  fs.writeFileSync("
"C:\Dev\Nexus_MASTER\scripts\intel\behavioral_scoring.js","10","  const ownerToneScore = raw.ownerToneScore ?? null; // 0?100"
"C:\Dev\Nexus_MASTER\scripts\intel\behavioral_scoring.js","11","  const responsivenessScore = raw.responsivenessScore ?? null; // 0?100"
"C:\Dev\Nexus_MASTER\scripts\intel\behavioral_scoring.js","14","  let score = 50;"
"C:\Dev\Nexus_MASTER\scripts\intel\behavioral_scoring.js","23","      score += 10;"
"C:\Dev\Nexus_MASTER\scripts\intel\behavioral_scoring.js","26","      score -= 10;"
"C:\Dev\Nexus_MASTER\scripts\intel\behavioral_scoring.js","35","      score += 8;"
"C:\Dev\Nexus_MASTER\scripts\intel\behavioral_scoring.js","42","  if (ownerToneScore != null) {"
"C:\Dev\Nexus_MASTER\scripts\intel\behavioral_scoring.js","43","    signals.ownerToneScore = ownerToneScore;"
"C:\Dev\Nexus_MASTER\scripts\intel\behavioral_scoring.js","44","    if (ownerToneScore > 70) {"
"C:\Dev\Nexus_MASTER\scripts\intel\behavioral_scoring.js","45","      score += 5;"
"C:\Dev\Nexus_MASTER\scripts\intel\behavioral_scoring.js","47","    } else if (ownerToneScore < 30) {"
"C:\Dev\Nexus_MASTER\scripts\intel\behavioral_scoring.js","48","      score -= 5;"
"C:\Dev\Nexus_MASTER\scripts\intel\behavioral_scoring.js","54","  if (responsivenessScore != null) {"
"C:\Dev\Nexus_MASTER\scripts\intel\behavioral_scoring.js","55","    signals.responsivenessScore = responsivenessScore;"
"C:\Dev\Nexus_MASTER\scripts\intel\behavioral_scoring.js","56","    if (responsivenessScore > 75) {"
"C:\Dev\Nexus_MASTER\scripts\intel\behavioral_scoring.js","57","      score += 8;"
"C:\Dev\Nexus_MASTER\scripts\intel\behavioral_scoring.js","60","    } else if (responsivenessScore < 30) {"
"C:\Dev\Nexus_MASTER\scripts\intel\behavioral_scoring.js","61","      score -= 8;"
"C:\Dev\Nexus_MASTER\scripts\intel\behavioral_scoring.js","69","      score -= 10;"
"C:\Dev\Nexus_MASTER\scripts\intel\behavioral_scoring.js","77","  score = Math.max(0, Math.min(score, 100));"
"C:\Dev\Nexus_MASTER\scripts\intel\behavioral_scoring.js","80","    score,"
"C:\Dev\Nexus_MASTER\scripts\intel\business_licensing_intel.js","12","  let score = 50;"
"C:\Dev\Nexus_MASTER\scripts\intel\business_licensing_intel.js","19","      score += 15;"
"C:\Dev\Nexus_MASTER\scripts\intel\business_licensing_intel.js","22","      score += 5;"
"C:\Dev\Nexus_MASTER\scripts\intel\business_licensing_intel.js","25","      score -= 10;"
"C:\Dev\Nexus_MASTER\scripts\intel\business_licensing_intel.js","33","    score += 10;"
"C:\Dev\Nexus_MASTER\scripts\intel\business_licensing_intel.js","37","    score -= 15;"
"C:\Dev\Nexus_MASTER\scripts\intel\business_licensing_intel.js","45","      score += 3;"
"C:\Dev\Nexus_MASTER\scripts\intel\business_licensing_intel.js","50","  score = Math.max(0, Math.min(score, 100));"
"C:\Dev\Nexus_MASTER\scripts\intel\business_licensing_intel.js","53","    score,"
"C:\Dev\Nexus_MASTER\scripts\intel\demographic_overlay.js","12","  let score = 50;"
"C:\Dev\Nexus_MASTER\scripts\intel\demographic_overlay.js","19","      score += 15;"
"C:\Dev\Nexus_MASTER\scripts\intel\demographic_overlay.js","22","      score += 7;"
"C:\Dev\Nexus_MASTER\scripts\intel\demographic_overlay.js","25","      score -= 10;"
"C:\Dev\Nexus_MASTER\scripts\intel\demographic_overlay.js","35","      score += 5;"
"C:\Dev\Nexus_MASTER\scripts\intel\demographic_overlay.js","38","      score -= 5;"
"C:\Dev\Nexus_MASTER\scripts\intel\demographic_overlay.js","46","      score += 5;"
"C:\Dev\Nexus_MASTER\scripts\intel\demographic_overlay.js","51","  score = Math.max(0, Math.min(score, 100));"
"C:\Dev\Nexus_MASTER\scripts\intel\demographic_overlay.js","54","    score,"
"C:\Dev\Nexus_MASTER\scripts\intel\intel_config_loader.js","4","let cachedWeights = null;"
"C:\Dev\Nexus_MASTER\scripts\intel\intel_config_loader.js","5","let cachedSources = null;"
"C:\Dev\Nexus_MASTER\scripts\intel\intel_config_loader.js","22","  if (cachedWeights) return cachedWeights;"
"C:\Dev\Nexus_MASTER\scripts\intel\intel_config_loader.js","25","  cachedWeights = json?.components || null;"
"C:\Dev\Nexus_MASTER\scripts\intel\intel_config_loader.js","26","  return cachedWeights;"
"C:\Dev\Nexus_MASTER\scripts\intel\intel_config_loader.js","30","  if (cachedSources) return cachedSources;"
"C:\Dev\Nexus_MASTER\scripts\intel\intel_config_loader.js","33","  cachedSources = json?.sources || null;"
"C:\Dev\Nexus_MASTER\scripts\intel\intel_config_loader.js","34","  return cachedSources;"
"C:\Dev\Nexus_MASTER\scripts\intel\intel_fusion_engine.js","1","// intel_fusion_engine.js"
"C:\Dev\Nexus_MASTER\scripts\intel\intel_fusion_engine.js","2","// Orchestrates all core intel modules for a single lead and returns a unified dossier."
"C:\Dev\Nexus_MASTER\scripts\intel\intel_fusion_engine.js","4","import { computeIntelScoreAsync } from ""./intel_scoring.js"";"
"C:\Dev\Nexus_MASTER\scripts\intel\intel_fusion_engine.js","29"," * @returns {Promise<Object>} intelDossier"
"C:\Dev\Nexus_MASTER\scripts\intel\intel_fusion_engine.js","31","export async function buildIntelDossierForLead(lead, options = {}) {"
"C:\Dev\Nexus_MASTER\scripts\intel\intel_fusion_engine.js","54","    property: propertyResult?.score ?? 0,"
"C:\Dev\Nexus_MASTER\scripts\intel\intel_fusion_engine.js","55","    business: businessResult?.score ?? 0,"
"C:\Dev\Nexus_MASTER\scripts\intel\intel_fusion_engine.js","56","    legal: legalResult?.score ?? 0,"
"C:\Dev\Nexus_MASTER\scripts\intel\intel_fusion_engine.js","57","    demographic: demographicResult?.score ?? 0,"
"C:\Dev\Nexus_MASTER\scripts\intel\intel_fusion_engine.js","58","    wealth: wealthResult?.score ?? 0,"
"C:\Dev\Nexus_MASTER\scripts\intel\intel_fusion_engine.js","59","    behavior: behaviorResult?.score ?? 0"
"C:\Dev\Nexus_MASTER\scripts\intel\intel_fusion_engine.js","70","  const scoreSummary = await computeIntelScoreAsync({"
"C:\Dev\Nexus_MASTER\scripts\intel\intel_fusion_engine.js","88","    score: scoreSummary,"
"C:\Dev\Nexus_MASTER\scripts\intel\intel_scoring.js","21"," * Normalize a component score to 0?1."
"C:\Dev\Nexus_MASTER\scripts\intel\intel_scoring.js","24","export function normalizeScore(score, max = 100) {"
"C:\Dev\Nexus_MASTER\scripts\intel\intel_scoring.js","25","  if (score == null || Number.isNaN(score)) return 0;"
"C:\Dev\Nexus_MASTER\scripts\intel\intel_scoring.js","26","  const clamped = Math.max(0, Math.min(score, max));"
"C:\Dev\Nexus_MASTER\scripts\intel\intel_scoring.js","31"," * Compute base weighted score from module outputs, loading weights from config if needed."
"C:\Dev\Nexus_MASTER\scripts\intel\intel_scoring.js","34"," * @returns {Promise<number>} baseScore 0?100"
"C:\Dev\Nexus_MASTER\scripts\intel\intel_scoring.js","36","export async function computeBaseIntelScoreAsync(components, weights) {"
"C:\Dev\Nexus_MASTER\scripts\intel\intel_scoring.js","49","  const normalized = {"
"C:\Dev\Nexus_MASTER\scripts\intel\intel_scoring.js","50","    property: normalizeScore(property),"
"C:\Dev\Nexus_MASTER\scripts\intel\intel_scoring.js","51","    business: normalizeScore(business),"
"C:\Dev\Nexus_MASTER\scripts\intel\intel_scoring.js","52","    legal: normalizeScore(legal),"
"C:\Dev\Nexus_MASTER\scripts\intel\intel_scoring.js","53","    demographic: normalizeScore(demographic),"
"C:\Dev\Nexus_MASTER\scripts\intel\intel_scoring.js","54","    wealth: normalizeScore(wealth),"
"C:\Dev\Nexus_MASTER\scripts\intel\intel_scoring.js","55","    behavior: normalizeScore(behavior)"
"C:\Dev\Nexus_MASTER\scripts\intel\intel_scoring.js","69","    normalized.property * w.property +"
"C:\Dev\Nexus_MASTER\scripts\intel\intel_scoring.js","70","    normalized.business * w.business +"
"C:\Dev\Nexus_MASTER\scripts\intel\intel_scoring.js","71","    normalized.legal * w.legal +"
"C:\Dev\Nexus_MASTER\scripts\intel\intel_scoring.js","72","    normalized.demographic * w.demographic +"
"C:\Dev\Nexus_MASTER\scripts\intel\intel_scoring.js","73","    normalized.wealth * w.wealth +"
"C:\Dev\Nexus_MASTER\scripts\intel\intel_scoring.js","74","    normalized.behavior * w.behavior;"
"C:\Dev\Nexus_MASTER\scripts\intel\intel_scoring.js","76","  const baseScore = (weightedSum / totalWeight) * 100;"
"C:\Dev\Nexus_MASTER\scripts\intel\intel_scoring.js","77","  return Math.round(baseScore);"
"C:\Dev\Nexus_MASTER\scripts\intel\intel_scoring.js","82"," * @param {number} baseScore - 0?100"
"C:\Dev\Nexus_MASTER\scripts\intel\intel_scoring.js","87"," * @returns {{ finalScore: number, adjustments: { urgencyBoost: number, riskPenalty: number } }}"
"C:\Dev\Nexus_MASTER\scripts\intel\intel_scoring.js","89","export function applyModifiers(baseScore, options = {}) {"
"C:\Dev\Nexus_MASTER\scripts\intel\intel_scoring.js","99","  let finalScore = baseScore + urgencyBoost - riskPenalty;"
"C:\Dev\Nexus_MASTER\scripts\intel\intel_scoring.js","100","  finalScore = Math.max(0, Math.min(finalScore, 100));"
"C:\Dev\Nexus_MASTER\scripts\intel\intel_scoring.js","103","    finalScore: Math.round(finalScore),"
"C:\Dev\Nexus_MASTER\scripts\intel\intel_scoring.js","112"," * Full async score computation: components -> base score -> modifiers -> final score."
"C:\Dev\Nexus_MASTER\scripts\intel\intel_scoring.js","114"," * @param {Object} params.components - component scores"
"C:\Dev\Nexus_MASTER\scripts\intel\intel_scoring.js","119"," * @returns {Promise<{ baseScore: number, finalScore: number, adjustments: { urgencyBoost: number, riskPenalty: number } }>}"
"C:\Dev\Nexus_MASTER\scripts\intel\intel_scoring.js","121","export async function computeIntelScoreAsync({"
"C:\Dev\Nexus_MASTER\scripts\intel\intel_scoring.js","128","  const baseScore = await computeBaseIntelScoreAsync(components, weights);"
"C:\Dev\Nexus_MASTER\scripts\intel\intel_scoring.js","129","  const { finalScore, adjustments } = applyModifiers(baseScore, {"
"C:\Dev\Nexus_MASTER\scripts\intel\intel_scoring.js","136","    baseScore,"
"C:\Dev\Nexus_MASTER\scripts\intel\intel_scoring.js","137","    finalScore,"
"C:\Dev\Nexus_MASTER\scripts\intel\legal_flags_intel.js","12","  let score = 70; // start higher, subtract for problems"
"C:\Dev\Nexus_MASTER\scripts\intel\legal_flags_intel.js","19","    score -= liensCount * 5;"
"C:\Dev\Nexus_MASTER\scripts\intel\legal_flags_intel.js","25","    score -= bankruptcies * 15;"
"C:\Dev\Nexus_MASTER\scripts\intel\legal_flags_intel.js","31","    score -= legalDisputes * 3;"
"C:\Dev\Nexus_MASTER\scripts\intel\legal_flags_intel.js","42","  score = Math.max(0, Math.min(score, 100));"
"C:\Dev\Nexus_MASTER\scripts\intel\legal_flags_intel.js","45","    score,"
"C:\Dev\Nexus_MASTER\scripts\intel\property_intel.js","12","  let score = 50;"
"C:\Dev\Nexus_MASTER\scripts\intel\property_intel.js","19","      score += 20;"
"C:\Dev\Nexus_MASTER\scripts\intel\property_intel.js","22","      score += 10;"
"C:\Dev\Nexus_MASTER\scripts\intel\property_intel.js","25","      score -= 10;"
"C:\Dev\Nexus_MASTER\scripts\intel\property_intel.js","33","    score += 10;"
"C:\Dev\Nexus_MASTER\scripts\intel\property_intel.js","39","    score += 5;"
"C:\Dev\Nexus_MASTER\scripts\intel\property_intel.js","47","  score = Math.max(0, Math.min(score, 100));"
"C:\Dev\Nexus_MASTER\scripts\intel\property_intel.js","50","    score,"
"C:\Dev\Nexus_MASTER\scripts\intel\wealth_inference_engine.js","10","  const luxurySignalScore = raw.luxurySignalScore ?? null; // 0?100"
"C:\Dev\Nexus_MASTER\scripts\intel\wealth_inference_engine.js","14","  let score = 50;"
"C:\Dev\Nexus_MASTER\scripts\intel\wealth_inference_engine.js","23","      score += 20;"
"C:\Dev\Nexus_MASTER\scripts\intel\wealth_inference_engine.js","26","      score += 10;"
"C:\Dev\Nexus_MASTER\scripts\intel\wealth_inference_engine.js","36","      score += 10;"
"C:\Dev\Nexus_MASTER\scripts\intel\wealth_inference_engine.js","39","      score -= 5;"
"C:\Dev\Nexus_MASTER\scripts\intel\wealth_inference_engine.js","44","  if (luxurySignalScore != null) {"
"C:\Dev\Nexus_MASTER\scripts\intel\wealth_inference_engine.js","45","    signals.luxurySignalScore = luxurySignalScore;"
"C:\Dev\Nexus_MASTER\scripts\intel\wealth_inference_engine.js","46","    if (luxurySignalScore > 70) {"
"C:\Dev\Nexus_MASTER\scripts\intel\wealth_inference_engine.js","47","      score += 10;"
"C:\Dev\Nexus_MASTER\scripts\intel\wealth_inference_engine.js","49","    } else if (luxurySignalScore < 30) {"
"C:\Dev\Nexus_MASTER\scripts\intel\wealth_inference_engine.js","50","      score -= 5;"
"C:\Dev\Nexus_MASTER\scripts\intel\wealth_inference_engine.js","65","      score += 5;"
"C:\Dev\Nexus_MASTER\scripts\intel\wealth_inference_engine.js","72","  score = Math.max(0, Math.min(score, 100));"
"C:\Dev\Nexus_MASTER\scripts\intel\wealth_inference_engine.js","75","    score,"
"C:\Dev\Nexus_MASTER\scripts\intelligence\build_adapter_framework_registry.js","13","    audit_logging_required: true,"
"C:\Dev\Nexus_MASTER\scripts\intelligence\build_adapter_framework_registry.js","42","      supports_spatial_indexing: true"
"C:\Dev\Nexus_MASTER\scripts\intelligence\build_adapter_framework_registry.js","54","fs.writeFileSync(OUT, JSON.stringify(registry, null, 2));"
"C:\Dev\Nexus_MASTER\scripts\intelligence\build_backbone_integrity_audit.js","4","const OUT = ""public/data/intelligence/audit/backbone_integrity_audit.json"";"
"C:\Dev\Nexus_MASTER\scripts\intelligence\build_backbone_integrity_audit.js","15","const audit = {"
"C:\Dev\Nexus_MASTER\scripts\intelligence\build_backbone_integrity_audit.js","16","  version: ""nexus_backbone_integrity_audit_v1"","
"C:\Dev\Nexus_MASTER\scripts\intelligence\build_backbone_integrity_audit.js","25","fs.writeFileSync(OUT, JSON.stringify(audit, null, 2));"
"C:\Dev\Nexus_MASTER\scripts\intelligence\build_backbone_integrity_audit.js","26","console.log(""[BACKBONE AUDIT]"", audit.status, audit.missing_files);"
"C:\Dev\Nexus_MASTER\scripts\intelligence\build_confidence_scoring_registry.js","33","fs.writeFileSync(OUT, JSON.stringify(registry, null, 2));"
"C:\Dev\Nexus_MASTER\scripts\intelligence\build_conflict_resolution_registry.js","13","    audit_logging_required: true"
"C:\Dev\Nexus_MASTER\scripts\intelligence\build_conflict_resolution_registry.js","35","fs.writeFileSync(OUT, JSON.stringify(registry, null, 2));"
"C:\Dev\Nexus_MASTER\scripts\intelligence\build_connector_health_monitor.js","7","const connectors = JSON.parse(fs.readFileSync(CONNECTORS, ""utf8""));"
"C:\Dev\Nexus_MASTER\scripts\intelligence\build_connector_health_monitor.js","24","fs.writeFileSync(OUT, JSON.stringify(health, null, 2));"
"C:\Dev\Nexus_MASTER\scripts\intelligence\build_connector_implementation_priority_registry.js","22","      reason: ""Directly supports agency identity, routing, and dossiers."","
"C:\Dev\Nexus_MASTER\scripts\intelligence\build_connector_implementation_priority_registry.js","50","fs.writeFileSync(OUT, JSON.stringify(registry, null, 2));"
"C:\Dev\Nexus_MASTER\scripts\intelligence\build_cross_layer_dependency_graph.js","24","fs.writeFileSync(OUT, JSON.stringify(graph, null, 2));"
"C:\Dev\Nexus_MASTER\scripts\intelligence\build_cross_layer_fusion_registry.js","4","const OUT = ""public/data/intelligence/scoring/cross_layer_fusion.registry.json"";"
"C:\Dev\Nexus_MASTER\scripts\intelligence\build_cross_layer_fusion_registry.js","7","  version: ""nexus_cross_layer_fusion_registry_v1"","
"C:\Dev\Nexus_MASTER\scripts\intelligence\build_cross_layer_fusion_registry.js","9","  rule: ""Fusion outputs must be explainable through source ? evidence ? normalized signal ? scoring component ? operational output."","
"C:\Dev\Nexus_MASTER\scripts\intelligence\build_cross_layer_fusion_registry.js","10","  fusion_modes: ["
"C:\Dev\Nexus_MASTER\scripts\intelligence\build_cross_layer_fusion_registry.js","12","      fusion_id: ""AUTHORITY_PLUS_TRAINING"","
"C:\Dev\Nexus_MASTER\scripts\intelligence\build_cross_layer_fusion_registry.js","18","      fusion_id: ""BUDGET_PLUS_PROCUREMENT"","
"C:\Dev\Nexus_MASTER\scripts\intelligence\build_cross_layer_fusion_registry.js","24","      fusion_id: ""RISK_PLUS_BEHAVIOR"","
"C:\Dev\Nexus_MASTER\scripts\intelligence\build_cross_layer_fusion_registry.js","30","      fusion_id: ""GEO_PLUS_INCIDENT"","
"C:\Dev\Nexus_MASTER\scripts\intelligence\build_cross_layer_fusion_registry.js","36","      fusion_id: ""COMMUNICATION_PLUS_ENGAGEMENT"","
"C:\Dev\Nexus_MASTER\scripts\intelligence\build_cross_layer_fusion_registry.js","45","fs.writeFileSync(OUT, JSON.stringify(registry, null, 2));"
"C:\Dev\Nexus_MASTER\scripts\intelligence\build_cross_layer_fusion_registry.js","46","console.log(""[CROSS-LAYER FUSION] COMPLETE"", registry.fusion_modes.length);"
"C:\Dev\Nexus_MASTER\scripts\intelligence\build_dossier_field_schema_registry.js","4","const OUT = ""public/data/intelligence/evidence/dossier_field_schema.registry.json"";"
"C:\Dev\Nexus_MASTER\scripts\intelligence\build_dossier_field_schema_registry.js","7","  version: ""nexus_dossier_field_schema_registry_v1"","
"C:\Dev\Nexus_MASTER\scripts\intelligence\build_dossier_field_schema_registry.js","9","  rule: ""Every dossier field must be traceable to evidence, assigned to a field group, and confidence-scored."","
"C:\Dev\Nexus_MASTER\scripts\intelligence\build_dossier_field_schema_registry.js","16","    ""confidence_score"","
"C:\Dev\Nexus_MASTER\scripts\intelligence\build_dossier_field_schema_registry.js","17","    ""freshness_score"","
"C:\Dev\Nexus_MASTER\scripts\intelligence\build_dossier_field_schema_registry.js","43","fs.writeFileSync(OUT, JSON.stringify(registry, null, 2));"
"C:\Dev\Nexus_MASTER\scripts\intelligence\build_dossier_field_schema_registry.js","44","console.log(""[DOSSIER FIELD SCHEMA] COMPLETE"", registry.required_fields.length);"
"C:\Dev\Nexus_MASTER\scripts\intelligence\build_dossier_validation_engine.js","4","const OUT = ""public/data/intelligence/runtime/dossier_validation_engine.registry.json"";"
"C:\Dev\Nexus_MASTER\scripts\intelligence\build_dossier_validation_engine.js","7","  version: ""nexus_dossier_validation_engine_v1"","
"C:\Dev\Nexus_MASTER\scripts\intelligence\build_dossier_validation_engine.js","12","    freshness_score_required: true,"
"C:\Dev\Nexus_MASTER\scripts\intelligence\build_dossier_validation_engine.js","34","fs.writeFileSync(OUT, JSON.stringify(registry, null, 2));"
"C:\Dev\Nexus_MASTER\scripts\intelligence\build_dossier_validation_engine.js","35","console.log(""[DOSSIER VALIDATION ENGINE] COMPLETE"", registry.validation_pipeline.length);"
"C:\Dev\Nexus_MASTER\scripts\intelligence\build_entity_deduplication_engine.js","4","const IN = ""public/data/intelligence/outputs/unified_entity_fusion_output.json"";"
"C:\Dev\Nexus_MASTER\scripts\intelligence\build_entity_deduplication_engine.js","5","const OUT = ""public/data/intelligence/outputs/entity_deduplication_output.json"";"
"C:\Dev\Nexus_MASTER\scripts\intelligence\build_entity_deduplication_engine.js","7","const input = JSON.parse(fs.readFileSync(IN, ""utf8""));"
"C:\Dev\Nexus_MASTER\scripts\intelligence\build_entity_deduplication_engine.js","30","    existing.confidence_score = Math.max("
"C:\Dev\Nexus_MASTER\scripts\intelligence\build_entity_deduplication_engine.js","31","      existing.confidence_score || 0,"
"C:\Dev\Nexus_MASTER\scripts\intelligence\build_entity_deduplication_engine.js","32","      e.confidence_score || 0"
"C:\Dev\Nexus_MASTER\scripts\intelligence\build_entity_deduplication_engine.js","49","fs.writeFileSync(OUT, JSON.stringify(output, null, 2));"
"C:\Dev\Nexus_MASTER\scripts\intelligence\build_entity_deduplication_engine.js","51","console.log(""[ENTITY DEDUPE] COMPLETE"", output.unique_entities, ""unique"");"
"C:\Dev\Nexus_MASTER\scripts\intelligence\build_entity_schema_registry.js","9","  rule: ""Every intelligence record must resolve to a stable entity before scoring, dossier generation, globe export, or runtime sync."","
"C:\Dev\Nexus_MASTER\scripts\intelligence\build_entity_schema_registry.js","19","    ""confidence_score"","
"C:\Dev\Nexus_MASTER\scripts\intelligence\build_entity_schema_registry.js","43","fs.writeFileSync(OUT, JSON.stringify(registry, null, 2));"
"C:\Dev\Nexus_MASTER\scripts\intelligence\build_entity_validation_engine.js","13","    confidence_score_required: true,"
"C:\Dev\Nexus_MASTER\scripts\intelligence\build_entity_validation_engine.js","35","fs.writeFileSync(OUT, JSON.stringify(registry, null, 2));"
"C:\Dev\Nexus_MASTER\scripts\intelligence\build_evidence_schema_registry.js","13","    confidence_score_required: true,"
"C:\Dev\Nexus_MASTER\scripts\intelligence\build_evidence_schema_registry.js","23","    normalized_at: ""ISO_TIMESTAMP"","
"C:\Dev\Nexus_MASTER\scripts\intelligence\build_evidence_schema_registry.js","27","    confidence_score: ""NUMBER"","
"C:\Dev\Nexus_MASTER\scripts\intelligence\build_evidence_schema_registry.js","28","    freshness_score: ""NUMBER"","
"C:\Dev\Nexus_MASTER\scripts\intelligence\build_evidence_schema_registry.js","29","    authority_score: ""NUMBER"","
"C:\Dev\Nexus_MASTER\scripts\intelligence\build_evidence_schema_registry.js","33","    normalized_value: ""ANY"","
"C:\Dev\Nexus_MASTER\scripts\intelligence\build_evidence_schema_registry.js","45","fs.writeFileSync(OUT, JSON.stringify(registry, null, 2));"
"C:\Dev\Nexus_MASTER\scripts\intelligence\build_first_5_layer_operational_audit.js","4","const OUT = ""public/data/intelligence/audit/first_5_layer_operational_audit.json"";"
"C:\Dev\Nexus_MASTER\scripts\intelligence\build_first_5_layer_operational_audit.js","7","  ""public/data/intelligence/outputs/entity_deduplication_output.json"","
"C:\Dev\Nexus_MASTER\scripts\intelligence\build_first_5_layer_operational_audit.js","8","  ""public/data/intelligence/outputs/unified_entity_intelligence_index.json"","
"C:\Dev\Nexus_MASTER\scripts\intelligence\build_first_5_layer_operational_audit.js","9","  ""public/data/intelligence/outputs/unified_score_aggregation.json"","
"C:\Dev\Nexus_MASTER\scripts\intelligence\build_first_5_layer_operational_audit.js","10","  ""public/data/intelligence/outputs/unified_dossier_synthesis.json"","
"C:\Dev\Nexus_MASTER\scripts\intelligence\build_first_5_layer_operational_audit.js","11","  ""public/data/intelligence/runtime/runtime_entity_cache.json"","
"C:\Dev\Nexus_MASTER\scripts\intelligence\build_first_5_layer_operational_audit.js","12","  ""public/data/intelligence/outputs/L10_outreach_readiness_synthesis.json"","
"C:\Dev\Nexus_MASTER\scripts\intelligence\build_first_5_layer_operational_audit.js","13","  ""public/data/intelligence/outputs/L12_relationship_strength_scoring.json"""
"C:\Dev\Nexus_MASTER\scripts\intelligence\build_first_5_layer_operational_audit.js","18","const audit = {"
"C:\Dev\Nexus_MASTER\scripts\intelligence\build_first_5_layer_operational_audit.js","19","  version: ""nexus_first_5_layer_operational_audit_v1"","
"C:\Dev\Nexus_MASTER\scripts\intelligence\build_first_5_layer_operational_audit.js","29","fs.writeFileSync(OUT, JSON.stringify(audit, null, 2));"
"C:\Dev\Nexus_MASTER\scripts\intelligence\build_first_5_layer_operational_audit.js","31","console.log(""[FIRST 5 LAYER OPERATIONAL AUDIT]"", audit.status, audit.missing_files);"
"C:\Dev\Nexus_MASTER\scripts\intelligence\build_first_live_source_activation_set.js","7","const priority = JSON.parse(fs.readFileSync(PRIORITY, ""utf8""));"
"C:\Dev\Nexus_MASTER\scripts\intelligence\build_first_live_source_activation_set.js","23","fs.writeFileSync(OUT, JSON.stringify(activation, null, 2));"
"C:\Dev\Nexus_MASTER\scripts\intelligence\build_freshness_weighting_registry.js","27","fs.writeFileSync(OUT, JSON.stringify(registry, null, 2));"
"C:\Dev\Nexus_MASTER\scripts\intelligence\build_full_system_intelligence_audit.js","4","const OUT = ""public/data/intelligence/audit/full_system_intelligence_audit.json"";"
"C:\Dev\Nexus_MASTER\scripts\intelligence\build_full_system_intelligence_audit.js","15","const audit = {"
"C:\Dev\Nexus_MASTER\scripts\intelligence\build_full_system_intelligence_audit.js","16","  version: ""nexus_full_system_intelligence_audit_v1"","
"C:\Dev\Nexus_MASTER\scripts\intelligence\build_full_system_intelligence_audit.js","25","fs.writeFileSync(OUT, JSON.stringify(audit, null, 2));"
"C:\Dev\Nexus_MASTER\scripts\intelligence\build_full_system_intelligence_audit.js","26","console.log(""[FULL SYSTEM INTELLIGENCE AUDIT]"", audit.status, audit.missing_files);"
"C:\Dev\Nexus_MASTER\scripts\intelligence\build_fusion_integrity_audit.js","4","const OUT = ""public/data/intelligence/audit/fusion_integrity_audit.json"";"
"C:\Dev\Nexus_MASTER\scripts\intelligence\build_fusion_integrity_audit.js","7","  ""public/data/intelligence/scoring/cross_layer_fusion.registry.json"","
"C:\Dev\Nexus_MASTER\scripts\intelligence\build_fusion_integrity_audit.js","15","const audit = {"
"C:\Dev\Nexus_MASTER\scripts\intelligence\build_fusion_integrity_audit.js","16","  version: ""nexus_fusion_integrity_audit_v1"","
"C:\Dev\Nexus_MASTER\scripts\intelligence\build_fusion_integrity_audit.js","25","fs.writeFileSync(OUT, JSON.stringify(audit, null, 2));"
"C:\Dev\Nexus_MASTER\scripts\intelligence\build_fusion_integrity_audit.js","26","console.log(""[FUSION INTEGRITY AUDIT]"", audit.status, audit.missing_files);"
"C:\Dev\Nexus_MASTER\scripts\intelligence\build_ingestion_integrity_audit.js","4","const OUT = ""public/data/intelligence/audit/ingestion_integrity_audit.json"";"
"C:\Dev\Nexus_MASTER\scripts\intelligence\build_ingestion_integrity_audit.js","15","const audit = {"
"C:\Dev\Nexus_MASTER\scripts\intelligence\build_ingestion_integrity_audit.js","16","  version: ""nexus_ingestion_integrity_audit_v1"","
"C:\Dev\Nexus_MASTER\scripts\intelligence\build_ingestion_integrity_audit.js","25","fs.writeFileSync(OUT, JSON.stringify(audit, null, 2));"
"C:\Dev\Nexus_MASTER\scripts\intelligence\build_ingestion_integrity_audit.js","27","console.log(""[INGESTION INTEGRITY AUDIT]"", audit.status, audit.missing_files);"
"C:\Dev\Nexus_MASTER\scripts\intelligence\build_intelligence_execution_audit.js","4","const OUT = ""public/data/intelligence/audit/intelligence_execution_audit.json"";"
"C:\Dev\Nexus_MASTER\scripts\intelligence\build_intelligence_execution_audit.js","9","  ""public/data/intelligence/outputs/unified_normalized_output_shell.json"","
"C:\Dev\Nexus_MASTER\scripts\intelligence\build_intelligence_execution_audit.js","15","const audit = {"
"C:\Dev\Nexus_MASTER\scripts\intelligence\build_intelligence_execution_audit.js","16","  version: ""nexus_intelligence_execution_audit_v1"","
"C:\Dev\Nexus_MASTER\scripts\intelligence\build_intelligence_execution_audit.js","25","fs.writeFileSync(OUT, JSON.stringify(audit, null, 2));"
"C:\Dev\Nexus_MASTER\scripts\intelligence\build_intelligence_execution_audit.js","27","console.log(""[INTELLIGENCE EXECUTION AUDIT]"", audit.status, audit.missing_files);"
"C:\Dev\Nexus_MASTER\scripts\intelligence\build_intelligence_priority_build_queue.js","7","const gap = JSON.parse(fs.readFileSync(GAP, ""utf8""));"
"C:\Dev\Nexus_MASTER\scripts\intelligence\build_intelligence_priority_build_queue.js","33","fs.writeFileSync(OUT, JSON.stringify(output, null, 2));"
"C:\Dev\Nexus_MASTER\scripts\intelligence\build_L01_federal_adapter_manifest.js","20","fs.writeFileSync(OUT, JSON.stringify(manifest, null, 2));"
"C:\Dev\Nexus_MASTER\scripts\intelligence\build_L01_federal_integrity_audit.js","4","const OUT = ""public/data/intelligence/audit/L01_federal_integrity_audit.json"";"
"C:\Dev\Nexus_MASTER\scripts\intelligence\build_L01_federal_integrity_audit.js","15","const audit = {"
"C:\Dev\Nexus_MASTER\scripts\intelligence\build_L01_federal_integrity_audit.js","16","  version: ""nexus_L01_federal_integrity_audit_v1"","
"C:\Dev\Nexus_MASTER\scripts\intelligence\build_L01_federal_integrity_audit.js","25","fs.writeFileSync(OUT, JSON.stringify(audit, null, 2));"
"C:\Dev\Nexus_MASTER\scripts\intelligence\build_L01_federal_integrity_audit.js","27","console.log(""[L01 INTEGRITY AUDIT]"", audit.status, audit.missing_files);"
"C:\Dev\Nexus_MASTER\scripts\intelligence\build_L01_federal_normalization_registry.js","18","  normalized_fields: ["
"C:\Dev\Nexus_MASTER\scripts\intelligence\build_L01_federal_normalization_registry.js","32","    ""confidence_score"","
"C:\Dev\Nexus_MASTER\scripts\intelligence\build_L01_federal_normalization_registry.js","33","    ""freshness_score"""
"C:\Dev\Nexus_MASTER\scripts\intelligence\build_L01_federal_normalization_registry.js","45","fs.writeFileSync(OUT, JSON.stringify(registry, null, 2));"
"C:\Dev\Nexus_MASTER\scripts\intelligence\build_L01_federal_normalization_registry.js","47","console.log(""[L01 NORMALIZATION REGISTRY] COMPLETE"", registry.normalized_fields.length);"
"C:\Dev\Nexus_MASTER\scripts\intelligence\build_L01_federal_scoring_registry.js","10","  scoring_outputs: ["
"C:\Dev\Nexus_MASTER\scripts\intelligence\build_L01_federal_scoring_registry.js","11","    { score: ""federal_pressure_score"", description: ""Federal operational attention or enforcement pressure"" },"
"C:\Dev\Nexus_MASTER\scripts\intelligence\build_L01_federal_scoring_registry.js","12","    { score: ""federal_alignment_score"", description: ""Alignment between entity need and federal program/source activity"" },"
"C:\Dev\Nexus_MASTER\scripts\intelligence\build_L01_federal_scoring_registry.js","13","    { score: ""grant_dependency_score"", description: ""Likelihood entity benefits from federal funding"" },"
"C:\Dev\Nexus_MASTER\scripts\intelligence\build_L01_federal_scoring_registry.js","14","    { score: ""interstate_activity_score"", description: ""Cross-jurisdiction or national relevance"" },"
"C:\Dev\Nexus_MASTER\scripts\intelligence\build_L01_federal_scoring_registry.js","15","    { score: ""federal_risk_relevance_score"", description: ""Federal-level risk or oversight relevance"" }"
"C:\Dev\Nexus_MASTER\scripts\intelligence\build_L01_federal_scoring_registry.js","27","fs.writeFileSync(OUT, JSON.stringify(registry, null, 2));"
"C:\Dev\Nexus_MASTER\scripts\intelligence\build_L01_federal_scoring_registry.js","29","console.log(""[L01 SCORING REGISTRY] COMPLETE"", registry.scoring_outputs.length);"
"C:\Dev\Nexus_MASTER\scripts\intelligence\build_L01_source_catalog.js","32","fs.writeFileSync(OUT, JSON.stringify(catalog, null, 2));"
"C:\Dev\Nexus_MASTER\scripts\intelligence\build_L02_source_catalog.js","32","fs.writeFileSync(OUT, JSON.stringify(catalog, null, 2));"
"C:\Dev\Nexus_MASTER\scripts\intelligence\build_L02_state_adapter_manifest.js","40","fs.writeFileSync(OUT, JSON.stringify(manifest, null, 2));"
"C:\Dev\Nexus_MASTER\scripts\intelligence\build_L02_state_integrity_audit.js","4","const OUT = ""public/data/intelligence/audit/L02_state_integrity_audit.json"";"
"C:\Dev\Nexus_MASTER\scripts\intelligence\build_L02_state_integrity_audit.js","15","const audit = {"
"C:\Dev\Nexus_MASTER\scripts\intelligence\build_L02_state_integrity_audit.js","16","  version: ""nexus_L02_state_integrity_audit_v1"","
"C:\Dev\Nexus_MASTER\scripts\intelligence\build_L02_state_integrity_audit.js","25","fs.writeFileSync(OUT, JSON.stringify(audit, null, 2));"
"C:\Dev\Nexus_MASTER\scripts\intelligence\build_L02_state_integrity_audit.js","27","console.log(""[L02 INTEGRITY AUDIT]"", audit.status, audit.missing_files);"
"C:\Dev\Nexus_MASTER\scripts\intelligence\build_L02_state_normalization_registry.js","18","  normalized_fields: ["
"C:\Dev\Nexus_MASTER\scripts\intelligence\build_L02_state_normalization_registry.js","31","    ""confidence_score"","
"C:\Dev\Nexus_MASTER\scripts\intelligence\build_L02_state_normalization_registry.js","32","    ""freshness_score"","
"C:\Dev\Nexus_MASTER\scripts\intelligence\build_L02_state_normalization_registry.js","45","fs.writeFileSync(OUT, JSON.stringify(registry, null, 2));"
"C:\Dev\Nexus_MASTER\scripts\intelligence\build_L02_state_normalization_registry.js","47","console.log(""[L02 NORMALIZATION REGISTRY] COMPLETE"", registry.normalized_fields.length);"
"C:\Dev\Nexus_MASTER\scripts\intelligence\build_L02_state_scoring_registry.js","10","  scoring_outputs: ["
"C:\Dev\Nexus_MASTER\scripts\intelligence\build_L02_state_scoring_registry.js","12","      score: ""state_operational_pressure_score"","
"C:\Dev\Nexus_MASTER\scripts\intelligence\build_L02_state_scoring_registry.js","16","      score: ""state_regulatory_alignment_score"","
"C:\Dev\Nexus_MASTER\scripts\intelligence\build_L02_state_scoring_registry.js","20","      score: ""state_training_relevance_score"","
"C:\Dev\Nexus_MASTER\scripts\intelligence\build_L02_state_scoring_registry.js","24","      score: ""state_procurement_relevance_score"","
"C:\Dev\Nexus_MASTER\scripts\intelligence\build_L02_state_scoring_registry.js","28","      score: ""state_intelligence_confidence_score"","
"C:\Dev\Nexus_MASTER\scripts\intelligence\build_L02_state_scoring_registry.js","42","fs.writeFileSync(OUT, JSON.stringify(registry, null, 2));"
"C:\Dev\Nexus_MASTER\scripts\intelligence\build_L02_state_scoring_registry.js","44","console.log(""[L02 SCORING REGISTRY] COMPLETE"", registry.scoring_outputs.length);"
"C:\Dev\Nexus_MASTER\scripts\intelligence\build_L03_local_agency_adapter_manifest.js","40","fs.writeFileSync(OUT, JSON.stringify(manifest, null, 2));"
"C:\Dev\Nexus_MASTER\scripts\intelligence\build_L03_local_agency_integrity_audit.js","4","const OUT = ""public/data/intelligence/audit/L03_local_agency_integrity_audit.json"";"
"C:\Dev\Nexus_MASTER\scripts\intelligence\build_L03_local_agency_integrity_audit.js","15","const audit = {"
"C:\Dev\Nexus_MASTER\scripts\intelligence\build_L03_local_agency_integrity_audit.js","16","  version: ""nexus_L03_local_agency_integrity_audit_v1"","
"C:\Dev\Nexus_MASTER\scripts\intelligence\build_L03_local_agency_integrity_audit.js","25","fs.writeFileSync(OUT, JSON.stringify(audit, null, 2));"
"C:\Dev\Nexus_MASTER\scripts\intelligence\build_L03_local_agency_integrity_audit.js","27","console.log(""[L03 INTEGRITY AUDIT]"", audit.status, audit.missing_files);"
"C:\Dev\Nexus_MASTER\scripts\intelligence\build_L03_local_agency_normalization_registry.js","18","  normalized_fields: ["
"C:\Dev\Nexus_MASTER\scripts\intelligence\build_L03_local_agency_normalization_registry.js","33","    ""confidence_score"","
"C:\Dev\Nexus_MASTER\scripts\intelligence\build_L03_local_agency_normalization_registry.js","34","    ""freshness_score"""
"C:\Dev\Nexus_MASTER\scripts\intelligence\build_L03_local_agency_normalization_registry.js","46","fs.writeFileSync(OUT, JSON.stringify(registry, null, 2));"
"C:\Dev\Nexus_MASTER\scripts\intelligence\build_L03_local_agency_normalization_registry.js","48","console.log(""[L03 NORMALIZATION REGISTRY] COMPLETE"", registry.normalized_fields.length);"
"C:\Dev\Nexus_MASTER\scripts\intelligence\build_L03_local_agency_scoring_registry.js","10","  scoring_outputs: ["
"C:\Dev\Nexus_MASTER\scripts\intelligence\build_L03_local_agency_scoring_registry.js","12","      score: ""local_operational_pressure_score"","
"C:\Dev\Nexus_MASTER\scripts\intelligence\build_L03_local_agency_scoring_registry.js","16","      score: ""training_need_score"","
"C:\Dev\Nexus_MASTER\scripts\intelligence\build_L03_local_agency_scoring_registry.js","20","      score: ""local_procurement_readiness"","
"C:\Dev\Nexus_MASTER\scripts\intelligence\build_L03_local_agency_scoring_registry.js","24","      score: ""community_visibility_score"","
"C:\Dev\Nexus_MASTER\scripts\intelligence\build_L03_local_agency_scoring_registry.js","28","      score: ""agency_intelligence_confidence_score"","
"C:\Dev\Nexus_MASTER\scripts\intelligence\build_L03_local_agency_scoring_registry.js","42","fs.writeFileSync(OUT, JSON.stringify(registry, null, 2));"
"C:\Dev\Nexus_MASTER\scripts\intelligence\build_L03_local_agency_scoring_registry.js","44","console.log(""[L03 SCORING REGISTRY] COMPLETE"", registry.scoring_outputs.length);"
"C:\Dev\Nexus_MASTER\scripts\intelligence\build_L03_source_catalog.js","32","fs.writeFileSync(OUT, JSON.stringify(catalog, null, 2));"
"C:\Dev\Nexus_MASTER\scripts\intelligence\build_L04_source_catalog.js","32","fs.writeFileSync(OUT, JSON.stringify(catalog, null, 2));"
"C:\Dev\Nexus_MASTER\scripts\intelligence\build_L04_training_adapter_manifest.js","20","fs.writeFileSync(OUT, JSON.stringify(manifest, null, 2));"
"C:\Dev\Nexus_MASTER\scripts\intelligence\build_L04_training_integrity_audit.js","4","const OUT = ""public/data/intelligence/audit/L04_training_integrity_audit.json"";"
"C:\Dev\Nexus_MASTER\scripts\intelligence\build_L04_training_integrity_audit.js","15","const audit = {"
"C:\Dev\Nexus_MASTER\scripts\intelligence\build_L04_training_integrity_audit.js","16","  version: ""nexus_L04_training_integrity_audit_v1"","
"C:\Dev\Nexus_MASTER\scripts\intelligence\build_L04_training_integrity_audit.js","25","fs.writeFileSync(OUT, JSON.stringify(audit, null, 2));"
"C:\Dev\Nexus_MASTER\scripts\intelligence\build_L04_training_integrity_audit.js","27","console.log(""[L04 INTEGRITY AUDIT]"", audit.status, audit.missing_files);"
"C:\Dev\Nexus_MASTER\scripts\intelligence\build_L04_training_normalization_registry.js","18","  normalized_fields: ["
"C:\Dev\Nexus_MASTER\scripts\intelligence\build_L04_training_normalization_registry.js","33","    ""confidence_score"","
"C:\Dev\Nexus_MASTER\scripts\intelligence\build_L04_training_normalization_registry.js","34","    ""freshness_score"""
"C:\Dev\Nexus_MASTER\scripts\intelligence\build_L04_training_normalization_registry.js","46","fs.writeFileSync(OUT, JSON.stringify(registry, null, 2));"
"C:\Dev\Nexus_MASTER\scripts\intelligence\build_L04_training_normalization_registry.js","48","console.log(""[L04 NORMALIZATION REGISTRY] COMPLETE"", registry.normalized_fields.length);"
"C:\Dev\Nexus_MASTER\scripts\intelligence\build_L04_training_scoring_registry.js","10","  scoring_outputs: ["
"C:\Dev\Nexus_MASTER\scripts\intelligence\build_L04_training_scoring_registry.js","11","    { score: ""training_purchase_probability"", description: ""Likelihood training spend is viable"" },"
"C:\Dev\Nexus_MASTER\scripts\intelligence\build_L04_training_scoring_registry.js","12","    { score: ""certification_pressure_score"", description: ""Pressure created by mandates or required continuing education"" },"
"C:\Dev\Nexus_MASTER\scripts\intelligence\build_L04_training_scoring_registry.js","13","    { score: ""academy_dependency_score"", description: ""Dependency on academy or training provider infrastructure"" },"
"C:\Dev\Nexus_MASTER\scripts\intelligence\build_L04_training_scoring_registry.js","14","    { score: ""training_cycle_timing_score"", description: ""Likelihood the entity is near a training purchase or schedule window"" },"
"C:\Dev\Nexus_MASTER\scripts\intelligence\build_L04_training_scoring_registry.js","15","    { score: ""specialized_training_fit_score"", description: ""Fit between client offering and observed training needs"" }"
"C:\Dev\Nexus_MASTER\scripts\intelligence\build_L04_training_scoring_registry.js","27","fs.writeFileSync(OUT, JSON.stringify(registry, null, 2));"
"C:\Dev\Nexus_MASTER\scripts\intelligence\build_L04_training_scoring_registry.js","29","console.log(""[L04 SCORING REGISTRY] COMPLETE"", registry.scoring_outputs.length);"
"C:\Dev\Nexus_MASTER\scripts\intelligence\build_L05_budget_adapter_manifest.js","40","fs.writeFileSync(OUT, JSON.stringify(manifest, null, 2));"
"C:\Dev\Nexus_MASTER\scripts\intelligence\build_L05_budget_integrity_audit.js","4","const OUT = ""public/data/intelligence/audit/L05_budget_integrity_audit.json"";"
"C:\Dev\Nexus_MASTER\scripts\intelligence\build_L05_budget_integrity_audit.js","15","const audit = {"
"C:\Dev\Nexus_MASTER\scripts\intelligence\build_L05_budget_integrity_audit.js","16","  version: ""nexus_L05_budget_integrity_audit_v1"","
"C:\Dev\Nexus_MASTER\scripts\intelligence\build_L05_budget_integrity_audit.js","25","fs.writeFileSync(OUT, JSON.stringify(audit, null, 2));"
"C:\Dev\Nexus_MASTER\scripts\intelligence\build_L05_budget_integrity_audit.js","27","console.log(""[L05 INTEGRITY AUDIT]"", audit.status, audit.missing_files);"
"C:\Dev\Nexus_MASTER\scripts\intelligence\build_L05_budget_normalization_registry.js","17","  normalized_fields: ["
"C:\Dev\Nexus_MASTER\scripts\intelligence\build_L05_budget_normalization_registry.js","38","fs.writeFileSync(OUT, JSON.stringify(registry, null, 2));"
"C:\Dev\Nexus_MASTER\scripts\intelligence\build_L05_budget_normalization_registry.js","40","console.log(""[L05 NORMALIZATION REGISTRY] COMPLETE"", registry.normalized_fields.length);"
"C:\Dev\Nexus_MASTER\scripts\intelligence\build_L05_budget_scoring_registry.js","10","  scoring_outputs: ["
"C:\Dev\Nexus_MASTER\scripts\intelligence\build_L05_budget_scoring_registry.js","12","      score: ""budget_capacity_score"","
"C:\Dev\Nexus_MASTER\scripts\intelligence\build_L05_budget_scoring_registry.js","16","      score: ""grant_probability_score"","
"C:\Dev\Nexus_MASTER\scripts\intelligence\build_L05_budget_scoring_registry.js","20","      score: ""procurement_window_score"","
"C:\Dev\Nexus_MASTER\scripts\intelligence\build_L05_budget_scoring_registry.js","24","      score: ""financial_stability_score"","
"C:\Dev\Nexus_MASTER\scripts\intelligence\build_L05_budget_scoring_registry.js","28","      score: ""training_funding_score"","
"C:\Dev\Nexus_MASTER\scripts\intelligence\build_L05_budget_scoring_registry.js","42","fs.writeFileSync(OUT, JSON.stringify(registry, null, 2));"
"C:\Dev\Nexus_MASTER\scripts\intelligence\build_L05_budget_scoring_registry.js","44","console.log(""[L05 SCORING REGISTRY] COMPLETE"", registry.scoring_outputs.length);"
"C:\Dev\Nexus_MASTER\scripts\intelligence\build_L05_source_catalog.js","98","      source_id: ""AUDIT_REPORTS"","
"C:\Dev\Nexus_MASTER\scripts\intelligence\build_L05_source_catalog.js","100","      type: ""financial_audits"","
"C:\Dev\Nexus_MASTER\scripts\intelligence\build_L05_source_catalog.js","107","fs.writeFileSync(OUT, JSON.stringify(catalog, null, 2));"
"C:\Dev\Nexus_MASTER\scripts\intelligence\build_L06_behavioral_adapter_manifest.js","40","fs.writeFileSync(OUT, JSON.stringify(manifest, null, 2));"
"C:\Dev\Nexus_MASTER\scripts\intelligence\build_L06_behavioral_integrity_audit.js","4","const OUT = ""public/data/intelligence/audit/L06_behavioral_integrity_audit.json"";"
"C:\Dev\Nexus_MASTER\scripts\intelligence\build_L06_behavioral_integrity_audit.js","15","const audit = {"
"C:\Dev\Nexus_MASTER\scripts\intelligence\build_L06_behavioral_integrity_audit.js","16","  version: ""nexus_L06_behavioral_integrity_audit_v1"","
"C:\Dev\Nexus_MASTER\scripts\intelligence\build_L06_behavioral_integrity_audit.js","25","fs.writeFileSync(OUT, JSON.stringify(audit, null, 2));"
"C:\Dev\Nexus_MASTER\scripts\intelligence\build_L06_behavioral_integrity_audit.js","27","console.log(""[L06 INTEGRITY AUDIT]"", audit.status, audit.missing_files);"
"C:\Dev\Nexus_MASTER\scripts\intelligence\build_L06_behavioral_normalization_registry.js","18","  normalized_fields: ["
"C:\Dev\Nexus_MASTER\scripts\intelligence\build_L06_behavioral_normalization_registry.js","29","    ""confidence_score"","
"C:\Dev\Nexus_MASTER\scripts\intelligence\build_L06_behavioral_normalization_registry.js","30","    ""freshness_score"""
"C:\Dev\Nexus_MASTER\scripts\intelligence\build_L06_behavioral_normalization_registry.js","42","fs.writeFileSync(OUT, JSON.stringify(registry, null, 2));"
"C:\Dev\Nexus_MASTER\scripts\intelligence\build_L06_behavioral_normalization_registry.js","44","console.log(""[L06 NORMALIZATION REGISTRY] COMPLETE"", registry.normalized_fields.length);"
"C:\Dev\Nexus_MASTER\scripts\intelligence\build_L06_behavioral_scoring_registry.js","10","  scoring_outputs: ["
"C:\Dev\Nexus_MASTER\scripts\intelligence\build_L06_behavioral_scoring_registry.js","12","      score: ""activity_pressure_score"","
"C:\Dev\Nexus_MASTER\scripts\intelligence\build_L06_behavioral_scoring_registry.js","16","      score: ""behavioral_shift_index"","
"C:\Dev\Nexus_MASTER\scripts\intelligence\build_L06_behavioral_scoring_registry.js","20","      score: ""operational_attention_score"","
"C:\Dev\Nexus_MASTER\scripts\intelligence\build_L06_behavioral_scoring_registry.js","24","      score: ""regional_escalation_score"","
"C:\Dev\Nexus_MASTER\scripts\intelligence\build_L06_behavioral_scoring_registry.js","28","      score: ""market_relevance_activity_score"","
"C:\Dev\Nexus_MASTER\scripts\intelligence\build_L06_behavioral_scoring_registry.js","42","fs.writeFileSync(OUT, JSON.stringify(registry, null, 2));"
"C:\Dev\Nexus_MASTER\scripts\intelligence\build_L06_behavioral_scoring_registry.js","44","console.log(""[L06 SCORING REGISTRY] COMPLETE"", registry.scoring_outputs.length);"
"C:\Dev\Nexus_MASTER\scripts\intelligence\build_L06_source_catalog.js","32","fs.writeFileSync(OUT, JSON.stringify(catalog, null, 2));"
"C:\Dev\Nexus_MASTER\scripts\intelligence\build_L07_geographic_adapter_manifest.js","40","fs.writeFileSync(OUT, JSON.stringify(manifest, null, 2));"
"C:\Dev\Nexus_MASTER\scripts\intelligence\build_L07_geographic_integrity_audit.js","4","const OUT = ""public/data/intelligence/audit/L07_geographic_integrity_audit.json"";"
"C:\Dev\Nexus_MASTER\scripts\intelligence\build_L07_geographic_integrity_audit.js","15","const audit = {"
"C:\Dev\Nexus_MASTER\scripts\intelligence\build_L07_geographic_integrity_audit.js","16","  version: ""nexus_L07_geographic_integrity_audit_v1"","
"C:\Dev\Nexus_MASTER\scripts\intelligence\build_L07_geographic_integrity_audit.js","25","fs.writeFileSync(OUT, JSON.stringify(audit, null, 2));"
"C:\Dev\Nexus_MASTER\scripts\intelligence\build_L07_geographic_integrity_audit.js","27","console.log(""[L07 INTEGRITY AUDIT]"", audit.status, audit.missing_files);"
"C:\Dev\Nexus_MASTER\scripts\intelligence\build_L07_geographic_normalization_registry.js","18","  normalized_fields: ["
"C:\Dev\Nexus_MASTER\scripts\intelligence\build_L07_geographic_normalization_registry.js","34","    ""confidence_score"","
"C:\Dev\Nexus_MASTER\scripts\intelligence\build_L07_geographic_normalization_registry.js","35","    ""freshness_score"""
"C:\Dev\Nexus_MASTER\scripts\intelligence\build_L07_geographic_normalization_registry.js","47","fs.writeFileSync(OUT, JSON.stringify(registry, null, 2));"
"C:\Dev\Nexus_MASTER\scripts\intelligence\build_L07_geographic_normalization_registry.js","49","console.log(""[L07 NORMALIZATION REGISTRY] COMPLETE"", registry.normalized_fields.length);"
"C:\Dev\Nexus_MASTER\scripts\intelligence\build_L07_geographic_scoring_registry.js","10","  scoring_outputs: ["
"C:\Dev\Nexus_MASTER\scripts\intelligence\build_L07_geographic_scoring_registry.js","12","      score: ""territory_priority_score"","
"C:\Dev\Nexus_MASTER\scripts\intelligence\build_L07_geographic_scoring_registry.js","16","      score: ""regional_overlap_score"","
"C:\Dev\Nexus_MASTER\scripts\intelligence\build_L07_geographic_scoring_registry.js","20","      score: ""movement_corridor_score"","
"C:\Dev\Nexus_MASTER\scripts\intelligence\build_L07_geographic_scoring_registry.js","24","      score: ""response_complexity_score"","
"C:\Dev\Nexus_MASTER\scripts\intelligence\build_L07_geographic_scoring_registry.js","28","      score: ""geospatial_confidence_score"","
"C:\Dev\Nexus_MASTER\scripts\intelligence\build_L07_geographic_scoring_registry.js","42","fs.writeFileSync(OUT, JSON.stringify(registry, null, 2));"
"C:\Dev\Nexus_MASTER\scripts\intelligence\build_L07_geographic_scoring_registry.js","44","console.log(""[L07 SCORING REGISTRY] COMPLETE"", registry.scoring_outputs.length);"
"C:\Dev\Nexus_MASTER\scripts\intelligence\build_L07_source_catalog.js","32","fs.writeFileSync(OUT, JSON.stringify(catalog, null, 2));"
"C:\Dev\Nexus_MASTER\scripts\intelligence\build_L08_command_adapter_manifest.js","40","fs.writeFileSync(OUT, JSON.stringify(manifest, null, 2));"
"C:\Dev\Nexus_MASTER\scripts\intelligence\build_L08_command_integrity_audit.js","4","const OUT = ""public/data/intelligence/audit/L08_command_integrity_audit.json"";"
"C:\Dev\Nexus_MASTER\scripts\intelligence\build_L08_command_integrity_audit.js","15","const audit = {"
"C:\Dev\Nexus_MASTER\scripts\intelligence\build_L08_command_integrity_audit.js","16","  version: ""nexus_L08_command_integrity_audit_v1"","
"C:\Dev\Nexus_MASTER\scripts\intelligence\build_L08_command_integrity_audit.js","25","fs.writeFileSync(OUT, JSON.stringify(audit, null, 2));"
"C:\Dev\Nexus_MASTER\scripts\intelligence\build_L08_command_integrity_audit.js","27","console.log(""[L08 INTEGRITY AUDIT]"", audit.status, audit.missing_files);"
"C:\Dev\Nexus_MASTER\scripts\intelligence\build_L08_command_normalization_registry.js","18","  normalized_fields: ["
"C:\Dev\Nexus_MASTER\scripts\intelligence\build_L08_command_normalization_registry.js","31","    ""confidence_score"""
"C:\Dev\Nexus_MASTER\scripts\intelligence\build_L08_command_normalization_registry.js","43","fs.writeFileSync(OUT, JSON.stringify(registry, null, 2));"
"C:\Dev\Nexus_MASTER\scripts\intelligence\build_L08_command_normalization_registry.js","45","console.log(""[L08 NORMALIZATION REGISTRY] COMPLETE"", registry.normalized_fields.length);"
"C:\Dev\Nexus_MASTER\scripts\intelligence\build_L08_command_scoring_registry.js","10","  scoring_outputs: ["
"C:\Dev\Nexus_MASTER\scripts\intelligence\build_L08_command_scoring_registry.js","12","      score: ""decision_authority_score"","
"C:\Dev\Nexus_MASTER\scripts\intelligence\build_L08_command_scoring_registry.js","16","      score: ""training_authority_score"","
"C:\Dev\Nexus_MASTER\scripts\intelligence\build_L08_command_scoring_registry.js","20","      score: ""procurement_influence_score"","
"C:\Dev\Nexus_MASTER\scripts\intelligence\build_L08_command_scoring_registry.js","24","      score: ""routing_authority_score"","
"C:\Dev\Nexus_MASTER\scripts\intelligence\build_L08_command_scoring_registry.js","28","      score: ""command_confidence_score"","
"C:\Dev\Nexus_MASTER\scripts\intelligence\build_L08_command_scoring_registry.js","42","fs.writeFileSync(OUT, JSON.stringify(registry, null, 2));"
"C:\Dev\Nexus_MASTER\scripts\intelligence\build_L08_command_scoring_registry.js","44","console.log(""[L08 SCORING REGISTRY] COMPLETE"", registry.scoring_outputs.length);"
"C:\Dev\Nexus_MASTER\scripts\intelligence\build_L08_source_catalog.js","32","fs.writeFileSync(OUT, JSON.stringify(catalog, null, 2));"
"C:\Dev\Nexus_MASTER\scripts\intelligence\build_L09_procurement_adapter_manifest.js","20","fs.writeFileSync(OUT, JSON.stringify(manifest, null, 2));"
"C:\Dev\Nexus_MASTER\scripts\intelligence\build_L09_procurement_integrity_audit.js","4","const OUT = ""public/data/intelligence/audit/L09_procurement_integrity_audit.json"";"
"C:\Dev\Nexus_MASTER\scripts\intelligence\build_L09_procurement_integrity_audit.js","15","const audit = {"
"C:\Dev\Nexus_MASTER\scripts\intelligence\build_L09_procurement_integrity_audit.js","16","  version: ""nexus_L09_procurement_integrity_audit_v1"","
"C:\Dev\Nexus_MASTER\scripts\intelligence\build_L09_procurement_integrity_audit.js","25","fs.writeFileSync(OUT, JSON.stringify(audit, null, 2));"
"C:\Dev\Nexus_MASTER\scripts\intelligence\build_L09_procurement_integrity_audit.js","27","console.log(""[L09 INTEGRITY AUDIT]"", audit.status, audit.missing_files);"
"C:\Dev\Nexus_MASTER\scripts\intelligence\build_L09_procurement_normalization_registry.js","18","  normalized_fields: ["
"C:\Dev\Nexus_MASTER\scripts\intelligence\build_L09_procurement_normalization_registry.js","32","    ""confidence_score"""
"C:\Dev\Nexus_MASTER\scripts\intelligence\build_L09_procurement_normalization_registry.js","44","fs.writeFileSync(OUT, JSON.stringify(registry, null, 2));"
"C:\Dev\Nexus_MASTER\scripts\intelligence\build_L09_procurement_normalization_registry.js","46","console.log(""[L09 NORMALIZATION REGISTRY] COMPLETE"", registry.normalized_fields.length);"
"C:\Dev\Nexus_MASTER\scripts\intelligence\build_L09_procurement_scoring_registry.js","10","  scoring_outputs: ["
"C:\Dev\Nexus_MASTER\scripts\intelligence\build_L09_procurement_scoring_registry.js","11","    { score: ""procurement_probability"", description: ""Likelihood the entity can purchase through a known path"" },"
"C:\Dev\Nexus_MASTER\scripts\intelligence\build_L09_procurement_scoring_registry.js","12","    { score: ""vendor_cycle_position"", description: ""Where the entity sits in the active buying cycle"" },"
"C:\Dev\Nexus_MASTER\scripts\intelligence\build_L09_procurement_scoring_registry.js","13","    { score: ""approval_complexity_score"", description: ""Difficulty of approval and vendor onboarding"" },"
"C:\Dev\Nexus_MASTER\scripts\intelligence\build_L09_procurement_scoring_registry.js","14","    { score: ""contract_opportunity_score"", description: ""Strength of visible procurement opportunity"" },"
"C:\Dev\Nexus_MASTER\scripts\intelligence\build_L09_procurement_scoring_registry.js","15","    { score: ""purchase_timing_score"", description: ""Likelihood of near-term purchase timing"" }"
"C:\Dev\Nexus_MASTER\scripts\intelligence\build_L09_procurement_scoring_registry.js","27","fs.writeFileSync(OUT, JSON.stringify(registry, null, 2));"
"C:\Dev\Nexus_MASTER\scripts\intelligence\build_L09_procurement_scoring_registry.js","29","console.log(""[L09 SCORING REGISTRY] COMPLETE"", registry.scoring_outputs.length);"
"C:\Dev\Nexus_MASTER\scripts\intelligence\build_L09_source_catalog.js","32","fs.writeFileSync(OUT, JSON.stringify(catalog, null, 2));"
"C:\Dev\Nexus_MASTER\scripts\intelligence\build_L10_communication_adapter_manifest.js","40","fs.writeFileSync(OUT, JSON.stringify(manifest, null, 2));"
"C:\Dev\Nexus_MASTER\scripts\intelligence\build_L10_communication_confidence_weighting.js","6","const OUT_DIR = path.join(ROOT, ""public/data/intelligence/outputs"");"
"C:\Dev\Nexus_MASTER\scripts\intelligence\build_L10_communication_confidence_weighting.js","7","const IN = path.join(OUT_DIR, ""L10_contact_score_refinement.json"");"
"C:\Dev\Nexus_MASTER\scripts\intelligence\build_L10_communication_confidence_weighting.js","29","  const parsed = JSON.parse(fs.readFileSync(filePath, ""utf8""));"
"C:\Dev\Nexus_MASTER\scripts\intelligence\build_L10_communication_confidence_weighting.js","47","const output = input.map((record, index) => {"
"C:\Dev\Nexus_MASTER\scripts\intelligence\build_L10_communication_confidence_weighting.js","48","  const entity_id = record.entity_id || record.id || `l10_unknown_${index}`;"
"C:\Dev\Nexus_MASTER\scripts\intelligence\build_L10_communication_confidence_weighting.js","55","  const contactScore = Number(record.contact_score ?? record.score ?? 0);"
"C:\Dev\Nexus_MASTER\scripts\intelligence\build_L10_communication_confidence_weighting.js","63","  const confidenceFromScore = clamp(contactScore / 100, 0, 1);"
"C:\Dev\Nexus_MASTER\scripts\intelligence\build_L10_communication_confidence_weighting.js","64","  const sourceConfidence = clamp(record.contact_confidence ?? record.confidence ?? confidenceFromScore, 0, 1);"
"C:\Dev\Nexus_MASTER\scripts\intelligence\build_L10_communication_confidence_weighting.js","68","    (confidenceFromScore * 0.35) +"
"C:\Dev\Nexus_MASTER\scripts\intelligence\build_L10_communication_confidence_weighting.js","88","    contact_score: contactScore,"
"C:\Dev\Nexus_MASTER\scripts\intelligence\build_L10_communication_confidence_weighting.js","106","        evidence_id: stableId(`${entity_id}|L10_contact_score_refinement|confidence_weighting`),"
"C:\Dev\Nexus_MASTER\scripts\intelligence\build_L10_communication_confidence_weighting.js","108","        source_file: ""public/data/intelligence/outputs/L10_contact_score_refinement.json"","
"C:\Dev\Nexus_MASTER\scripts\intelligence\build_L10_communication_confidence_weighting.js","113","    score_components: ["
"C:\Dev\Nexus_MASTER\scripts\intelligence\build_L10_communication_confidence_weighting.js","121","        component: ""confidence_from_contact_score"","
"C:\Dev\Nexus_MASTER\scripts\intelligence\build_L10_communication_confidence_weighting.js","122","        value: Number(confidenceFromScore.toFixed(4))"
"C:\Dev\Nexus_MASTER\scripts\intelligence\build_L10_communication_confidence_weighting.js","140","fs.writeFileSync(OUT, JSON.stringify(output, null, 2));"
"C:\Dev\Nexus_MASTER\scripts\intelligence\build_L10_communication_integrity_audit.js","4","const OUT = ""public/data/intelligence/audit/L10_communication_integrity_audit.json"";"
"C:\Dev\Nexus_MASTER\scripts\intelligence\build_L10_communication_integrity_audit.js","15","const audit = {"
"C:\Dev\Nexus_MASTER\scripts\intelligence\build_L10_communication_integrity_audit.js","16","  version: ""nexus_L10_communication_integrity_audit_v1"","
"C:\Dev\Nexus_MASTER\scripts\intelligence\build_L10_communication_integrity_audit.js","25","fs.writeFileSync(OUT, JSON.stringify(audit, null, 2));"
"C:\Dev\Nexus_MASTER\scripts\intelligence\build_L10_communication_integrity_audit.js","27","console.log(""[L10 INTEGRITY AUDIT]"", audit.status, audit.missing_files);"
"C:\Dev\Nexus_MASTER\scripts\intelligence\build_L10_communication_normalization_registry.js","18","  normalized_fields: ["
"C:\Dev\Nexus_MASTER\scripts\intelligence\build_L10_communication_normalization_registry.js","33","    ""confidence_score"","
"C:\Dev\Nexus_MASTER\scripts\intelligence\build_L10_communication_normalization_registry.js","34","    ""freshness_score"""
"C:\Dev\Nexus_MASTER\scripts\intelligence\build_L10_communication_normalization_registry.js","46","fs.writeFileSync(OUT, JSON.stringify(registry, null, 2));"
"C:\Dev\Nexus_MASTER\scripts\intelligence\build_L10_communication_normalization_registry.js","48","console.log(""[L10 NORMALIZATION REGISTRY] COMPLETE"", registry.normalized_fields.length);"
"C:\Dev\Nexus_MASTER\scripts\intelligence\build_L10_communication_scoring_registry.js","10","  scoring_outputs: ["
"C:\Dev\Nexus_MASTER\scripts\intelligence\build_L10_communication_scoring_registry.js","12","      score: ""routing_efficiency_score"","
"C:\Dev\Nexus_MASTER\scripts\intelligence\build_L10_communication_scoring_registry.js","16","      score: ""contact_confidence_score"","
"C:\Dev\Nexus_MASTER\scripts\intelligence\build_L10_communication_scoring_registry.js","20","      score: ""fallback_strength_score"","
"C:\Dev\Nexus_MASTER\scripts\intelligence\build_L10_communication_scoring_registry.js","24","      score: ""response_probability_score"","
"C:\Dev\Nexus_MASTER\scripts\intelligence\build_L10_communication_scoring_registry.js","28","      score: ""outreach_readiness_score"","
"C:\Dev\Nexus_MASTER\scripts\intelligence\build_L10_communication_scoring_registry.js","42","fs.writeFileSync(OUT, JSON.stringify(registry, null, 2));"
"C:\Dev\Nexus_MASTER\scripts\intelligence\build_L10_communication_scoring_registry.js","44","console.log(""[L10 SCORING REGISTRY] COMPLETE"", registry.scoring_outputs.length);"
"C:\Dev\Nexus_MASTER\scripts\intelligence\build_L10_contact_freshness_weighting.js","3","const L10 = ""public/data/intelligence/outputs/L10_COMMUNICATION_INTELLIGENCE.normalized.json"";"
"C:\Dev\Nexus_MASTER\scripts\intelligence\build_L10_contact_freshness_weighting.js","4","const OUT = ""public/data/intelligence/outputs/L10_contact_freshness_weighting.json"";"
"C:\Dev\Nexus_MASTER\scripts\intelligence\build_L10_contact_freshness_weighting.js","6","const d = JSON.parse(fs.readFileSync(L10, ""utf8""));"
"C:\Dev\Nexus_MASTER\scripts\intelligence\build_L10_contact_freshness_weighting.js","15","    freshness_score: e.freshness_score,"
"C:\Dev\Nexus_MASTER\scripts\intelligence\build_L10_contact_freshness_weighting.js","16","    freshness_band: e.freshness_score >= 0.8 ? ""FRESH"" : ""REVIEW"""
"C:\Dev\Nexus_MASTER\scripts\intelligence\build_L10_contact_freshness_weighting.js","20","fs.writeFileSync(OUT, JSON.stringify(output, null, 2));"
"C:\Dev\Nexus_MASTER\scripts\intelligence\build_L10_contact_score_refinement.js","6","const OUT_DIR = path.join(ROOT, ""public/data/intelligence/outputs"");"
"C:\Dev\Nexus_MASTER\scripts\intelligence\build_L10_contact_score_refinement.js","7","const OUT = path.join(OUT_DIR, ""L10_contact_score_refinement.json"");"
"C:\Dev\Nexus_MASTER\scripts\intelligence\build_L10_contact_score_refinement.js","10","  path.join(ROOT, ""public/data/intelligence/outputs""),"
"C:\Dev\Nexus_MASTER\scripts\intelligence\build_L10_contact_score_refinement.js","18","    return JSON.parse(fs.readFileSync(filePath, ""utf8""));"
"C:\Dev\Nexus_MASTER\scripts\intelligence\build_L10_contact_score_refinement.js","39","      !/L10_contact_score_refinement|L10_outreach_readiness_synthesis/i.test(item.name)"
"C:\Dev\Nexus_MASTER\scripts\intelligence\build_L10_contact_score_refinement.js","81","function normalizeRecord(raw, sourceFile, index) {"
"C:\Dev\Nexus_MASTER\scripts\intelligence\build_L10_contact_score_refinement.js","122","    stableId(`${agency}|${city}|${email || phone || role}|${sourceFile}|${index}`);"
"C:\Dev\Nexus_MASTER\scripts\intelligence\build_L10_contact_score_refinement.js","124","  const emailScore = hasValue(email) ? 32 : 0;"
"C:\Dev\Nexus_MASTER\scripts\intelligence\build_L10_contact_score_refinement.js","125","  const phoneScore = hasValue(phone) ? 28 : 0;"
"C:\Dev\Nexus_MASTER\scripts\intelligence\build_L10_contact_score_refinement.js","128","  const authorityScore ="
"C:\Dev\Nexus_MASTER\scripts\intelligence\build_L10_contact_score_refinement.js","137","      raw.freshness_score ??"
"C:\Dev\Nexus_MASTER\scripts\intelligence\build_L10_contact_score_refinement.js","138","      raw.contact_freshness_score ??"
"C:\Dev\Nexus_MASTER\scripts\intelligence\build_L10_contact_score_refinement.js","139","      raw.source_freshness_score ??"
"C:\Dev\Nexus_MASTER\scripts\intelligence\build_L10_contact_score_refinement.js","140","      raw.score ??"
"C:\Dev\Nexus_MASTER\scripts\intelligence\build_L10_contact_score_refinement.js","146","  const contact_score = clamp(emailScore + phoneScore + authorityScore + freshness, 0, 100);"
"C:\Dev\Nexus_MASTER\scripts\intelligence\build_L10_contact_score_refinement.js","148","  const outreach_ready = contact_score >= 60 && (hasValue(email) || hasValue(phone));"
"C:\Dev\Nexus_MASTER\scripts\intelligence\build_L10_contact_score_refinement.js","162","    contact_score,"
"C:\Dev\Nexus_MASTER\scripts\intelligence\build_L10_contact_score_refinement.js","163","    score: contact_score,"
"C:\Dev\Nexus_MASTER\scripts\intelligence\build_L10_contact_score_refinement.js","164","    contact_confidence: clamp(contact_score / 100, 0, 1),"
"C:\Dev\Nexus_MASTER\scripts\intelligence\build_L10_contact_score_refinement.js","167","      contact_score >= 80 ? ""HIGH"" :"
"C:\Dev\Nexus_MASTER\scripts\intelligence\build_L10_contact_score_refinement.js","168","      contact_score >= 60 ? ""READY"" :"
"C:\Dev\Nexus_MASTER\scripts\intelligence\build_L10_contact_score_refinement.js","169","      contact_score >= 40 ? ""PARTIAL"" :"
"C:\Dev\Nexus_MASTER\scripts\intelligence\build_L10_contact_score_refinement.js","173","        signal_id: stableId(`sig|${entity_id}|L10_contact_score_refinement`),"
"C:\Dev\Nexus_MASTER\scripts\intelligence\build_L10_contact_score_refinement.js","175","        signal_type: ""contact_score_refinement"","
"C:\Dev\Nexus_MASTER\scripts\intelligence\build_L10_contact_score_refinement.js","176","        value: contact_score,"
"C:\Dev\Nexus_MASTER\scripts\intelligence\build_L10_contact_score_refinement.js","177","        confidence: clamp(contact_score / 100, 0, 1)"
"C:\Dev\Nexus_MASTER\scripts\intelligence\build_L10_contact_score_refinement.js","186","        confidence: clamp(contact_score / 100, 0, 1)"
"C:\Dev\Nexus_MASTER\scripts\intelligence\build_L10_contact_score_refinement.js","189","    score_components: ["
"C:\Dev\Nexus_MASTER\scripts\intelligence\build_L10_contact_score_refinement.js","193","        value: emailScore"
"C:\Dev\Nexus_MASTER\scripts\intelligence\build_L10_contact_score_refinement.js","198","        value: phoneScore"
"C:\Dev\Nexus_MASTER\scripts\intelligence\build_L10_contact_score_refinement.js","203","        value: authorityScore"
"C:\Dev\Nexus_MASTER\scripts\intelligence\build_L10_contact_score_refinement.js","211","    _source: ""L10_contact_score_refinement"","
"C:\Dev\Nexus_MASTER\scripts\intelligence\build_L10_contact_score_refinement.js","212","    _version: ""nexus_L10_contact_score_refinement_v1"""
"C:\Dev\Nexus_MASTER\scripts\intelligence\build_L10_contact_score_refinement.js","226","  flattened.forEach((raw, index) => {"
"C:\Dev\Nexus_MASTER\scripts\intelligence\build_L10_contact_score_refinement.js","228","      records.push(normalizeRecord(raw, file, index));"
"C:\Dev\Nexus_MASTER\scripts\intelligence\build_L10_contact_score_refinement.js","233","const deduped = new Map();"
"C:\Dev\Nexus_MASTER\scripts\intelligence\build_L10_contact_score_refinement.js","236","  if (!deduped.has(record.entity_id)) {"
"C:\Dev\Nexus_MASTER\scripts\intelligence\build_L10_contact_score_refinement.js","237","    deduped.set(record.entity_id, record);"
"C:\Dev\Nexus_MASTER\scripts\intelligence\build_L10_contact_score_refinement.js","241","  const existing = deduped.get(record.entity_id);"
"C:\Dev\Nexus_MASTER\scripts\intelligence\build_L10_contact_score_refinement.js","242","  if ((record.contact_score || 0) > (existing.contact_score || 0)) {"
"C:\Dev\Nexus_MASTER\scripts\intelligence\build_L10_contact_score_refinement.js","243","    deduped.set(record.entity_id, record);"
"C:\Dev\Nexus_MASTER\scripts\intelligence\build_L10_contact_score_refinement.js","247","const output = Array.from(deduped.values())"
"C:\Dev\Nexus_MASTER\scripts\intelligence\build_L10_contact_score_refinement.js","249","    if (b.contact_score !== a.contact_score) return b.contact_score - a.contact_score;"
"C:\Dev\Nexus_MASTER\scripts\intelligence\build_L10_contact_score_refinement.js","253","fs.writeFileSync(OUT, JSON.stringify(output, null, 2));"
"C:\Dev\Nexus_MASTER\scripts\intelligence\build_L10_contact_score_refinement.js","255","console.log(""[L10 CONTACT SCORE REFINEMENT] COMPLETE"", output.length);"
"C:\Dev\Nexus_MASTER\scripts\intelligence\build_L10_contact_score_refinement.js","256","console.log(""[L10 CONTACT SCORE REFINEMENT] OUTPUT"", path.relative(ROOT, OUT).replace(/\\/g, ""/""));"
"C:\Dev\Nexus_MASTER\scripts\intelligence\build_L10_contact_score_refinement.js","259","  console.warn(""[L10 CONTACT SCORE REFINEMENT] WARNING: no L10/contact source records found"");"
"C:\Dev\Nexus_MASTER\scripts\intelligence\build_L10_fallback_route_scoring.js","9","""public/data/intelligence/outputs/L10_contact_score_refinement.json"");"
"C:\Dev\Nexus_MASTER\scripts\intelligence\build_L10_fallback_route_scoring.js","13","""public/data/intelligence/outputs/L10_communication_confidence_weighting.json"");"
"C:\Dev\Nexus_MASTER\scripts\intelligence\build_L10_fallback_route_scoring.js","17","""public/data/intelligence/outputs/L10_fallback_route_scoring.json"");"
"C:\Dev\Nexus_MASTER\scripts\intelligence\build_L10_fallback_route_scoring.js","20"," return JSON.parse(fs.readFileSync(file,""utf8""));"
"C:\Dev\Nexus_MASTER\scripts\intelligence\build_L10_fallback_route_scoring.js","44","const out = contacts.map((entity,index)=>{"
"C:\Dev\Nexus_MASTER\scripts\intelligence\build_L10_fallback_route_scoring.js","76"," const route_score ="
"C:\Dev\Nexus_MASTER\scripts\intelligence\build_L10_fallback_route_scoring.js","102","  fallback_route_score:"
"C:\Dev\Nexus_MASTER\scripts\intelligence\build_L10_fallback_route_scoring.js","103","   Number(route_score.toFixed(2)),"
"C:\Dev\Nexus_MASTER\scripts\intelligence\build_L10_fallback_route_scoring.js","114","   route_score >= 80"
"C:\Dev\Nexus_MASTER\scripts\intelligence\build_L10_fallback_route_scoring.js","116","    : route_score >= 55"
"C:\Dev\Nexus_MASTER\scripts\intelligence\build_L10_fallback_route_scoring.js","131","     Number(route_score.toFixed(2)),"
"C:\Dev\Nexus_MASTER\scripts\intelligence\build_L10_fallback_route_scoring.js","153","  score_components:["
"C:\Dev\Nexus_MASTER\scripts\intelligence\build_L10_fallback_route_scoring.js","184","fs.writeFileSync("
"C:\Dev\Nexus_MASTER\scripts\intelligence\build_L10_outreach_readiness_synthesis.BACKUP.js","3","const A = ""public/data/intelligence/outputs/L10_contact_score_refinement.json"";"
"C:\Dev\Nexus_MASTER\scripts\intelligence\build_L10_outreach_readiness_synthesis.BACKUP.js","4","const B = ""public/data/intelligence/outputs/L10_communication_confidence_weighting.json"";"
"C:\Dev\Nexus_MASTER\scripts\intelligence\build_L10_outreach_readiness_synthesis.BACKUP.js","5","const C = ""public/data/intelligence/outputs/L10_fallback_route_scoring.json"";"
"C:\Dev\Nexus_MASTER\scripts\intelligence\build_L10_outreach_readiness_synthesis.BACKUP.js","6","const D = ""public/data/intelligence/outputs/L10_contact_freshness_weighting.json"";"
"C:\Dev\Nexus_MASTER\scripts\intelligence\build_L10_outreach_readiness_synthesis.BACKUP.js","8","const OUT = ""public/data/intelligence/outputs/L10_outreach_readiness_synthesis.json"";"
"C:\Dev\Nexus_MASTER\scripts\intelligence\build_L10_outreach_readiness_synthesis.BACKUP.js","10","const a = JSON.parse(fs.readFileSync(A, ""utf8""));"
"C:\Dev\Nexus_MASTER\scripts\intelligence\build_L10_outreach_readiness_synthesis.BACKUP.js","11","const b = JSON.parse(fs.readFileSync(B, ""utf8""));"
"C:\Dev\Nexus_MASTER\scripts\intelligence\build_L10_outreach_readiness_synthesis.BACKUP.js","12","const c = JSON.parse(fs.readFileSync(C, ""utf8""));"
"C:\Dev\Nexus_MASTER\scripts\intelligence\build_L10_outreach_readiness_synthesis.BACKUP.js","13","const d = JSON.parse(fs.readFileSync(D, ""utf8""));"
"C:\Dev\Nexus_MASTER\scripts\intelligence\build_L10_outreach_readiness_synthesis.BACKUP.js","20","  c.routes.map(x => [x.entity_id, x.fallback_route_score])"
"C:\Dev\Nexus_MASTER\scripts\intelligence\build_L10_outreach_readiness_synthesis.BACKUP.js","24","  d.freshness.map(x => [x.entity_id, x.freshness_score])"
"C:\Dev\Nexus_MASTER\scripts\intelligence\build_L10_outreach_readiness_synthesis.BACKUP.js","29","  outreach_readiness_score:"
"C:\Dev\Nexus_MASTER\scripts\intelligence\build_L10_outreach_readiness_synthesis.BACKUP.js","32","        (x.refined_score * 0.45) +"
"C:\Dev\Nexus_MASTER\scripts\intelligence\build_L10_outreach_readiness_synthesis.BACKUP.js","39","    ""Synthesized from refined score, contact confidence, route strength, and freshness."""
"C:\Dev\Nexus_MASTER\scripts\intelligence\build_L10_outreach_readiness_synthesis.BACKUP.js","49","fs.writeFileSync(OUT, JSON.stringify(output, null, 2));"
"C:\Dev\Nexus_MASTER\scripts\intelligence\build_L10_outreach_readiness_synthesis.js","8","path.join(ROOT,""public/data/intelligence/outputs"");"
"C:\Dev\Nexus_MASTER\scripts\intelligence\build_L10_outreach_readiness_synthesis.js","13"," ""public/data/intelligence/outputs/L10_contact_score_refinement.json"""
"C:\Dev\Nexus_MASTER\scripts\intelligence\build_L10_outreach_readiness_synthesis.js","19"," ""public/data/intelligence/outputs/L10_communication_confidence_weighting.json"""
"C:\Dev\Nexus_MASTER\scripts\intelligence\build_L10_outreach_readiness_synthesis.js","25"," ""public/data/intelligence/outputs/L10_fallback_route_scoring.json"""
"C:\Dev\Nexus_MASTER\scripts\intelligence\build_L10_outreach_readiness_synthesis.js","31"," ""public/data/intelligence/outputs/L10_outreach_readiness_synthesis.json"""
"C:\Dev\Nexus_MASTER\scripts\intelligence\build_L10_outreach_readiness_synthesis.js","39"," return JSON.parse("
"C:\Dev\Nexus_MASTER\scripts\intelligence\build_L10_outreach_readiness_synthesis.js","40","  fs.readFileSync(file,""utf8"")"
"C:\Dev\Nexus_MASTER\scripts\intelligence\build_L10_outreach_readiness_synthesis.js","91"," const contactScore ="
"C:\Dev\Nexus_MASTER\scripts\intelligence\build_L10_outreach_readiness_synthesis.js","92","  Number(entity.contact_score || 0);"
"C:\Dev\Nexus_MASTER\scripts\intelligence\build_L10_outreach_readiness_synthesis.js","97"," const fallbackScore ="
"C:\Dev\Nexus_MASTER\scripts\intelligence\build_L10_outreach_readiness_synthesis.js","98","  Number(fb.fallback_route_score || 0);"
"C:\Dev\Nexus_MASTER\scripts\intelligence\build_L10_outreach_readiness_synthesis.js","100"," const readinessScore ="
"C:\Dev\Nexus_MASTER\scripts\intelligence\build_L10_outreach_readiness_synthesis.js","103","    (contactScore * 0.55) +"
"C:\Dev\Nexus_MASTER\scripts\intelligence\build_L10_outreach_readiness_synthesis.js","105","    (fallbackScore * 0.20)"
"C:\Dev\Nexus_MASTER\scripts\intelligence\build_L10_outreach_readiness_synthesis.js","112","  readinessScore >= 60;"
"C:\Dev\Nexus_MASTER\scripts\intelligence\build_L10_outreach_readiness_synthesis.js","130","  outreach_readiness_score:"
"C:\Dev\Nexus_MASTER\scripts\intelligence\build_L10_outreach_readiness_synthesis.js","131","   Number(readinessScore.toFixed(2)),"
"C:\Dev\Nexus_MASTER\scripts\intelligence\build_L10_outreach_readiness_synthesis.js","134","   readinessScore >= 85"
"C:\Dev\Nexus_MASTER\scripts\intelligence\build_L10_outreach_readiness_synthesis.js","136","    : readinessScore >= 60"
"C:\Dev\Nexus_MASTER\scripts\intelligence\build_L10_outreach_readiness_synthesis.js","138","      : readinessScore >= 40"
"C:\Dev\Nexus_MASTER\scripts\intelligence\build_L10_outreach_readiness_synthesis.js","142","  contact_score:"
"C:\Dev\Nexus_MASTER\scripts\intelligence\build_L10_outreach_readiness_synthesis.js","143","   contactScore,"
"C:\Dev\Nexus_MASTER\scripts\intelligence\build_L10_outreach_readiness_synthesis.js","150","  fallback_route_score:"
"C:\Dev\Nexus_MASTER\scripts\intelligence\build_L10_outreach_readiness_synthesis.js","151","   fallbackScore,"
"C:\Dev\Nexus_MASTER\scripts\intelligence\build_L10_outreach_readiness_synthesis.js","176","     Number(readinessScore.toFixed(2)),"
"C:\Dev\Nexus_MASTER\scripts\intelligence\build_L10_outreach_readiness_synthesis.js","203","  score_components:["
"C:\Dev\Nexus_MASTER\scripts\intelligence\build_L10_outreach_readiness_synthesis.js","205","    component:""contact_score"","
"C:\Dev\Nexus_MASTER\scripts\intelligence\build_L10_outreach_readiness_synthesis.js","207","     Number((contactScore * 0.55).toFixed(2))"
"C:\Dev\Nexus_MASTER\scripts\intelligence\build_L10_outreach_readiness_synthesis.js","217","    component:""fallback_route_score"","
"C:\Dev\Nexus_MASTER\scripts\intelligence\build_L10_outreach_readiness_synthesis.js","219","     Number((fallbackScore * 0.20).toFixed(2))"
"C:\Dev\Nexus_MASTER\scripts\intelligence\build_L10_outreach_readiness_synthesis.js","235","  b.outreach_readiness_score !=="
"C:\Dev\Nexus_MASTER\scripts\intelligence\build_L10_outreach_readiness_synthesis.js","236","  a.outreach_readiness_score"
"C:\Dev\Nexus_MASTER\scripts\intelligence\build_L10_outreach_readiness_synthesis.js","239","   b.outreach_readiness_score -"
"C:\Dev\Nexus_MASTER\scripts\intelligence\build_L10_outreach_readiness_synthesis.js","240","   a.outreach_readiness_score"
"C:\Dev\Nexus_MASTER\scripts\intelligence\build_L10_outreach_readiness_synthesis.js","248","fs.writeFileSync("
"C:\Dev\Nexus_MASTER\scripts\intelligence\build_L10_source_catalog.js","32","fs.writeFileSync(OUT, JSON.stringify(catalog, null, 2));"
"C:\Dev\Nexus_MASTER\scripts\intelligence\build_L11_incident_risk_adapter_manifest.js","40","fs.writeFileSync(OUT, JSON.stringify(manifest, null, 2));"
"C:\Dev\Nexus_MASTER\scripts\intelligence\build_L11_incident_risk_integrity_audit.js","4","const OUT = ""public/data/intelligence/audit/L11_incident_risk_integrity_audit.json"";"
"C:\Dev\Nexus_MASTER\scripts\intelligence\build_L11_incident_risk_integrity_audit.js","15","const audit = {"
"C:\Dev\Nexus_MASTER\scripts\intelligence\build_L11_incident_risk_integrity_audit.js","16","  version: ""nexus_L11_incident_risk_integrity_audit_v1"","
"C:\Dev\Nexus_MASTER\scripts\intelligence\build_L11_incident_risk_integrity_audit.js","25","fs.writeFileSync(OUT, JSON.stringify(audit, null, 2));"
"C:\Dev\Nexus_MASTER\scripts\intelligence\build_L11_incident_risk_integrity_audit.js","27","console.log(""[L11 INTEGRITY AUDIT]"", audit.status, audit.missing_files);"
"C:\Dev\Nexus_MASTER\scripts\intelligence\build_L11_incident_risk_normalization_registry.js","18","  normalized_fields: ["
"C:\Dev\Nexus_MASTER\scripts\intelligence\build_L11_incident_risk_normalization_registry.js","30","    ""confidence_score"","
"C:\Dev\Nexus_MASTER\scripts\intelligence\build_L11_incident_risk_normalization_registry.js","31","    ""freshness_score"","
"C:\Dev\Nexus_MASTER\scripts\intelligence\build_L11_incident_risk_normalization_registry.js","44","fs.writeFileSync(OUT, JSON.stringify(registry, null, 2));"
"C:\Dev\Nexus_MASTER\scripts\intelligence\build_L11_incident_risk_normalization_registry.js","46","console.log(""[L11 NORMALIZATION REGISTRY] COMPLETE"", registry.normalized_fields.length);"
"C:\Dev\Nexus_MASTER\scripts\intelligence\build_L11_incident_risk_scoring_registry.js","10","  scoring_outputs: ["
"C:\Dev\Nexus_MASTER\scripts\intelligence\build_L11_incident_risk_scoring_registry.js","12","      score: ""incident_pressure_score"","
"C:\Dev\Nexus_MASTER\scripts\intelligence\build_L11_incident_risk_scoring_registry.js","16","      score: ""risk_escalation_probability"","
"C:\Dev\Nexus_MASTER\scripts\intelligence\build_L11_incident_risk_scoring_registry.js","20","      score: ""response_urgency_score"","
"C:\Dev\Nexus_MASTER\scripts\intelligence\build_L11_incident_risk_scoring_registry.js","24","      score: ""regional_instability_score"","
"C:\Dev\Nexus_MASTER\scripts\intelligence\build_L11_incident_risk_scoring_registry.js","28","      score: ""strategic_attention_score"","
"C:\Dev\Nexus_MASTER\scripts\intelligence\build_L11_incident_risk_scoring_registry.js","42","fs.writeFileSync(OUT, JSON.stringify(registry, null, 2));"
"C:\Dev\Nexus_MASTER\scripts\intelligence\build_L11_incident_risk_scoring_registry.js","44","console.log(""[L11 SCORING REGISTRY] COMPLETE"", registry.scoring_outputs.length);"
"C:\Dev\Nexus_MASTER\scripts\intelligence\build_L11_source_catalog.js","32","fs.writeFileSync(OUT, JSON.stringify(catalog, null, 2));"
"C:\Dev\Nexus_MASTER\scripts\intelligence\build_L12_engagement_adapter_manifest.js","40","fs.writeFileSync(OUT, JSON.stringify(manifest, null, 2));"
"C:\Dev\Nexus_MASTER\scripts\intelligence\build_L12_engagement_integrity_audit.js","4","const OUT = ""public/data/intelligence/audit/L12_engagement_integrity_audit.json"";"
"C:\Dev\Nexus_MASTER\scripts\intelligence\build_L12_engagement_integrity_audit.js","15","const audit = {"
"C:\Dev\Nexus_MASTER\scripts\intelligence\build_L12_engagement_integrity_audit.js","16","  version: ""nexus_L12_engagement_integrity_audit_v1"","
"C:\Dev\Nexus_MASTER\scripts\intelligence\build_L12_engagement_integrity_audit.js","25","fs.writeFileSync(OUT, JSON.stringify(audit, null, 2));"
"C:\Dev\Nexus_MASTER\scripts\intelligence\build_L12_engagement_integrity_audit.js","27","console.log(""[L12 INTEGRITY AUDIT]"", audit.status, audit.missing_files);"
"C:\Dev\Nexus_MASTER\scripts\intelligence\build_L12_engagement_normalization_registry.js","18","  normalized_fields: ["
"C:\Dev\Nexus_MASTER\scripts\intelligence\build_L12_engagement_normalization_registry.js","35","    ""confidence_score"","
"C:\Dev\Nexus_MASTER\scripts\intelligence\build_L12_engagement_normalization_registry.js","36","    ""freshness_score"""
"C:\Dev\Nexus_MASTER\scripts\intelligence\build_L12_engagement_normalization_registry.js","48","fs.writeFileSync(OUT, JSON.stringify(registry, null, 2));"
"C:\Dev\Nexus_MASTER\scripts\intelligence\build_L12_engagement_normalization_registry.js","50","console.log(""[L12 NORMALIZATION REGISTRY] COMPLETE"", registry.normalized_fields.length);"
"C:\Dev\Nexus_MASTER\scripts\intelligence\build_L12_engagement_scoring_registry.js","10","  scoring_outputs: ["
"C:\Dev\Nexus_MASTER\scripts\intelligence\build_L12_engagement_scoring_registry.js","12","      score: ""engagement_probability"","
"C:\Dev\Nexus_MASTER\scripts\intelligence\build_L12_engagement_scoring_registry.js","16","      score: ""response_quality_score"","
"C:\Dev\Nexus_MASTER\scripts\intelligence\build_L12_engagement_scoring_registry.js","20","      score: ""conversion_likelihood"","
"C:\Dev\Nexus_MASTER\scripts\intelligence\build_L12_engagement_scoring_registry.js","24","      score: ""relationship_strength_score"","
"C:\Dev\Nexus_MASTER\scripts\intelligence\build_L12_engagement_scoring_registry.js","28","      score: ""follow_up_priority_score"","
"C:\Dev\Nexus_MASTER\scripts\intelligence\build_L12_engagement_scoring_registry.js","42","fs.writeFileSync(OUT, JSON.stringify(registry, null, 2));"
"C:\Dev\Nexus_MASTER\scripts\intelligence\build_L12_engagement_scoring_registry.js","44","console.log(""[L12 SCORING REGISTRY] COMPLETE"", registry.scoring_outputs.length);"
"C:\Dev\Nexus_MASTER\scripts\intelligence\build_L12_engagement_state_scoring.js","3","const L12 = ""public/data/intelligence/outputs/L12_ENGAGEMENT_RESPONSE.normalized.json"";"
"C:\Dev\Nexus_MASTER\scripts\intelligence\build_L12_engagement_state_scoring.js","4","const OUT = ""public/data/intelligence/outputs/L12_engagement_state_scoring.json"";"
"C:\Dev\Nexus_MASTER\scripts\intelligence\build_L12_engagement_state_scoring.js","6","const d = JSON.parse(fs.readFileSync(L12, ""utf8""));"
"C:\Dev\Nexus_MASTER\scripts\intelligence\build_L12_engagement_state_scoring.js","11","  state_score: s.signal_value === ""NEW"" ? 70 : 50"
"C:\Dev\Nexus_MASTER\scripts\intelligence\build_L12_engagement_state_scoring.js","14","fs.writeFileSync("
"C:\Dev\Nexus_MASTER\scripts\intelligence\build_L12_follow_up_prioritization.js","3","const A = ""public/data/intelligence/outputs/L12_engagement_state_scoring.json"";"
"C:\Dev\Nexus_MASTER\scripts\intelligence\build_L12_follow_up_prioritization.js","4","const B = ""public/data/intelligence/outputs/L12_response_quality_weighting.json"";"
"C:\Dev\Nexus_MASTER\scripts\intelligence\build_L12_follow_up_prioritization.js","6","const OUT = ""public/data/intelligence/outputs/L12_follow_up_prioritization.json"";"
"C:\Dev\Nexus_MASTER\scripts\intelligence\build_L12_follow_up_prioritization.js","8","const a = JSON.parse(fs.readFileSync(A, ""utf8""));"
"C:\Dev\Nexus_MASTER\scripts\intelligence\build_L12_follow_up_prioritization.js","9","const b = JSON.parse(fs.readFileSync(B, ""utf8""));"
"C:\Dev\Nexus_MASTER\scripts\intelligence\build_L12_follow_up_prioritization.js","12","  b.quality.map(x => [x.entity_id, x.response_quality_score])"
"C:\Dev\Nexus_MASTER\scripts\intelligence\build_L12_follow_up_prioritization.js","19","      (x.state_score * 0.65) +"
"C:\Dev\Nexus_MASTER\scripts\intelligence\build_L12_follow_up_prioritization.js","25","fs.writeFileSync("
"C:\Dev\Nexus_MASTER\scripts\intelligence\build_L12_relationship_strength_scoring.js","3","const OUT = ""public/data/intelligence/outputs/L12_relationship_strength_scoring.json"";"
"C:\Dev\Nexus_MASTER\scripts\intelligence\build_L12_relationship_strength_scoring.js","4","const A = ""public/data/intelligence/outputs/L12_follow_up_prioritization.json"";"
"C:\Dev\Nexus_MASTER\scripts\intelligence\build_L12_relationship_strength_scoring.js","6","const a = JSON.parse(fs.readFileSync(A, ""utf8""));"
"C:\Dev\Nexus_MASTER\scripts\intelligence\build_L12_relationship_strength_scoring.js","10","  relationship_strength_score:"
"C:\Dev\Nexus_MASTER\scripts\intelligence\build_L12_relationship_strength_scoring.js","15","fs.writeFileSync("
"C:\Dev\Nexus_MASTER\scripts\intelligence\build_L12_response_quality_weighting.js","3","const L12 = ""public/data/intelligence/outputs/L12_ENGAGEMENT_RESPONSE.normalized.json"";"
"C:\Dev\Nexus_MASTER\scripts\intelligence\build_L12_response_quality_weighting.js","4","const OUT = ""public/data/intelligence/outputs/L12_response_quality_weighting.json"";"
"C:\Dev\Nexus_MASTER\scripts\intelligence\build_L12_response_quality_weighting.js","6","const d = JSON.parse(fs.readFileSync(L12, ""utf8""));"
"C:\Dev\Nexus_MASTER\scripts\intelligence\build_L12_response_quality_weighting.js","10","  response_quality_score:"
"C:\Dev\Nexus_MASTER\scripts\intelligence\build_L12_response_quality_weighting.js","11","    e.normalized_value?.status === ""NEW"" ? 50 : 65,"
"C:\Dev\Nexus_MASTER\scripts\intelligence\build_L12_response_quality_weighting.js","12","  confidence_score: e.confidence_score"
"C:\Dev\Nexus_MASTER\scripts\intelligence\build_L12_response_quality_weighting.js","15","fs.writeFileSync("
"C:\Dev\Nexus_MASTER\scripts\intelligence\build_L12_source_catalog.js","32","fs.writeFileSync(OUT, JSON.stringify(catalog, null, 2));"
"C:\Dev\Nexus_MASTER\scripts\intelligence\build_layer_output_manifest.js","24","  rule: ""Every layer must produce entities, evidence, signals, score_components, and dossier_fields before runtime fusion."","
"C:\Dev\Nexus_MASTER\scripts\intelligence\build_layer_output_manifest.js","25","  outputs: layers.map(layer_id => ({"
"C:\Dev\Nexus_MASTER\scripts\intelligence\build_layer_output_manifest.js","27","    expected_outputs: ["
"C:\Dev\Nexus_MASTER\scripts\intelligence\build_layer_output_manifest.js","31","      ""score_components"","
"C:\Dev\Nexus_MASTER\scripts\intelligence\build_layer_output_manifest.js","32","      ""dossier_fields"""
"C:\Dev\Nexus_MASTER\scripts\intelligence\build_layer_output_manifest.js","34","    output_path: `public/data/intelligence/outputs/${layer_id}.normalized.json`,"
"C:\Dev\Nexus_MASTER\scripts\intelligence\build_layer_output_manifest.js","40","fs.writeFileSync(OUT, JSON.stringify(manifest, null, 2));"
"C:\Dev\Nexus_MASTER\scripts\intelligence\build_layer_output_manifest.js","42","console.log(""[LAYER OUTPUT MANIFEST] COMPLETE"", manifest.outputs.length);"
"C:\Dev\Nexus_MASTER\scripts\intelligence\build_layer_source_catalog_index.js","4","const OUT = ""public/data/intelligence/sources/layer_source_catalog_index.json"";"
"C:\Dev\Nexus_MASTER\scripts\intelligence\build_layer_source_catalog_index.js","21","const index = {"
"C:\Dev\Nexus_MASTER\scripts\intelligence\build_layer_source_catalog_index.js","22","  version: ""nexus_layer_source_catalog_index_v1"","
"C:\Dev\Nexus_MASTER\scripts\intelligence\build_layer_source_catalog_index.js","35","fs.writeFileSync(OUT, JSON.stringify(index, null, 2));"
"C:\Dev\Nexus_MASTER\scripts\intelligence\build_layer_source_catalog_index.js","37","console.log(""[SOURCE CATALOG INDEX] COMPLETE"", index.layers.length);"
"C:\Dev\Nexus_MASTER\scripts\intelligence\build_live_connector_implementation_audit.js","4","const OUT = ""public/data/intelligence/audit/live_connector_implementation_audit.json"";"
"C:\Dev\Nexus_MASTER\scripts\intelligence\build_live_connector_implementation_audit.js","7","  ""public/data/intelligence/outputs/L03_LOCAL_AGENCY_INTELLIGENCE.normalized.json"","
"C:\Dev\Nexus_MASTER\scripts\intelligence\build_live_connector_implementation_audit.js","8","  ""public/data/intelligence/outputs/L10_COMMUNICATION_INTELLIGENCE.normalized.json"","
"C:\Dev\Nexus_MASTER\scripts\intelligence\build_live_connector_implementation_audit.js","9","  ""public/data/intelligence/outputs/L12_ENGAGEMENT_RESPONSE.normalized.json"","
"C:\Dev\Nexus_MASTER\scripts\intelligence\build_live_connector_implementation_audit.js","10","  ""public/data/intelligence/outputs/unified_entity_fusion_output.json"""
"C:\Dev\Nexus_MASTER\scripts\intelligence\build_live_connector_implementation_audit.js","15","const fusion = fs.existsSync(required[3])"
"C:\Dev\Nexus_MASTER\scripts\intelligence\build_live_connector_implementation_audit.js","16","  ? JSON.parse(fs.readFileSync(required[3], ""utf8""))"
"C:\Dev\Nexus_MASTER\scripts\intelligence\build_live_connector_implementation_audit.js","17","  : { fusion_summary: null };"
"C:\Dev\Nexus_MASTER\scripts\intelligence\build_live_connector_implementation_audit.js","19","const audit = {"
"C:\Dev\Nexus_MASTER\scripts\intelligence\build_live_connector_implementation_audit.js","20","  version: ""nexus_live_connector_implementation_audit_v1"","
"C:\Dev\Nexus_MASTER\scripts\intelligence\build_live_connector_implementation_audit.js","25","  fusion_summary: fusion.fusion_summary,"
"C:\Dev\Nexus_MASTER\scripts\intelligence\build_live_connector_implementation_audit.js","30","fs.writeFileSync(OUT, JSON.stringify(audit, null, 2));"
"C:\Dev\Nexus_MASTER\scripts\intelligence\build_live_connector_implementation_audit.js","32","console.log(""[LIVE CONNECTOR IMPLEMENTATION AUDIT]"", audit.status, audit.missing_files);"
"C:\Dev\Nexus_MASTER\scripts\intelligence\build_live_connector_implementation_registry.js","31","    output_path: `public/data/intelligence/outputs/${layer_id}.normalized.json`"
"C:\Dev\Nexus_MASTER\scripts\intelligence\build_live_connector_implementation_registry.js","36","fs.writeFileSync(OUT, JSON.stringify(registry, null, 2));"
"C:\Dev\Nexus_MASTER\scripts\intelligence\build_live_ingestion_execution_queue.js","35","fs.writeFileSync(OUT, JSON.stringify(queue, null, 2));"
"C:\Dev\Nexus_MASTER\scripts\intelligence\build_live_ingestion_parser_framework.js","9","  rule: ""Parsers must output entities, evidence, signals, score_components, and dossier_fields only after validation."","
"C:\Dev\Nexus_MASTER\scripts\intelligence\build_live_ingestion_parser_framework.js","15","    normalized_output_required: true"
"C:\Dev\Nexus_MASTER\scripts\intelligence\build_live_ingestion_parser_framework.js","21","    score_components: [],"
"C:\Dev\Nexus_MASTER\scripts\intelligence\build_live_ingestion_parser_framework.js","22","    dossier_fields: []"
"C:\Dev\Nexus_MASTER\scripts\intelligence\build_live_ingestion_parser_framework.js","42","fs.writeFileSync(OUT, JSON.stringify(framework, null, 2));"
"C:\Dev\Nexus_MASTER\scripts\intelligence\build_live_runtime_fusion_audit.js","4","const OUT = ""public/data/intelligence/audit/live_runtime_fusion_audit.json"";"
"C:\Dev\Nexus_MASTER\scripts\intelligence\build_live_runtime_fusion_audit.js","10","  ""public/data/intelligence/outputs/unified_entity_fusion_output.json"""
"C:\Dev\Nexus_MASTER\scripts\intelligence\build_live_runtime_fusion_audit.js","15","const fusion = fs.existsSync(required[3])"
"C:\Dev\Nexus_MASTER\scripts\intelligence\build_live_runtime_fusion_audit.js","16","  ? JSON.parse(fs.readFileSync(required[3], ""utf8""))"
"C:\Dev\Nexus_MASTER\scripts\intelligence\build_live_runtime_fusion_audit.js","19","const audit = {"
"C:\Dev\Nexus_MASTER\scripts\intelligence\build_live_runtime_fusion_audit.js","20","  version: ""nexus_live_runtime_fusion_audit_v1"","
"C:\Dev\Nexus_MASTER\scripts\intelligence\build_live_runtime_fusion_audit.js","26","  fusion_summary: fusion?.fusion_summary || null,"
"C:\Dev\Nexus_MASTER\scripts\intelligence\build_live_runtime_fusion_audit.js","31","fs.writeFileSync(OUT, JSON.stringify(audit, null, 2));"
"C:\Dev\Nexus_MASTER\scripts\intelligence\build_live_runtime_fusion_audit.js","33","console.log(""[LIVE RUNTIME FUSION AUDIT]"", audit.status, audit.missing_files);"
"C:\Dev\Nexus_MASTER\scripts\intelligence\build_master_layer_registry.js","33","fs.writeFileSync(OUT, JSON.stringify(registry, null, 2));"
"C:\Dev\Nexus_MASTER\scripts\intelligence\build_national_source_coverage_matrix.js","31","fs.writeFileSync(OUT, JSON.stringify(matrix, null, 2));"
"C:\Dev\Nexus_MASTER\scripts\intelligence\build_production_coverage_audit.js","4","const OUT = ""public/data/intelligence/audit/production_coverage_audit.json"";"
"C:\Dev\Nexus_MASTER\scripts\intelligence\build_production_coverage_audit.js","16","  ? JSON.parse(fs.readFileSync(required[2], ""utf8""))"
"C:\Dev\Nexus_MASTER\scripts\intelligence\build_production_coverage_audit.js","19","const audit = {"
"C:\Dev\Nexus_MASTER\scripts\intelligence\build_production_coverage_audit.js","20","  version: ""nexus_production_coverage_audit_v1"","
"C:\Dev\Nexus_MASTER\scripts\intelligence\build_production_coverage_audit.js","32","fs.writeFileSync(OUT, JSON.stringify(audit, null, 2));"
"C:\Dev\Nexus_MASTER\scripts\intelligence\build_production_coverage_audit.js","34","console.log(""[PRODUCTION COVERAGE AUDIT]"", audit.status, ""high:"", audit.high_severity_remaining);"
"C:\Dev\Nexus_MASTER\scripts\intelligence\build_production_layer_status_registry.js","28","fs.writeFileSync(OUT, JSON.stringify(registry, null, 2));"
"C:\Dev\Nexus_MASTER\scripts\intelligence\build_real_data_runtime_audit.js","4","const OUT = ""public/data/intelligence/audit/real_data_runtime_audit.json"";"
"C:\Dev\Nexus_MASTER\scripts\intelligence\build_real_data_runtime_audit.js","15","const audit = {"
"C:\Dev\Nexus_MASTER\scripts\intelligence\build_real_data_runtime_audit.js","16","  version: ""nexus_real_data_runtime_audit_v1"","
"C:\Dev\Nexus_MASTER\scripts\intelligence\build_real_data_runtime_audit.js","26","fs.writeFileSync(OUT, JSON.stringify(audit, null, 2));"
"C:\Dev\Nexus_MASTER\scripts\intelligence\build_real_data_runtime_audit.js","28","console.log(""[REAL DATA RUNTIME AUDIT]"", audit.status, audit.missing_files);"
"C:\Dev\Nexus_MASTER\scripts\intelligence\build_refresh_scheduler_registry.js","12","    audit_logging_required: true,"
"C:\Dev\Nexus_MASTER\scripts\intelligence\build_refresh_scheduler_registry.js","68","fs.writeFileSync(OUT, JSON.stringify(registry, null, 2));"
"C:\Dev\Nexus_MASTER\scripts\intelligence\build_runtime_entity_cache.js","4","const INDEX = ""public/data/intelligence/outputs/unified_entity_intelligence_index.json"";"
"C:\Dev\Nexus_MASTER\scripts\intelligence\build_runtime_entity_cache.js","5","const SCORES = ""public/data/intelligence/outputs/unified_score_aggregation.json"";"
"C:\Dev\Nexus_MASTER\scripts\intelligence\build_runtime_entity_cache.js","6","const OUT = ""public/data/intelligence/runtime/runtime_entity_cache.json"";"
"C:\Dev\Nexus_MASTER\scripts\intelligence\build_runtime_entity_cache.js","8","const index = JSON.parse(fs.readFileSync(INDEX, ""utf8""));"
"C:\Dev\Nexus_MASTER\scripts\intelligence\build_runtime_entity_cache.js","9","const scores = JSON.parse(fs.readFileSync(SCORES, ""utf8""));"
"C:\Dev\Nexus_MASTER\scripts\intelligence\build_runtime_entity_cache.js","11","const scoreMap = new Map("
"C:\Dev\Nexus_MASTER\scripts\intelligence\build_runtime_entity_cache.js","12","  scores.scores.map(s => [s.entity_id, s.final_score])"
"C:\Dev\Nexus_MASTER\scripts\intelligence\build_runtime_entity_cache.js","15","const cache = {"
"C:\Dev\Nexus_MASTER\scripts\intelligence\build_runtime_entity_cache.js","16","  version: ""nexus_runtime_entity_cache_v1"","
"C:\Dev\Nexus_MASTER\scripts\intelligence\build_runtime_entity_cache.js","18","  total_entities: index.entities.length,"
"C:\Dev\Nexus_MASTER\scripts\intelligence\build_runtime_entity_cache.js","20","  entities: index.entities.map(e => ({"
"C:\Dev\Nexus_MASTER\scripts\intelligence\build_runtime_entity_cache.js","25","    confidence_score: e.confidence_score,"
"C:\Dev\Nexus_MASTER\scripts\intelligence\build_runtime_entity_cache.js","26","    final_score: scoreMap.get(e.entity_id) || 0,"
"C:\Dev\Nexus_MASTER\scripts\intelligence\build_runtime_entity_cache.js","32","fs.writeFileSync(OUT, JSON.stringify(cache, null, 2));"
"C:\Dev\Nexus_MASTER\scripts\intelligence\build_runtime_entity_cache.js","34","console.log(""[RUNTIME ENTITY CACHE] COMPLETE"", cache.total_entities);"
"C:\Dev\Nexus_MASTER\scripts\intelligence\build_runtime_handoff_manifest.js","9","  rule: ""Runtime may consume only validated normalized outputs, not raw source files."","
"C:\Dev\Nexus_MASTER\scripts\intelligence\build_runtime_handoff_manifest.js","10","  handoff_outputs: ["
"C:\Dev\Nexus_MASTER\scripts\intelligence\build_runtime_handoff_manifest.js","12","      name: ""unified_normalized_output"","
"C:\Dev\Nexus_MASTER\scripts\intelligence\build_runtime_handoff_manifest.js","13","      path: ""public/data/intelligence/outputs/unified_normalized_output_shell.json"","
"C:\Dev\Nexus_MASTER\scripts\intelligence\build_runtime_handoff_manifest.js","33","    ""dossier_engine"","
"C:\Dev\Nexus_MASTER\scripts\intelligence\build_runtime_handoff_manifest.js","37","    ""audit_engine"""
"C:\Dev\Nexus_MASTER\scripts\intelligence\build_runtime_handoff_manifest.js","42","fs.writeFileSync(OUT, JSON.stringify(manifest, null, 2));"
"C:\Dev\Nexus_MASTER\scripts\intelligence\build_runtime_handoff_manifest.js","44","console.log(""[RUNTIME HANDOFF MANIFEST] COMPLETE"", manifest.handoff_outputs.length);"
"C:\Dev\Nexus_MASTER\scripts\intelligence\build_runtime_manifest_registry.js","20","    cross_layer_fusion_allowed: true,"
"C:\Dev\Nexus_MASTER\scripts\intelligence\build_runtime_manifest_registry.js","21","    audit_logging_required: true"
"C:\Dev\Nexus_MASTER\scripts\intelligence\build_runtime_manifest_registry.js","26","    supports_dossiers: true,"
"C:\Dev\Nexus_MASTER\scripts\intelligence\build_runtime_manifest_registry.js","33","fs.writeFileSync(OUT, JSON.stringify(registry, null, 2));"
"C:\Dev\Nexus_MASTER\scripts\intelligence\build_schema_integrity_audit.js","4","const OUT = ""public/data/intelligence/audit/schema_integrity_audit.json"";"
"C:\Dev\Nexus_MASTER\scripts\intelligence\build_schema_integrity_audit.js","9","  ""public/data/intelligence/evidence/dossier_field_schema.registry.json"","
"C:\Dev\Nexus_MASTER\scripts\intelligence\build_schema_integrity_audit.js","15","const audit = {"
"C:\Dev\Nexus_MASTER\scripts\intelligence\build_schema_integrity_audit.js","16","  version: ""nexus_schema_integrity_audit_v1"","
"C:\Dev\Nexus_MASTER\scripts\intelligence\build_schema_integrity_audit.js","25","fs.writeFileSync(OUT, JSON.stringify(audit, null, 2));"
"C:\Dev\Nexus_MASTER\scripts\intelligence\build_schema_integrity_audit.js","26","console.log(""[SCHEMA INTEGRITY AUDIT]"", audit.status, audit.missing_files);"
"C:\Dev\Nexus_MASTER\scripts\intelligence\build_scoring_component_schema_registry.js","9","  rule: ""Every score component must be explainable, weighted, layer-bound, and evidence-backed."","
"C:\Dev\Nexus_MASTER\scripts\intelligence\build_scoring_component_schema_registry.js","14","    ""component_score"","
"C:\Dev\Nexus_MASTER\scripts\intelligence\build_scoring_component_schema_registry.js","16","    ""weighted_score"","
"C:\Dev\Nexus_MASTER\scripts\intelligence\build_scoring_component_schema_registry.js","19","    ""confidence_score"","
"C:\Dev\Nexus_MASTER\scripts\intelligence\build_scoring_component_schema_registry.js","22","  score_bounds: {"
"C:\Dev\Nexus_MASTER\scripts\intelligence\build_scoring_component_schema_registry.js","27","    ""score_without_evidence"","
"C:\Dev\Nexus_MASTER\scripts\intelligence\build_scoring_component_schema_registry.js","28","    ""score_out_of_bounds"","
"C:\Dev\Nexus_MASTER\scripts\intelligence\build_scoring_component_schema_registry.js","36","fs.writeFileSync(OUT, JSON.stringify(registry, null, 2));"
"C:\Dev\Nexus_MASTER\scripts\intelligence\build_scoring_orchestration_registry.js","12","    cross_layer_fusion_enabled: true,"
"C:\Dev\Nexus_MASTER\scripts\intelligence\build_scoring_orchestration_registry.js","33","fs.writeFileSync(OUT, JSON.stringify(registry, null, 2));"
"C:\Dev\Nexus_MASTER\scripts\intelligence\build_scoring_validation_engine.js","13","    bounded_score_required: true"
"C:\Dev\Nexus_MASTER\scripts\intelligence\build_scoring_validation_engine.js","19","    ""SCORE_BOUNDS_VALID"","
"C:\Dev\Nexus_MASTER\scripts\intelligence\build_scoring_validation_engine.js","21","    ""WEIGHTED_SCORE_VALID"","
"C:\Dev\Nexus_MASTER\scripts\intelligence\build_scoring_validation_engine.js","27","    ""score_without_reason"","
"C:\Dev\Nexus_MASTER\scripts\intelligence\build_scoring_validation_engine.js","28","    ""score_without_source_trace"","
"C:\Dev\Nexus_MASTER\scripts\intelligence\build_scoring_validation_engine.js","29","    ""score_out_of_bounds"","
"C:\Dev\Nexus_MASTER\scripts\intelligence\build_scoring_validation_engine.js","36","fs.writeFileSync(OUT, JSON.stringify(registry, null, 2));"
"C:\Dev\Nexus_MASTER\scripts\intelligence\build_signal_schema_registry.js","9","  rule: ""Every normalized signal must be layer-bound, evidence-backed, confidence-scored, and operationally typed."","
"C:\Dev\Nexus_MASTER\scripts\intelligence\build_signal_schema_registry.js","18","    ""confidence_score"","
"C:\Dev\Nexus_MASTER\scripts\intelligence\build_signal_schema_registry.js","19","    ""freshness_score"","
"C:\Dev\Nexus_MASTER\scripts\intelligence\build_signal_schema_registry.js","37","    ""unscored_signal"","
"C:\Dev\Nexus_MASTER\scripts\intelligence\build_signal_schema_registry.js","43","fs.writeFileSync(OUT, JSON.stringify(registry, null, 2));"
"C:\Dev\Nexus_MASTER\scripts\intelligence\build_signal_validation_engine.js","12","    freshness_score_required: true,"
"C:\Dev\Nexus_MASTER\scripts\intelligence\build_signal_validation_engine.js","30","    ""invalid_confidence_score"""
"C:\Dev\Nexus_MASTER\scripts\intelligence\build_signal_validation_engine.js","35","fs.writeFileSync(OUT, JSON.stringify(registry, null, 2));"
"C:\Dev\Nexus_MASTER\scripts\intelligence\build_source_authority_registry.js","22","    audit_logging_required: true"
"C:\Dev\Nexus_MASTER\scripts\intelligence\build_source_authority_registry.js","41","fs.writeFileSync(OUT, JSON.stringify(registry, null, 2));"
"C:\Dev\Nexus_MASTER\scripts\intelligence\build_source_coverage_audit.js","4","const OUT = ""public/data/intelligence/audit/source_coverage_audit.json"";"
"C:\Dev\Nexus_MASTER\scripts\intelligence\build_source_coverage_audit.js","7","  ""public/data/intelligence/sources/layer_source_catalog_index.json"","
"C:\Dev\Nexus_MASTER\scripts\intelligence\build_source_coverage_audit.js","15","const audit = {"
"C:\Dev\Nexus_MASTER\scripts\intelligence\build_source_coverage_audit.js","16","  version: ""nexus_source_coverage_audit_v1"","
"C:\Dev\Nexus_MASTER\scripts\intelligence\build_source_coverage_audit.js","25","fs.writeFileSync(OUT, JSON.stringify(audit, null, 2));"
"C:\Dev\Nexus_MASTER\scripts\intelligence\build_source_coverage_audit.js","27","console.log(""[SOURCE COVERAGE AUDIT]"", audit.status, audit.missing_files);"
"C:\Dev\Nexus_MASTER\scripts\intelligence\build_source_gap_analysis.js","7","const matrix = JSON.parse(fs.readFileSync(MATRIX, ""utf8""));"
"C:\Dev\Nexus_MASTER\scripts\intelligence\build_source_gap_analysis.js","38","fs.writeFileSync(OUT, JSON.stringify(output, null, 2));"
"C:\Dev\Nexus_MASTER\scripts\intelligence\build_source_refresh_execution_engine.js","8","const queue = JSON.parse(fs.readFileSync(QUEUE, ""utf8""));"
"C:\Dev\Nexus_MASTER\scripts\intelligence\build_source_refresh_execution_engine.js","9","const health = JSON.parse(fs.readFileSync(HEALTH, ""utf8""));"
"C:\Dev\Nexus_MASTER\scripts\intelligence\build_source_refresh_execution_engine.js","22","    output_path: `public/data/intelligence/outputs/${job.layer_id}.normalized.json`"
"C:\Dev\Nexus_MASTER\scripts\intelligence\build_source_refresh_execution_engine.js","37","fs.writeFileSync(OUT, JSON.stringify(engine, null, 2));"
"C:\Dev\Nexus_MASTER\scripts\intelligence\build_source_validation_engine.js","24","    ""AUDIT_LOGGED"""
"C:\Dev\Nexus_MASTER\scripts\intelligence\build_source_validation_engine.js","27","    minimum_authority_score: 0.7,"
"C:\Dev\Nexus_MASTER\scripts\intelligence\build_source_validation_engine.js","28","    minimum_confidence_score: 0.75,"
"C:\Dev\Nexus_MASTER\scripts\intelligence\build_source_validation_engine.js","29","    minimum_freshness_score: 0.6"
"C:\Dev\Nexus_MASTER\scripts\intelligence\build_source_validation_engine.js","34","fs.writeFileSync(OUT, JSON.stringify(registry, null, 2));"
"C:\Dev\Nexus_MASTER\scripts\intelligence\build_temporal_signal_registry.js","32","  temporal_outputs: ["
"C:\Dev\Nexus_MASTER\scripts\intelligence\build_temporal_signal_registry.js","33","    ""urgency_score"","
"C:\Dev\Nexus_MASTER\scripts\intelligence\build_temporal_signal_registry.js","34","    ""purchase_timing_score"","
"C:\Dev\Nexus_MASTER\scripts\intelligence\build_temporal_signal_registry.js","41","fs.writeFileSync(OUT, JSON.stringify(registry, null, 2));"
"C:\Dev\Nexus_MASTER\scripts\intelligence\build_unified_adapter_orchestration.js","33","fs.writeFileSync(OUT, JSON.stringify(registry, null, 2));"
"C:\Dev\Nexus_MASTER\scripts\intelligence\build_unified_dossier_synthesis_engine.js","4","const FUSION = ""public/data/intelligence/outputs/unified_entity_fusion_output.json"";"
"C:\Dev\Nexus_MASTER\scripts\intelligence\build_unified_dossier_synthesis_engine.js","5","const INDEX = ""public/data/intelligence/outputs/unified_entity_intelligence_index.json"";"
"C:\Dev\Nexus_MASTER\scripts\intelligence\build_unified_dossier_synthesis_engine.js","6","const SCORES = ""public/data/intelligence/outputs/unified_score_aggregation.json"";"
"C:\Dev\Nexus_MASTER\scripts\intelligence\build_unified_dossier_synthesis_engine.js","7","const OUT = ""public/data/intelligence/outputs/unified_dossier_synthesis.json"";"
"C:\Dev\Nexus_MASTER\scripts\intelligence\build_unified_dossier_synthesis_engine.js","9","const fusion = JSON.parse(fs.readFileSync(FUSION, ""utf8""));"
"C:\Dev\Nexus_MASTER\scripts\intelligence\build_unified_dossier_synthesis_engine.js","10","const index = JSON.parse(fs.readFileSync(INDEX, ""utf8""));"
"C:\Dev\Nexus_MASTER\scripts\intelligence\build_unified_dossier_synthesis_engine.js","11","const scores = JSON.parse(fs.readFileSync(SCORES, ""utf8""));"
"C:\Dev\Nexus_MASTER\scripts\intelligence\build_unified_dossier_synthesis_engine.js","13","const scoreMap = new Map("
"C:\Dev\Nexus_MASTER\scripts\intelligence\build_unified_dossier_synthesis_engine.js","14","  scores.scores.map(s => [s.entity_id, s])"
"C:\Dev\Nexus_MASTER\scripts\intelligence\build_unified_dossier_synthesis_engine.js","17","const dossiers = index.entities.map(e => {"
"C:\Dev\Nexus_MASTER\scripts\intelligence\build_unified_dossier_synthesis_engine.js","20","    (fusion.dossier_fields || []).filter(f => f.entity_id === e.entity_id);"
"C:\Dev\Nexus_MASTER\scripts\intelligence\build_unified_dossier_synthesis_engine.js","26","    final_score: scoreMap.get(e.entity_id)?.final_score || 0,"
"C:\Dev\Nexus_MASTER\scripts\intelligence\build_unified_dossier_synthesis_engine.js","34","  version: ""nexus_unified_dossier_synthesis_v1"","
"C:\Dev\Nexus_MASTER\scripts\intelligence\build_unified_dossier_synthesis_engine.js","36","  total_dossiers: dossiers.length,"
"C:\Dev\Nexus_MASTER\scripts\intelligence\build_unified_dossier_synthesis_engine.js","37","  dossiers"
"C:\Dev\Nexus_MASTER\scripts\intelligence\build_unified_dossier_synthesis_engine.js","41","fs.writeFileSync(OUT, JSON.stringify(output, null, 2));"
"C:\Dev\Nexus_MASTER\scripts\intelligence\build_unified_dossier_synthesis_engine.js","43","console.log(""[DOSSIER SYNTHESIS] COMPLETE"", output.total_dossiers);"
"C:\Dev\Nexus_MASTER\scripts\intelligence\build_unified_entity_fusion_engine.js","5","const OUT = ""public/data/intelligence/outputs/unified_entity_fusion_output.json"";"
"C:\Dev\Nexus_MASTER\scripts\intelligence\build_unified_entity_fusion_engine.js","7","const manifest = JSON.parse(fs.readFileSync(MANIFEST, ""utf8""));"
"C:\Dev\Nexus_MASTER\scripts\intelligence\build_unified_entity_fusion_engine.js","10","  version: ""nexus_unified_entity_fusion_output_v1"","
"C:\Dev\Nexus_MASTER\scripts\intelligence\build_unified_entity_fusion_engine.js","12","  status: ""SHELL_ONLY_LIVE_LAYER_OUTPUTS_PENDING"","
"C:\Dev\Nexus_MASTER\scripts\intelligence\build_unified_entity_fusion_engine.js","13","  layer_count: manifest.outputs.length,"
"C:\Dev\Nexus_MASTER\scripts\intelligence\build_unified_entity_fusion_engine.js","17","  score_components: [],"
"C:\Dev\Nexus_MASTER\scripts\intelligence\build_unified_entity_fusion_engine.js","18","  dossier_fields: [],"
"C:\Dev\Nexus_MASTER\scripts\intelligence\build_unified_entity_fusion_engine.js","19","  fusion_summary: {"
"C:\Dev\Nexus_MASTER\scripts\intelligence\build_unified_entity_fusion_engine.js","23","    score_components_fused: 0,"
"C:\Dev\Nexus_MASTER\scripts\intelligence\build_unified_entity_fusion_engine.js","24","    dossier_fields_fused: 0"
"C:\Dev\Nexus_MASTER\scripts\intelligence\build_unified_entity_fusion_engine.js","28","for (const layer of manifest.outputs || []) {"
"C:\Dev\Nexus_MASTER\scripts\intelligence\build_unified_entity_fusion_engine.js","30","  const d = JSON.parse(fs.readFileSync(layer.output_path, ""utf8""));"
"C:\Dev\Nexus_MASTER\scripts\intelligence\build_unified_entity_fusion_engine.js","35","  fused.score_components.push(...(d.score_components || []));"
"C:\Dev\Nexus_MASTER\scripts\intelligence\build_unified_entity_fusion_engine.js","36","  fused.dossier_fields.push(...(d.dossier_fields || []));"
"C:\Dev\Nexus_MASTER\scripts\intelligence\build_unified_entity_fusion_engine.js","39","fused.fusion_summary.entities_fused = fused.entities.length;"
"C:\Dev\Nexus_MASTER\scripts\intelligence\build_unified_entity_fusion_engine.js","40","fused.fusion_summary.evidence_fused = fused.evidence.length;"
"C:\Dev\Nexus_MASTER\scripts\intelligence\build_unified_entity_fusion_engine.js","41","fused.fusion_summary.signals_fused = fused.signals.length;"
"C:\Dev\Nexus_MASTER\scripts\intelligence\build_unified_entity_fusion_engine.js","42","fused.fusion_summary.score_components_fused = fused.score_components.length;"
"C:\Dev\Nexus_MASTER\scripts\intelligence\build_unified_entity_fusion_engine.js","43","fused.fusion_summary.dossier_fields_fused = fused.dossier_fields.length;"
"C:\Dev\Nexus_MASTER\scripts\intelligence\build_unified_entity_fusion_engine.js","46","fs.writeFileSync(OUT, JSON.stringify(fused, null, 2));"
"C:\Dev\Nexus_MASTER\scripts\intelligence\build_unified_entity_fusion_engine.js","48","console.log(""[UNIFIED ENTITY FUSION] COMPLETE"", JSON.stringify(fused.fusion_summary));"
"C:\Dev\Nexus_MASTER\scripts\intelligence\build_unified_entity_intelligence_index.js","4","const DEDUPE = ""public/data/intelligence/outputs/entity_deduplication_output.json"";"
"C:\Dev\Nexus_MASTER\scripts\intelligence\build_unified_entity_intelligence_index.js","5","const FUSION = ""public/data/intelligence/outputs/unified_entity_fusion_output.json"";"
"C:\Dev\Nexus_MASTER\scripts\intelligence\build_unified_entity_intelligence_index.js","6","const OUT = ""public/data/intelligence/outputs/unified_entity_intelligence_index.json"";"
"C:\Dev\Nexus_MASTER\scripts\intelligence\build_unified_entity_intelligence_index.js","8","const dedupe = JSON.parse(fs.readFileSync(DEDUPE, ""utf8""));"
"C:\Dev\Nexus_MASTER\scripts\intelligence\build_unified_entity_intelligence_index.js","9","const fusion = JSON.parse(fs.readFileSync(FUSION, ""utf8""));"
"C:\Dev\Nexus_MASTER\scripts\intelligence\build_unified_entity_intelligence_index.js","11","const index = dedupe.entities.map(e => {"
"C:\Dev\Nexus_MASTER\scripts\intelligence\build_unified_entity_intelligence_index.js","23","      (fusion.evidence || []).filter(x => x.entity_id === entity_id).length,"
"C:\Dev\Nexus_MASTER\scripts\intelligence\build_unified_entity_intelligence_index.js","26","      (fusion.signals || []).filter(x => x.entity_id === entity_id).length,"
"C:\Dev\Nexus_MASTER\scripts\intelligence\build_unified_entity_intelligence_index.js","28","    score_component_count:"
"C:\Dev\Nexus_MASTER\scripts\intelligence\build_unified_entity_intelligence_index.js","29","      (fusion.score_components || []).filter(x => x.entity_id === entity_id).length,"
"C:\Dev\Nexus_MASTER\scripts\intelligence\build_unified_entity_intelligence_index.js","31","    dossier_field_count:"
"C:\Dev\Nexus_MASTER\scripts\intelligence\build_unified_entity_intelligence_index.js","32","      (fusion.dossier_fields || []).filter(x => x.entity_id === entity_id).length,"
"C:\Dev\Nexus_MASTER\scripts\intelligence\build_unified_entity_intelligence_index.js","34","    confidence_score: e.confidence_score,"
"C:\Dev\Nexus_MASTER\scripts\intelligence\build_unified_entity_intelligence_index.js","40","  version: ""nexus_unified_entity_intelligence_index_v1"","
"C:\Dev\Nexus_MASTER\scripts\intelligence\build_unified_entity_intelligence_index.js","42","  total_entities: index.length,"
"C:\Dev\Nexus_MASTER\scripts\intelligence\build_unified_entity_intelligence_index.js","43","  entities: index"
"C:\Dev\Nexus_MASTER\scripts\intelligence\build_unified_entity_intelligence_index.js","47","fs.writeFileSync(OUT, JSON.stringify(output, null, 2));"
"C:\Dev\Nexus_MASTER\scripts\intelligence\build_unified_entity_intelligence_index.js","49","console.log(""[ENTITY INDEX] COMPLETE"", output.total_entities);"
"C:\Dev\Nexus_MASTER\scripts\intelligence\build_unified_evidence_ingestion_engine.js","9","  rule: ""Evidence ingestion accepts only parser outputs matching the Nexus evidence schema and linked to stable entities."","
"C:\Dev\Nexus_MASTER\scripts\intelligence\build_unified_evidence_ingestion_engine.js","16","    ""BUILD_SCORE_COMPONENT"","
"C:\Dev\Nexus_MASTER\scripts\intelligence\build_unified_evidence_ingestion_engine.js","17","    ""BUILD_DOSSIER_FIELD"","
"C:\Dev\Nexus_MASTER\scripts\intelligence\build_unified_evidence_ingestion_engine.js","20","    ""UPDATE_UNIFIED_FUSION"""
"C:\Dev\Nexus_MASTER\scripts\intelligence\build_unified_evidence_ingestion_engine.js","26","    ""dossier_field_schema.registry.json"","
"C:\Dev\Nexus_MASTER\scripts\intelligence\build_unified_evidence_ingestion_engine.js","29","  output_root: ""public/data/intelligence/outputs"","
"C:\Dev\Nexus_MASTER\scripts\intelligence\build_unified_evidence_ingestion_engine.js","34","fs.writeFileSync(OUT, JSON.stringify(engine, null, 2));"
"C:\Dev\Nexus_MASTER\scripts\intelligence\build_unified_normalized_output_shell.js","4","const OUT_DIR = ""public/data/intelligence/outputs"";"
"C:\Dev\Nexus_MASTER\scripts\intelligence\build_unified_normalized_output_shell.js","6","const OUT = ""public/data/intelligence/outputs/unified_normalized_output_shell.json"";"
"C:\Dev\Nexus_MASTER\scripts\intelligence\build_unified_normalized_output_shell.js","8","const manifest = JSON.parse(fs.readFileSync(MANIFEST, ""utf8""));"
"C:\Dev\Nexus_MASTER\scripts\intelligence\build_unified_normalized_output_shell.js","12","for (const layer of manifest.outputs || []) {"
"C:\Dev\Nexus_MASTER\scripts\intelligence\build_unified_normalized_output_shell.js","14","    version: ""nexus_layer_normalized_output_shell_v1"","
"C:\Dev\Nexus_MASTER\scripts\intelligence\build_unified_normalized_output_shell.js","21","    score_components: [],"
"C:\Dev\Nexus_MASTER\scripts\intelligence\build_unified_normalized_output_shell.js","22","    dossier_fields: []"
"C:\Dev\Nexus_MASTER\scripts\intelligence\build_unified_normalized_output_shell.js","25","  fs.writeFileSync(layer.output_path, JSON.stringify(shell, null, 2));"
"C:\Dev\Nexus_MASTER\scripts\intelligence\build_unified_normalized_output_shell.js","29","  version: ""nexus_unified_normalized_output_shell_v1"","
"C:\Dev\Nexus_MASTER\scripts\intelligence\build_unified_normalized_output_shell.js","32","  layer_count: manifest.outputs.length,"
"C:\Dev\Nexus_MASTER\scripts\intelligence\build_unified_normalized_output_shell.js","36","  score_components: [],"
"C:\Dev\Nexus_MASTER\scripts\intelligence\build_unified_normalized_output_shell.js","37","  dossier_fields: []"
"C:\Dev\Nexus_MASTER\scripts\intelligence\build_unified_normalized_output_shell.js","40","fs.writeFileSync(OUT, JSON.stringify(unified, null, 2));"
"C:\Dev\Nexus_MASTER\scripts\intelligence\build_unified_normalized_output_shell.js","42","console.log(""[UNIFIED NORMALIZED SHELL] COMPLETE"", unified.layer_count);"
"C:\Dev\Nexus_MASTER\scripts\intelligence\build_unified_score_aggregation_engine.js","4","const FUSION = ""public/data/intelligence/outputs/unified_entity_fusion_output.json"";"
"C:\Dev\Nexus_MASTER\scripts\intelligence\build_unified_score_aggregation_engine.js","5","const INDEX = ""public/data/intelligence/outputs/unified_entity_intelligence_index.json"";"
"C:\Dev\Nexus_MASTER\scripts\intelligence\build_unified_score_aggregation_engine.js","6","const OUT = ""public/data/intelligence/outputs/unified_score_aggregation.json"";"
"C:\Dev\Nexus_MASTER\scripts\intelligence\build_unified_score_aggregation_engine.js","8","const fusion = JSON.parse(fs.readFileSync(FUSION, ""utf8""));"
"C:\Dev\Nexus_MASTER\scripts\intelligence\build_unified_score_aggregation_engine.js","9","const index = JSON.parse(fs.readFileSync(INDEX, ""utf8""));"
"C:\Dev\Nexus_MASTER\scripts\intelligence\build_unified_score_aggregation_engine.js","11","const scores = index.entities.map(e => {"
"C:\Dev\Nexus_MASTER\scripts\intelligence\build_unified_score_aggregation_engine.js","14","    (fusion.score_components || []).filter(c => c.entity_id === e.entity_id);"
"C:\Dev\Nexus_MASTER\scripts\intelligence\build_unified_score_aggregation_engine.js","20","    comps.reduce((s, c) => s + Number(c.weighted_score || 0), 0);"
"C:\Dev\Nexus_MASTER\scripts\intelligence\build_unified_score_aggregation_engine.js","22","  const final_score ="
"C:\Dev\Nexus_MASTER\scripts\intelligence\build_unified_score_aggregation_engine.js","34","    final_score,"
"C:\Dev\Nexus_MASTER\scripts\intelligence\build_unified_score_aggregation_engine.js","40","  version: ""nexus_unified_score_aggregation_v1"","
"C:\Dev\Nexus_MASTER\scripts\intelligence\build_unified_score_aggregation_engine.js","42","  total_scored_entities: scores.length,"
"C:\Dev\Nexus_MASTER\scripts\intelligence\build_unified_score_aggregation_engine.js","43","  scores"
"C:\Dev\Nexus_MASTER\scripts\intelligence\build_unified_score_aggregation_engine.js","47","fs.writeFileSync(OUT, JSON.stringify(output, null, 2));"
"C:\Dev\Nexus_MASTER\scripts\intelligence\build_unified_score_aggregation_engine.js","49","console.log(""[SCORE AGGREGATION] COMPLETE"", output.total_scored_entities);"
"C:\Dev\Nexus_MASTER\scripts\intelligence\build_updated_intelligence_priority_queue.js","7","const gap = JSON.parse(fs.readFileSync(GAP, ""utf8""));"
"C:\Dev\Nexus_MASTER\scripts\intelligence\build_updated_intelligence_priority_queue.js","30","fs.writeFileSync(OUT, JSON.stringify(output, null, 2));"
"C:\Dev\Nexus_MASTER\scripts\intelligence\build_updated_national_source_coverage_matrix.js","7","const status = JSON.parse(fs.readFileSync(STATUS, ""utf8""));"
"C:\Dev\Nexus_MASTER\scripts\intelligence\build_updated_national_source_coverage_matrix.js","40","fs.writeFileSync(OUT, JSON.stringify(matrix, null, 2));"
"C:\Dev\Nexus_MASTER\scripts\intelligence\build_updated_source_gap_analysis.js","7","const matrix = JSON.parse(fs.readFileSync(MATRIX, ""utf8""));"
"C:\Dev\Nexus_MASTER\scripts\intelligence\build_updated_source_gap_analysis.js","31","fs.writeFileSync(OUT, JSON.stringify(output, null, 2));"
"C:\Dev\Nexus_MASTER\scripts\intelligence\build_validation_integrity_audit.js","4","const OUT = ""public/data/intelligence/audit/validation_integrity_audit.json"";"
"C:\Dev\Nexus_MASTER\scripts\intelligence\build_validation_integrity_audit.js","9","  ""public/data/intelligence/runtime/dossier_validation_engine.registry.json"","
"C:\Dev\Nexus_MASTER\scripts\intelligence\build_validation_integrity_audit.js","15","const audit = {"
"C:\Dev\Nexus_MASTER\scripts\intelligence\build_validation_integrity_audit.js","16","  version: ""nexus_validation_integrity_audit_v1"","
"C:\Dev\Nexus_MASTER\scripts\intelligence\build_validation_integrity_audit.js","25","fs.writeFileSync(OUT, JSON.stringify(audit, null, 2));"
"C:\Dev\Nexus_MASTER\scripts\intelligence\build_validation_integrity_audit.js","26","console.log(""[VALIDATION INTEGRITY AUDIT]"", audit.status, audit.missing_files);"
"C:\Dev\Nexus_MASTER\scripts\intelligence\connect_L03_local_agencies.js","5","const OUT = ""public/data/intelligence/outputs/L03_LOCAL_AGENCY_INTELLIGENCE.normalized.json"";"
"C:\Dev\Nexus_MASTER\scripts\intelligence\connect_L03_local_agencies.js","7","const data = fs.existsSync(IN) ? JSON.parse(fs.readFileSync(IN, ""utf8"")) : { targets: [] };"
"C:\Dev\Nexus_MASTER\scripts\intelligence\connect_L03_local_agencies.js","12","const score_components = [];"
"C:\Dev\Nexus_MASTER\scripts\intelligence\connect_L03_local_agencies.js","13","const dossier_fields = [];"
"C:\Dev\Nexus_MASTER\scripts\intelligence\connect_L03_local_agencies.js","27","    confidence_score: 0.9,"
"C:\Dev\Nexus_MASTER\scripts\intelligence\connect_L03_local_agencies.js","37","    normalized_at: new Date().toISOString(),"
"C:\Dev\Nexus_MASTER\scripts\intelligence\connect_L03_local_agencies.js","41","    confidence_score: 0.9,"
"C:\Dev\Nexus_MASTER\scripts\intelligence\connect_L03_local_agencies.js","42","    freshness_score: 0.85,"
"C:\Dev\Nexus_MASTER\scripts\intelligence\connect_L03_local_agencies.js","43","    authority_score: 0.85,"
"C:\Dev\Nexus_MASTER\scripts\intelligence\connect_L03_local_agencies.js","46","    normalized_value: {"
"C:\Dev\Nexus_MASTER\scripts\intelligence\connect_L03_local_agencies.js","63","    confidence_score: 0.9,"
"C:\Dev\Nexus_MASTER\scripts\intelligence\connect_L03_local_agencies.js","64","    freshness_score: 0.85,"
"C:\Dev\Nexus_MASTER\scripts\intelligence\connect_L03_local_agencies.js","68","  score_components.push({"
"C:\Dev\Nexus_MASTER\scripts\intelligence\connect_L03_local_agencies.js","71","    component_name: ""agency_intelligence_confidence_score"","
"C:\Dev\Nexus_MASTER\scripts\intelligence\connect_L03_local_agencies.js","72","    component_score: 88,"
"C:\Dev\Nexus_MASTER\scripts\intelligence\connect_L03_local_agencies.js","74","    weighted_score: 79.2,"
"C:\Dev\Nexus_MASTER\scripts\intelligence\connect_L03_local_agencies.js","77","    confidence_score: 0.9,"
"C:\Dev\Nexus_MASTER\scripts\intelligence\connect_L03_local_agencies.js","81","  dossier_fields.push({"
"C:\Dev\Nexus_MASTER\scripts\intelligence\connect_L03_local_agencies.js","92","    confidence_score: 0.9,"
"C:\Dev\Nexus_MASTER\scripts\intelligence\connect_L03_local_agencies.js","93","    freshness_score: 0.85,"
"C:\Dev\Nexus_MASTER\scripts\intelligence\connect_L03_local_agencies.js","107","  score_components,"
"C:\Dev\Nexus_MASTER\scripts\intelligence\connect_L03_local_agencies.js","108","  dossier_fields"
"C:\Dev\Nexus_MASTER\scripts\intelligence\connect_L03_local_agencies.js","112","fs.writeFileSync(OUT, JSON.stringify(out, null, 2));"
"C:\Dev\Nexus_MASTER\scripts\intelligence\connect_L10_manual_verified_contacts.js","4","const OUT = ""public/data/intelligence/outputs/L10_COMMUNICATION_INTELLIGENCE.normalized.json"";"
"C:\Dev\Nexus_MASTER\scripts\intelligence\connect_L10_manual_verified_contacts.js","13","  return JSON.parse(fs.readFileSync(p, ""utf8""));"
"C:\Dev\Nexus_MASTER\scripts\intelligence\connect_L10_manual_verified_contacts.js","19","const score_components = [];"
"C:\Dev\Nexus_MASTER\scripts\intelligence\connect_L10_manual_verified_contacts.js","20","const dossier_fields = [];"
"C:\Dev\Nexus_MASTER\scripts\intelligence\connect_L10_manual_verified_contacts.js","37","      confidence_score: 0.95,"
"C:\Dev\Nexus_MASTER\scripts\intelligence\connect_L10_manual_verified_contacts.js","47","      normalized_at: new Date().toISOString(),"
"C:\Dev\Nexus_MASTER\scripts\intelligence\connect_L10_manual_verified_contacts.js","51","      confidence_score: 0.95,"
"C:\Dev\Nexus_MASTER\scripts\intelligence\connect_L10_manual_verified_contacts.js","52","      freshness_score: 0.85,"
"C:\Dev\Nexus_MASTER\scripts\intelligence\connect_L10_manual_verified_contacts.js","53","      authority_score: 0.9,"
"C:\Dev\Nexus_MASTER\scripts\intelligence\connect_L10_manual_verified_contacts.js","56","      normalized_value: {"
"C:\Dev\Nexus_MASTER\scripts\intelligence\connect_L10_manual_verified_contacts.js","73","      confidence_score: 0.95,"
"C:\Dev\Nexus_MASTER\scripts\intelligence\connect_L10_manual_verified_contacts.js","74","      freshness_score: 0.85,"
"C:\Dev\Nexus_MASTER\scripts\intelligence\connect_L10_manual_verified_contacts.js","78","    score_components.push({"
"C:\Dev\Nexus_MASTER\scripts\intelligence\connect_L10_manual_verified_contacts.js","81","      component_name: ""outreach_readiness_score"","
"C:\Dev\Nexus_MASTER\scripts\intelligence\connect_L10_manual_verified_contacts.js","82","      component_score: 90,"
"C:\Dev\Nexus_MASTER\scripts\intelligence\connect_L10_manual_verified_contacts.js","84","      weighted_score: 67.5,"
"C:\Dev\Nexus_MASTER\scripts\intelligence\connect_L10_manual_verified_contacts.js","87","      confidence_score: 0.95,"
"C:\Dev\Nexus_MASTER\scripts\intelligence\connect_L10_manual_verified_contacts.js","91","    dossier_fields.push({"
"C:\Dev\Nexus_MASTER\scripts\intelligence\connect_L10_manual_verified_contacts.js","102","      confidence_score: 0.95,"
"C:\Dev\Nexus_MASTER\scripts\intelligence\connect_L10_manual_verified_contacts.js","103","      freshness_score: 0.85,"
"C:\Dev\Nexus_MASTER\scripts\intelligence\connect_L10_manual_verified_contacts.js","118","  score_components,"
"C:\Dev\Nexus_MASTER\scripts\intelligence\connect_L10_manual_verified_contacts.js","119","  dossier_fields"
"C:\Dev\Nexus_MASTER\scripts\intelligence\connect_L10_manual_verified_contacts.js","123","fs.writeFileSync(OUT, JSON.stringify(out, null, 2));"
"C:\Dev\Nexus_MASTER\scripts\intelligence\connect_L12_outreach_execution.js","5","const OUT = ""public/data/intelligence/outputs/L12_ENGAGEMENT_RESPONSE.normalized.json"";"
"C:\Dev\Nexus_MASTER\scripts\intelligence\connect_L12_outreach_execution.js","7","const data = fs.existsSync(IN) ? JSON.parse(fs.readFileSync(IN, ""utf8"")) : { targets: [] };"
"C:\Dev\Nexus_MASTER\scripts\intelligence\connect_L12_outreach_execution.js","12","const score_components = [];"
"C:\Dev\Nexus_MASTER\scripts\intelligence\connect_L12_outreach_execution.js","13","const dossier_fields = [];"
"C:\Dev\Nexus_MASTER\scripts\intelligence\connect_L12_outreach_execution.js","23","    normalized_at: new Date().toISOString(),"
"C:\Dev\Nexus_MASTER\scripts\intelligence\connect_L12_outreach_execution.js","27","    confidence_score: 0.85,"
"C:\Dev\Nexus_MASTER\scripts\intelligence\connect_L12_outreach_execution.js","28","    freshness_score: 0.9,"
"C:\Dev\Nexus_MASTER\scripts\intelligence\connect_L12_outreach_execution.js","29","    authority_score: 0.85,"
"C:\Dev\Nexus_MASTER\scripts\intelligence\connect_L12_outreach_execution.js","32","    normalized_value: {"
"C:\Dev\Nexus_MASTER\scripts\intelligence\connect_L12_outreach_execution.js","49","    confidence_score: 0.85,"
"C:\Dev\Nexus_MASTER\scripts\intelligence\connect_L12_outreach_execution.js","50","    freshness_score: 0.9,"
"C:\Dev\Nexus_MASTER\scripts\intelligence\connect_L12_outreach_execution.js","54","  score_components.push({"
"C:\Dev\Nexus_MASTER\scripts\intelligence\connect_L12_outreach_execution.js","57","    component_name: ""follow_up_priority_score"","
"C:\Dev\Nexus_MASTER\scripts\intelligence\connect_L12_outreach_execution.js","58","    component_score: t.status === ""NEW"" ? 70 : 50,"
"C:\Dev\Nexus_MASTER\scripts\intelligence\connect_L12_outreach_execution.js","60","    weighted_score: t.status === ""NEW"" ? 52.5 : 37.5,"
"C:\Dev\Nexus_MASTER\scripts\intelligence\connect_L12_outreach_execution.js","63","    confidence_score: 0.85,"
"C:\Dev\Nexus_MASTER\scripts\intelligence\connect_L12_outreach_execution.js","67","  dossier_fields.push({"
"C:\Dev\Nexus_MASTER\scripts\intelligence\connect_L12_outreach_execution.js","78","    confidence_score: 0.85,"
"C:\Dev\Nexus_MASTER\scripts\intelligence\connect_L12_outreach_execution.js","79","    freshness_score: 0.9,"
"C:\Dev\Nexus_MASTER\scripts\intelligence\connect_L12_outreach_execution.js","93","  score_components,"
"C:\Dev\Nexus_MASTER\scripts\intelligence\connect_L12_outreach_execution.js","94","  dossier_fields"
"C:\Dev\Nexus_MASTER\scripts\intelligence\connect_L12_outreach_execution.js","98","fs.writeFileSync(OUT, JSON.stringify(out, null, 2));"
"C:\Dev\Nexus_MASTER\scripts\intelligence\normalize_black_dragon_verified_targets.js","6","const REGISTRY_PATH = path.join(ROOT, ""public/data/intelligence/outputs/normalization.registry.json"");"
"C:\Dev\Nexus_MASTER\scripts\intelligence\normalize_black_dragon_verified_targets.js","8","const OUT_PATH = path.join(ROOT, ""public/data/clients/black_dragon/normalized_intelligence_outputs.json"");"
"C:\Dev\Nexus_MASTER\scripts\intelligence\normalize_black_dragon_verified_targets.js","11","  return JSON.parse(fs.readFileSync(p, ""utf8""));"
"C:\Dev\Nexus_MASTER\scripts\intelligence\normalize_black_dragon_verified_targets.js","16","  fs.writeFileSync(p, JSON.stringify(data, null, 2));"
"C:\Dev\Nexus_MASTER\scripts\intelligence\normalize_black_dragon_verified_targets.js","37","  const score_components = [];"
"C:\Dev\Nexus_MASTER\scripts\intelligence\normalize_black_dragon_verified_targets.js","38","  const dossier_fields = [];"
"C:\Dev\Nexus_MASTER\scripts\intelligence\normalize_black_dragon_verified_targets.js","80","    score_components.push({"
"C:\Dev\Nexus_MASTER\scripts\intelligence\normalize_black_dragon_verified_targets.js","84","      component_score: 90,"
"C:\Dev\Nexus_MASTER\scripts\intelligence\normalize_black_dragon_verified_targets.js","89","    score_components.push({"
"C:\Dev\Nexus_MASTER\scripts\intelligence\normalize_black_dragon_verified_targets.js","93","      component_score: target.contact?.department ? 85 : 65,"
"C:\Dev\Nexus_MASTER\scripts\intelligence\normalize_black_dragon_verified_targets.js","98","    dossier_fields.push({"
"C:\Dev\Nexus_MASTER\scripts\intelligence\normalize_black_dragon_verified_targets.js","107","    dossier_fields.push({"
"C:\Dev\Nexus_MASTER\scripts\intelligence\normalize_black_dragon_verified_targets.js","116","    dossier_fields.push({"
"C:\Dev\Nexus_MASTER\scripts\intelligence\normalize_black_dragon_verified_targets.js","127","    version: ""black_dragon_normalized_intelligence_outputs_v1"","
"C:\Dev\Nexus_MASTER\scripts\intelligence\normalize_black_dragon_verified_targets.js","135","      score_components: score_components.length,"
"C:\Dev\Nexus_MASTER\scripts\intelligence\normalize_black_dragon_verified_targets.js","136","      dossier_fields: dossier_fields.length"
"C:\Dev\Nexus_MASTER\scripts\intelligence\normalize_black_dragon_verified_targets.js","141","    score_components,"
"C:\Dev\Nexus_MASTER\scripts\intelligence\normalize_black_dragon_verified_targets.js","142","    dossier_fields"
"C:\Dev\Nexus_MASTER\scripts\intelligence\normalize_black_dragon_verified_targets.js","151","  console.log(""[NORMALIZE] Score components:"", score_components.length);"
"C:\Dev\Nexus_MASTER\scripts\intelligence\normalize_black_dragon_verified_targets.js","152","  console.log(""[NORMALIZE] Dossier fields:"", dossier_fields.length);"
"C:\Dev\Nexus_MASTER\scripts\intelligence\rebuild_live_unified_entity_fusion.js","4","const OUT = ""public/data/intelligence/outputs/unified_entity_fusion_output.json"";"
"C:\Dev\Nexus_MASTER\scripts\intelligence\rebuild_live_unified_entity_fusion.js","6","const manifest = JSON.parse(fs.readFileSync(MANIFEST, ""utf8""));"
"C:\Dev\Nexus_MASTER\scripts\intelligence\rebuild_live_unified_entity_fusion.js","9","  version: ""nexus_unified_entity_fusion_output_v2"","
"C:\Dev\Nexus_MASTER\scripts\intelligence\rebuild_live_unified_entity_fusion.js","12","  layer_count: manifest.outputs.length,"
"C:\Dev\Nexus_MASTER\scripts\intelligence\rebuild_live_unified_entity_fusion.js","16","  score_components: [],"
"C:\Dev\Nexus_MASTER\scripts\intelligence\rebuild_live_unified_entity_fusion.js","17","  dossier_fields: []"
"C:\Dev\Nexus_MASTER\scripts\intelligence\rebuild_live_unified_entity_fusion.js","20","for (const layer of manifest.outputs || []) {"
"C:\Dev\Nexus_MASTER\scripts\intelligence\rebuild_live_unified_entity_fusion.js","22","  const d = JSON.parse(fs.readFileSync(layer.output_path, ""utf8""));"
"C:\Dev\Nexus_MASTER\scripts\intelligence\rebuild_live_unified_entity_fusion.js","26","  fused.score_components.push(...(d.score_components || []));"
"C:\Dev\Nexus_MASTER\scripts\intelligence\rebuild_live_unified_entity_fusion.js","27","  fused.dossier_fields.push(...(d.dossier_fields || []));"
"C:\Dev\Nexus_MASTER\scripts\intelligence\rebuild_live_unified_entity_fusion.js","30","fused.fusion_summary = {"
"C:\Dev\Nexus_MASTER\scripts\intelligence\rebuild_live_unified_entity_fusion.js","34","  score_components_fused: fused.score_components.length,"
"C:\Dev\Nexus_MASTER\scripts\intelligence\rebuild_live_unified_entity_fusion.js","35","  dossier_fields_fused: fused.dossier_fields.length"
"C:\Dev\Nexus_MASTER\scripts\intelligence\rebuild_live_unified_entity_fusion.js","38","fs.writeFileSync(OUT, JSON.stringify(fused, null, 2));"
"C:\Dev\Nexus_MASTER\scripts\intelligence\rebuild_live_unified_entity_fusion.js","40","console.log(""[LIVE UNIFIED FUSION REBUILD] COMPLETE"", JSON.stringify(fused.fusion_summary));"
"C:\Dev\Nexus_MASTER\scripts\intelligence\run_intelligence_master_runner.js","12","  ""node scripts/intelligence/build_full_system_intelligence_audit.js"""
"C:\Dev\Nexus_MASTER\scripts\intelligence\run_intelligence_master_runner.js","46","fs.writeFileSync(OUT, JSON.stringify(report, null, 2));"
"C:\Dev\Nexus_MASTER\scripts\black_dragon_agency_website_enrichment.js","19","  return JSON.parse(fs.readFileSync(file, ""utf8""));"
"C:\Dev\Nexus_MASTER\scripts\black_dragon_agency_website_enrichment.js","23","  fs.writeFileSync(file, JSON.stringify(data, null, 2));"
"C:\Dev\Nexus_MASTER\scripts\black_dragon_agency_website_enrichment.js","60","  const websiteIndex = new Map();"
"C:\Dev\Nexus_MASTER\scripts\black_dragon_agency_website_enrichment.js","70","    websiteIndex.set(key(agencyName, city, state), {"
"C:\Dev\Nexus_MASTER\scripts\black_dragon_agency_website_enrichment.js","85","      const match = websiteIndex.get(key(target.agency_name, target.city, target.state));"
"C:\Dev\Nexus_MASTER\scripts\black_dragon_build_city_index.js","9","  ""C:/Dev/Nexus_MASTER/public/data/clients/black_dragon/black_dragon_city_index.json"""
"C:\Dev\Nexus_MASTER\scripts\black_dragon_build_city_index.js","12","const leads = JSON.parse(fs.readFileSync(leadsFile, ""utf8""));"
"C:\Dev\Nexus_MASTER\scripts\black_dragon_build_city_index.js","47","    score: lead.umbraScore || lead.scores?.umbraScore || 0,"
"C:\Dev\Nexus_MASTER\scripts\black_dragon_build_city_index.js","65","fs.writeFileSync(outFile, JSON.stringify(output, null, 2));"
"C:\Dev\Nexus_MASTER\scripts\black_dragon_build_city_index.js","67","console.log(""Black Dragon city index built."");"
"C:\Dev\Nexus_MASTER\scripts\black_dragon_build_coverage_report.js","17","  return JSON.parse(fs.readFileSync(file, ""utf8""));"
"C:\Dev\Nexus_MASTER\scripts\black_dragon_build_coverage_report.js","21","  fs.writeFileSync(file, JSON.stringify(data, null, 2));"
"C:\Dev\Nexus_MASTER\scripts\black_dragon_build_major_city_targets.js","9","  `public/data/clients/black_dragon/source_cache/${SOURCE_ID}.validated_targets.json`"
"C:\Dev\Nexus_MASTER\scripts\black_dragon_build_major_city_targets.js","72","  return JSON.parse(fs.readFileSync(file, ""utf8""));"
"C:\Dev\Nexus_MASTER\scripts\black_dragon_build_major_city_targets.js","76","  fs.writeFileSync(file, JSON.stringify(data, null, 2));"
"C:\Dev\Nexus_MASTER\scripts\black_dragon_build_state_directory_manifest.js","11","const cacheDir = path.resolve("
"C:\Dev\Nexus_MASTER\scripts\black_dragon_build_state_directory_manifest.js","13","  ""public/data/clients/black_dragon/source_cache/state_directories"""
"C:\Dev\Nexus_MASTER\scripts\black_dragon_build_state_directory_manifest.js","16","const manifestPath = path.join(cacheDir, ""state_directory_manifest.json"");"
"C:\Dev\Nexus_MASTER\scripts\black_dragon_build_state_directory_manifest.js","19","  return JSON.parse(fs.readFileSync(file, ""utf8""));"
"C:\Dev\Nexus_MASTER\scripts\black_dragon_build_state_directory_manifest.js","23","  fs.writeFileSync(file, JSON.stringify(data, null, 2));"
"C:\Dev\Nexus_MASTER\scripts\black_dragon_build_state_directory_manifest.js","33","  fs.mkdirSync(cacheDir, { recursive: true });"
"C:\Dev\Nexus_MASTER\scripts\black_dragon_build_state_directory_manifest.js","61","      cache_status: ""not_fetched"","
"C:\Dev\Nexus_MASTER\scripts\black_dragon_build_state_directory_manifest.js","63","      cache_file: null,"
"C:\Dev\Nexus_MASTER\scripts\black_dragon_build_state_directory_manifest.js","75","  console.log(""Cache dir:"", cacheDir);"
"C:\Dev\Nexus_MASTER\scripts\black_dragon_city_coverage_report.js","17","  return JSON.parse(fs.readFileSync(file, ""utf8""));"
"C:\Dev\Nexus_MASTER\scripts\black_dragon_city_coverage_report.js","21","  fs.writeFileSync(file, JSON.stringify(data, null, 2));"
"C:\Dev\Nexus_MASTER\scripts\black_dragon_expand_targets_per_city.js","14","  `public/data/clients/black_dragon/source_cache/${SOURCE_ID}.priority_review.json`"
"C:\Dev\Nexus_MASTER\scripts\black_dragon_expand_targets_per_city.js","23","  return JSON.parse(fs.readFileSync(file, ""utf8""));"
"C:\Dev\Nexus_MASTER\scripts\black_dragon_expand_targets_per_city.js","27","  fs.writeFileSync(file, JSON.stringify(data, null, 2));"
"C:\Dev\Nexus_MASTER\scripts\black_dragon_expand_targets_per_city.js","106","      priority_score: candidate.priority_score,"
"C:\Dev\Nexus_MASTER\scripts\black_dragon_expand_targets_per_city.js","124","        || Number(b.priority_score || 0) - Number(a.priority_score || 0);"
"C:\Dev\Nexus_MASTER\scripts\black_dragon_ingest_sources.js","3","// V1: loads approved registry, creates cache manifest, does NOT fabricate leads."
"C:\Dev\Nexus_MASTER\scripts\black_dragon_ingest_sources.js","15","const cacheDir = path.resolve("
"C:\Dev\Nexus_MASTER\scripts\black_dragon_ingest_sources.js","17","  ""public/data/clients/black_dragon/source_cache"""
"C:\Dev\Nexus_MASTER\scripts\black_dragon_ingest_sources.js","20","const manifestPath = path.join(cacheDir, ""source_cache_manifest.json"");"
"C:\Dev\Nexus_MASTER\scripts\black_dragon_ingest_sources.js","23","  return JSON.parse(fs.readFileSync(file, ""utf8""));"
"C:\Dev\Nexus_MASTER\scripts\black_dragon_ingest_sources.js","27","  fs.writeFileSync(file, JSON.stringify(data, null, 2));"
"C:\Dev\Nexus_MASTER\scripts\black_dragon_ingest_sources.js","37","  fs.mkdirSync(cacheDir, { recursive: true });"
"C:\Dev\Nexus_MASTER\scripts\black_dragon_ingest_sources.js","58","      cache_status: ""not_fetched"","
"C:\Dev\Nexus_MASTER\scripts\black_dragon_ingest_sources.js","59","      cache_file: null,"
"C:\Dev\Nexus_MASTER\scripts\black_dragon_ingest_sources.js","68","  console.log(""[INGEST] Cache dir:"", cacheDir);"
"C:\Dev\Nexus_MASTER\scripts\black_dragon_merge_ca_fl_authority_targets.js","17","      ""public/data/clients/black_dragon/source_cache/state_directories/ca_post_law_enforcement_agencies.authority_targets.json"""
"C:\Dev\Nexus_MASTER\scripts\black_dragon_merge_ca_fl_authority_targets.js","25","      ""public/data/clients/black_dragon/source_cache/state_directories/fl_fdle_criminal_justice_agency_websites.authority_targets.json"""
"C:\Dev\Nexus_MASTER\scripts\black_dragon_merge_ca_fl_authority_targets.js","36","  return JSON.parse(fs.readFileSync(file, ""utf8""));"
"C:\Dev\Nexus_MASTER\scripts\black_dragon_merge_ca_fl_authority_targets.js","40","  fs.writeFileSync(file, JSON.stringify(data, null, 2));"
"C:\Dev\Nexus_MASTER\scripts\black_dragon_merge_ca_fl_authority_targets.js","59","function toReviewTarget(t, prefix, index) {"
"C:\Dev\Nexus_MASTER\scripts\black_dragon_merge_ca_fl_authority_targets.js","61","    target_id: `${prefix}-${String(index + 1).padStart(4, ""0"")}`,"
"C:\Dev\Nexus_MASTER\scripts\black_dragon_merge_ca_fl_authority_targets.js","113","    targets.forEach((target, index) => {"
"C:\Dev\Nexus_MASTER\scripts\black_dragon_merge_ca_fl_authority_targets.js","117","        local_index: index,"
"C:\Dev\Nexus_MASTER\scripts\black_dragon_merge_ca_fl_authority_targets.js","145","      toReviewTarget(target, item.prefix, item.local_index)"
"C:\Dev\Nexus_MASTER\scripts\black_dragon_merge_expansion_candidates.js","22","  return JSON.parse(fs.readFileSync(file, ""utf8""));"
"C:\Dev\Nexus_MASTER\scripts\black_dragon_merge_expansion_candidates.js","26","  fs.writeFileSync(file, JSON.stringify(data, null, 2));"
"C:\Dev\Nexus_MASTER\scripts\black_dragon_merge_expansion_candidates.js","45","function toReviewTarget(candidate, index) {"
"C:\Dev\Nexus_MASTER\scripts\black_dragon_merge_expansion_candidates.js","47","    target_id: `BD-EXP-${String(index + 1).padStart(4, ""0"")}`,"
"C:\Dev\Nexus_MASTER\scripts\black_dragon_merge_expansion_candidates.js","102","  let reviewIndex = 0;"
"C:\Dev\Nexus_MASTER\scripts\black_dragon_merge_expansion_candidates.js","125","      reviewIndex += 1;"
"C:\Dev\Nexus_MASTER\scripts\black_dragon_merge_expansion_candidates.js","126","      const target = toReviewTarget(candidate, reviewIndex);"
"C:\Dev\Nexus_MASTER\scripts\black_dragon_merge_ny_authority_targets.js","13","  ""public/data/clients/black_dragon/source_cache/state_directories/ny_dcjs_criminal_justice_agencies.authority_targets.json"""
"C:\Dev\Nexus_MASTER\scripts\black_dragon_merge_ny_authority_targets.js","22","  return JSON.parse(fs.readFileSync(file, ""utf8""));"
"C:\Dev\Nexus_MASTER\scripts\black_dragon_merge_ny_authority_targets.js","26","  fs.writeFileSync(file, JSON.stringify(data, null, 2));"
"C:\Dev\Nexus_MASTER\scripts\black_dragon_merge_ny_authority_targets.js","45","function toReviewTarget(t, index) {"
"C:\Dev\Nexus_MASTER\scripts\black_dragon_merge_ny_authority_targets.js","47","    target_id: `BD-NY-${String(index + 1).padStart(4, ""0"")}`,"
"C:\Dev\Nexus_MASTER\scripts\black_dragon_phase2_dataset_patch.js","70","const raw = fs.readFileSync(file, ""utf8"");"
"C:\Dev\Nexus_MASTER\scripts\black_dragon_phase2_dataset_patch.js","71","const leads = JSON.parse(raw);"
"C:\Dev\Nexus_MASTER\scripts\black_dragon_phase2_dataset_patch.js","73","fs.writeFileSync(backup, raw);"
"C:\Dev\Nexus_MASTER\scripts\black_dragon_phase2_dataset_patch.js","100","fs.writeFileSync(file, JSON.stringify(updated, null, 2));"
"C:\Dev\Nexus_MASTER\scripts\download_city_tiles.mjs","170","  return JSON.parse(raw);"
"C:\Dev\Nexus_MASTER\scripts\nexusCore.js","2","// Exposes a global NexusCore object that scene.js can use."
"C:\Dev\Nexus_MASTER\scripts\nexusCore.js","4","const NexusCore = {"
"C:\Dev\Nexus_MASTER\scripts\nexusCore.js","36","  scoreLead(lead) {"
"C:\Dev\Nexus_MASTER\scripts\nexusCore.js","39","    let score = 0;"
"C:\Dev\Nexus_MASTER\scripts\nexusCore.js","51","            score += rule.points;"
"C:\Dev\Nexus_MASTER\scripts\nexusCore.js","58","          score += rule.points;"
"C:\Dev\Nexus_MASTER\scripts\nexusCore.js","67","            score += points;"
"C:\Dev\Nexus_MASTER\scripts\nexusCore.js","73","    return score;"
"C:\Dev\Nexus_MASTER\scripts\nexusCore.js","77","  getLabel(score) {"
"C:\Dev\Nexus_MASTER\scripts\nexusCore.js","80","    const filters = this.configs.labels.scoreBands || [];"
"C:\Dev\Nexus_MASTER\scripts\nexusCore.js","82","      if (score >= band.min && score <= band.max) {"
"C:\Dev\Nexus_MASTER\scripts\nexusCore.js","118","window.NexusCore = NexusCore;"
