"entity_id","organization_name","organization_type","city","region","country","authentication_status","public_source_present","outreach_allowed"
"BD_BOOK_OP_00013","Bikers Against Child Abuse Arizona","CHARITY_MOTORCYCLE_ORGANIZATION",,"Arizona","USA","PUBLIC_SOURCE_FOUND","True","False"
"BD_BOOK_OP_00003","Christian Motorcyclists Association","MOTORCYCLE_MINISTRY",,"Arkansas","USA","PUBLIC_SOURCE_FOUND","True","False"
"BD_BOOK_EXP_00116","APACHE JUNCTION MUNICIPAL COURT (1149)","MOTORCYCLE_ORGANIZATION",,"AZ","USA","PUBLIC_SOURCE_FOUND","True","False"
"BD_BOOK_EXP_00124","APACHE JUNCTION MUNICIPAL PROSECUTOR","MOTORCYCLE_ORGANIZATION",,"AZ","USA","PUBLIC_SOURCE_FOUND","True","False"
"BD_BOOK_EXP_00090","APACHE JUNCTION POLICE DEPARTMENT","MOTORCYCLE_ORGANIZATION",,"AZ","USA","PUBLIC_SOURCE_FOUND","True","False"
"BD_BOOK_EXP_00160","Arizona Department of Public Safety GIITEM","MOTORCYCLE_ORGANIZATION",,"AZ","USA","PUBLIC_SOURCE_FOUND","True","False"
"BD_BOOK_EXP_00162","Arizona State Gang Task Force","MOTORCYCLE_ORGANIZATION",,"AZ","USA","PUBLIC_SOURCE_FOUND","True","False"
"BD_BOOK_EXP_00163","Arizona WANTED Task Force","MOTORCYCLE_ORGANIZATION",,"AZ","USA","PUBLIC_SOURCE_FOUND","True","False"
"BD_BOOK_EXP_00117","AVONDALE MUNICIPAL COURT (0760)","MOTORCYCLE_ORGANIZATION",,"AZ","USA","PUBLIC_SOURCE_FOUND","True","False"
"BD_BOOK_EXP_00125","AVONDALE MUNICIPAL PROSECUTOR","MOTORCYCLE_ORGANIZATION",,"AZ","USA","PUBLIC_SOURCE_FOUND","True","False"
"BD_BOOK_EXP_00091","AVONDALE POLICE DEPARTMENT","MOTORCYCLE_ORGANIZATION",,"AZ","USA","PUBLIC_SOURCE_FOUND","True","False"
"BD_BOOK_EXP_00100","BENSON MUNICIPAL COURT","MOTORCYCLE_ORGANIZATION",,"AZ","USA","PUBLIC_SOURCE_FOUND","True","False"
"BD_BOOK_EXP_00092","BENSON POLICE DEPARTMENT","MOTORCYCLE_ORGANIZATION",,"AZ","USA","PUBLIC_SOURCE_FOUND","True","False"
"BD_BOOK_EXP_00126","BISBEE MUNICIPAL PROSECUTOR","MOTORCYCLE_ORGANIZATION",,"AZ","USA","PUBLIC_SOURCE_FOUND","True","False"
"BD_BOOK_EXP_00093","BISBEE POLICE DEPARTMENT","MOTORCYCLE_ORGANIZATION",,"AZ","USA","PUBLIC_SOURCE_FOUND","True","False"
"BD_BOOK_EXP_00118","BUCKEYE MUNICIPAL COURT (0743)","MOTORCYCLE_ORGANIZATION",,"AZ","USA","PUBLIC_SOURCE_FOUND","True","False"
"BD_BOOK_EXP_00127","BUCKEYE MUNICIPAL PROSECUTOR","MOTORCYCLE_ORGANIZATION",,"AZ","USA","PUBLIC_SOURCE_FOUND","True","False"
"BD_BOOK_EXP_00094","BUCKEYE POLICE DEPARTMENT","MOTORCYCLE_ORGANIZATION",,"AZ","USA","PUBLIC_SOURCE_FOUND","True","False"
"BD_BOOK_EXP_00101","BULLHEAD CITY MUNICIPAL COURT (0842)","MOTORCYCLE_ORGANIZATION",,"AZ","USA","PUBLIC_SOURCE_FOUND","True","False"
"BD_BOOK_EXP_00138","BULLHEAD CITY MUNICIPAL PROSECUTOR","MOTORCYCLE_ORGANIZATION",,"AZ","USA","PUBLIC_SOURCE_FOUND","True","False"
"BD_BOOK_EXP_00079","BULLHEAD CITY POLICE DEPARTMENT","MOTORCYCLE_ORGANIZATION",,"AZ","USA","PUBLIC_SOURCE_FOUND","True","False"
"BD_BOOK_EXP_00145","CASA GRANDE MUNCIPAL COURT (1142)","MOTORCYCLE_ORGANIZATION",,"AZ","USA","PUBLIC_SOURCE_FOUND","True","False"
"BD_BOOK_EXP_00128","CASA GRANDE MUNICIPAL PROSECUTOR","MOTORCYCLE_ORGANIZATION",,"AZ","USA","PUBLIC_SOURCE_FOUND","True","False"
"BD_BOOK_EXP_00095","CASA GRANDE POLICE DEPARTMENT","MOTORCYCLE_ORGANIZATION",,"AZ","USA","PUBLIC_SOURCE_FOUND","True","False"
"BD_BOOK_EXP_00068","CHANDLER MUNICIPAL COURT (0748)","MOTORCYCLE_ORGANIZATION",,"AZ","USA","PUBLIC_SOURCE_FOUND","True","False"
"BD_BOOK_EXP_00076","CHANDLER MUNICIPAL PROSECUTOR","MOTORCYCLE_ORGANIZATION",,"AZ","USA","PUBLIC_SOURCE_FOUND","True","False"
"BD_BOOK_EXP_00518","CHANDLER POLICE DEPARTMENT","MOTORCYCLE_ORGANIZATION",,"AZ","USA","AUTHENTICATION_PENDING","False","False"
"BD_BOOK_EXP_00067","CHANDLER-GILBERT COMMUNITY COLLEGE CAMPUS POLICE","MOTORCYCLE_ORGANIZATION",,"AZ","USA","PUBLIC_SOURCE_FOUND","True","False"
"BD_BOOK_EXP_00102","COOLIDGE MUNICIPAL COURT (1148)","MOTORCYCLE_ORGANIZATION",,"AZ","USA","PUBLIC_SOURCE_FOUND","True","False"
"BD_BOOK_EXP_00139","COOLIDGE MUNICIPAL PROSECUTOR","MOTORCYCLE_ORGANIZATION",,"AZ","USA","PUBLIC_SOURCE_FOUND","True","False"
"BD_BOOK_EXP_00080","COOLIDGE POLICE DEPARTMENT","MOTORCYCLE_ORGANIZATION",,"AZ","USA","PUBLIC_SOURCE_FOUND","True","False"
"BD_BOOK_EXP_00103","COTTONWOOD MUNICIPAL COURT (1342)","MOTORCYCLE_ORGANIZATION",,"AZ","USA","PUBLIC_SOURCE_FOUND","True","False"
"BD_BOOK_EXP_00140","COTTONWOOD MUNICIPAL PROSECUTOR","MOTORCYCLE_ORGANIZATION",,"AZ","USA","PUBLIC_SOURCE_FOUND","True","False"
"BD_BOOK_EXP_00081","COTTONWOOD POLICE DEPARTMENT","MOTORCYCLE_ORGANIZATION",,"AZ","USA","PUBLIC_SOURCE_FOUND","True","False"
"BD_BOOK_EXP_00104","DOUGLAS MUNICIPAL COURT (0242)","MOTORCYCLE_ORGANIZATION",,"AZ","USA","PUBLIC_SOURCE_FOUND","True","False"
"BD_BOOK_EXP_00141","DOUGLAS MUNICIPAL PROSECUTOR","MOTORCYCLE_ORGANIZATION",,"AZ","USA","PUBLIC_SOURCE_FOUND","True","False"
"BD_BOOK_EXP_00082","DOUGLAS POLICE DEPARTMENT","MOTORCYCLE_ORGANIZATION",,"AZ","USA","PUBLIC_SOURCE_FOUND","True","False"
"BD_BOOK_EXP_00119","ELOY MUNICIPAL COURT (1143)","MOTORCYCLE_ORGANIZATION",,"AZ","USA","PUBLIC_SOURCE_FOUND","True","False"
"BD_BOOK_EXP_00129","ELOY MUNICIPAL PROSECUTOR","MOTORCYCLE_ORGANIZATION",,"AZ","USA","PUBLIC_SOURCE_FOUND","True","False"
"BD_BOOK_EXP_00096","ELOY POLICE DEPARTMENT","MOTORCYCLE_ORGANIZATION",,"AZ","USA","PUBLIC_SOURCE_FOUND","True","False"
"BD_BOOK_EXP_00105","FLAGSTAFF MUNICIPAL COURT (0341)","MOTORCYCLE_ORGANIZATION",,"AZ","USA","PUBLIC_SOURCE_FOUND","True","False"
"BD_BOOK_EXP_00142","FLAGSTAFF MUNICIPAL PROSECUTOR","MOTORCYCLE_ORGANIZATION",,"AZ","USA","PUBLIC_SOURCE_FOUND","True","False"
"BD_BOOK_EXP_00522","FLAGSTAFF POLICE DEPARTMENT","MOTORCYCLE_ORGANIZATION",,"AZ","USA","AUTHENTICATION_PENDING","False","False"
"BD_BOOK_EXP_00120","FLORENCE MUNICIPAL COURT (1141)","MOTORCYCLE_ORGANIZATION",,"AZ","USA","PUBLIC_SOURCE_FOUND","True","False"
"BD_BOOK_EXP_00130","FLORENCE MUNICIPAL PROSECUTOR","MOTORCYCLE_ORGANIZATION",,"AZ","USA","PUBLIC_SOURCE_FOUND","True","False"
"BD_BOOK_EXP_00097","FLORENCE POLICE DEPARTMENT","MOTORCYCLE_ORGANIZATION",,"AZ","USA","PUBLIC_SOURCE_FOUND","True","False"
"BD_BOOK_EXP_00121","GILBERT MUNICIPAL COURT (0766)","MOTORCYCLE_ORGANIZATION",,"AZ","USA","PUBLIC_SOURCE_FOUND","True","False"
"BD_BOOK_EXP_00131","GILBERT MUNICIPAL PROSECUTOR","MOTORCYCLE_ORGANIZATION",,"AZ","USA","PUBLIC_SOURCE_FOUND","True","False"
"BD_BOOK_EXP_00098","GILBERT POLICE DEPARTMENT","MOTORCYCLE_ORGANIZATION",,"AZ","USA","PUBLIC_SOURCE_FOUND","True","False"
"BD_BOOK_EXP_00064","GLENDALE COMMUNITY COLLEGE CAMPUS POLICE","MOTORCYCLE_ORGANIZATION",,"AZ","USA","PUBLIC_SOURCE_FOUND","True","False"
"BD_BOOK_EXP_00071","GLENDALE MUNICIPAL COURT (0748)","MOTORCYCLE_ORGANIZATION",,"AZ","USA","PUBLIC_SOURCE_FOUND","True","False"
"BD_BOOK_EXP_00072","GLENDALE MUNICIPAL PROSECUTOR","MOTORCYCLE_ORGANIZATION",,"AZ","USA","PUBLIC_SOURCE_FOUND","True","False"
"BD_BOOK_EXP_00519","GLENDALE POLICE DEPARTMENT","MOTORCYCLE_ORGANIZATION",,"AZ","USA","AUTHENTICATION_PENDING","False","False"
"BD_BOOK_EXP_00106","GLOBE MUNICIPAL COURT (0443)","MOTORCYCLE_ORGANIZATION",,"AZ","USA","PUBLIC_SOURCE_FOUND","True","False"
"BD_BOOK_EXP_00143","GLOBE MUNICIPAL PROSECUTOR","MOTORCYCLE_ORGANIZATION",,"AZ","USA","PUBLIC_SOURCE_FOUND","True","False"
"BD_BOOK_EXP_00083","GLOBE POLICE DEPARTMENT","MOTORCYCLE_ORGANIZATION",,"AZ","USA","PUBLIC_SOURCE_FOUND","True","False"
"BD_BOOK_EXP_00122","GOODYEAR MUNICIPAL COURT (0762)","MOTORCYCLE_ORGANIZATION",,"AZ","USA","PUBLIC_SOURCE_FOUND","True","False"
"BD_BOOK_EXP_00132","GOODYEAR MUNICIPAL PROSECUTOR","MOTORCYCLE_ORGANIZATION",,"AZ","USA","PUBLIC_SOURCE_FOUND","True","False"
"BD_BOOK_EXP_00099","GOODYEAR POLICE DEPARTMENT","MOTORCYCLE_ORGANIZATION",,"AZ","USA","PUBLIC_SOURCE_FOUND","True","False"
"BD_BOOK_EXP_00123","HOLBROOK MUNICIPAL COURT (0941)","MOTORCYCLE_ORGANIZATION",,"AZ","USA","PUBLIC_SOURCE_FOUND","True","False"
"BD_BOOK_EXP_00084","HOLBROOK POLICE DEPARTMENT","MOTORCYCLE_ORGANIZATION",,"AZ","USA","PUBLIC_SOURCE_FOUND","True","False"
"BD_BOOK_EXP_00107","KINGMAN MUNICIPAL COURT (0841)","MOTORCYCLE_ORGANIZATION",,"AZ","USA","PUBLIC_SOURCE_FOUND","True","False"
"BD_BOOK_EXP_00085","KINGMAN POLICE DEPARTMENT","MOTORCYCLE_ORGANIZATION",,"AZ","USA","PUBLIC_SOURCE_FOUND","True","False"
"BD_BOOK_EXP_00144","MARICOPA COUNTY CLERK OF THE COURT","MOTORCYCLE_ORGANIZATION",,"AZ","USA","PUBLIC_SOURCE_FOUND","True","False"
"BD_BOOK_EXP_00020","Maricopa County Sheriff's Office","MOTORCYCLE_ORGANIZATION",,"AZ","USA","PUBLIC_SOURCE_FOUND","True","False"
"BD_BOOK_EXP_01167","MESA CITY PROSECUTOR OFFICE","MOTORCYCLE_ORGANIZATION",,"AZ","USA","AUTHENTICATION_PENDING","False","False"
"BD_BOOK_EXP_01169","MESA COMMUNITY COLLEGE POLICE","MOTORCYCLE_ORGANIZATION",,"AZ","USA","AUTHENTICATION_PENDING","False","False"
"BD_BOOK_EXP_01165","MESA COUNTY SHERIFF OFFICE","MOTORCYCLE_ORGANIZATION",,"AZ","USA","AUTHENTICATION_PENDING","False","False"
"BD_BOOK_EXP_01170","MESA GANG / VIOLENT CRIME UNIT","MOTORCYCLE_ORGANIZATION",,"AZ","USA","AUTHENTICATION_PENDING","False","False"
"BD_BOOK_EXP_01173","MESA LAW ENFORCEMENT TRAINING DIVISION","MOTORCYCLE_ORGANIZATION",,"AZ","USA","AUTHENTICATION_PENDING","False","False"
"BD_BOOK_EXP_01166","MESA MUNICIPAL COURT","MOTORCYCLE_ORGANIZATION",,"AZ","USA","AUTHENTICATION_PENDING","False","False"
"BD_BOOK_EXP_00069","MESA MUNICIPAL COURT (0745)","MOTORCYCLE_ORGANIZATION",,"AZ","USA","PUBLIC_SOURCE_FOUND","True","False"
"BD_BOOK_EXP_01171","MESA NARCOTICS / ORGANIZED CRIME UNIT","MOTORCYCLE_ORGANIZATION",,"AZ","USA","AUTHENTICATION_PENDING","False","False"
"BD_BOOK_EXP_00517","MESA POLICE DEPARTMENT","MOTORCYCLE_ORGANIZATION",,"AZ","USA","AUTHENTICATION_PENDING","False","False"
"BD_BOOK_EXP_01168","MESA PUBLIC SAFETY DEPARTMENT","MOTORCYCLE_ORGANIZATION",,"AZ","USA","AUTHENTICATION_PENDING","False","False"
"BD_BOOK_EXP_01172","MESA REGIONAL TASK FORCE","MOTORCYCLE_ORGANIZATION",,"AZ","USA","AUTHENTICATION_PENDING","False","False"
"BD_BOOK_EXP_00133","NOGALES MUNICIPAL PROSECUTOR","MOTORCYCLE_ORGANIZATION",,"AZ","USA","PUBLIC_SOURCE_FOUND","True","False"
"BD_BOOK_EXP_00134","PEORIA MUNICIPAL PROSECUTOR","MOTORCYCLE_ORGANIZATION",,"AZ","USA","PUBLIC_SOURCE_FOUND","True","False"
"BD_BOOK_EXP_00867","PHOENIX CITY PROSECUTOR OFFICE","MOTORCYCLE_ORGANIZATION",,"AZ","USA","AUTHENTICATION_PENDING","False","False"
"BD_BOOK_EXP_00065","PHOENIX COLLEGE CAMPUS POLICE","MOTORCYCLE_ORGANIZATION",,"AZ","USA","PUBLIC_SOURCE_FOUND","True","False"
"BD_BOOK_EXP_00869","PHOENIX COMMUNITY COLLEGE POLICE","MOTORCYCLE_ORGANIZATION",,"AZ","USA","AUTHENTICATION_PENDING","False","False"
"BD_BOOK_EXP_00865","PHOENIX COUNTY SHERIFF OFFICE","MOTORCYCLE_ORGANIZATION",,"AZ","USA","AUTHENTICATION_PENDING","False","False"
"BD_BOOK_EXP_00870","PHOENIX GANG / VIOLENT CRIME UNIT","MOTORCYCLE_ORGANIZATION",,"AZ","USA","AUTHENTICATION_PENDING","False","False"
"BD_BOOK_EXP_00873","PHOENIX LAW ENFORCEMENT TRAINING DIVISION","MOTORCYCLE_ORGANIZATION",,"AZ","USA","AUTHENTICATION_PENDING","False","False"
"BD_BOOK_EXP_00866","PHOENIX MUNICIPAL COURT","MOTORCYCLE_ORGANIZATION",,"AZ","USA","AUTHENTICATION_PENDING","False","False"
"BD_BOOK_EXP_00070","PHOENIX MUNICIPAL COURT (0741)","MOTORCYCLE_ORGANIZATION",,"AZ","USA","PUBLIC_SOURCE_FOUND","True","False"
"BD_BOOK_EXP_00871","PHOENIX NARCOTICS / ORGANIZED CRIME UNIT","MOTORCYCLE_ORGANIZATION",,"AZ","USA","AUTHENTICATION_PENDING","False","False"
"BD_BOOK_EXP_00019","Phoenix Police Department","MOTORCYCLE_ORGANIZATION",,"AZ","USA","PUBLIC_SOURCE_FOUND","True","False"
"BD_BOOK_EXP_00161","Phoenix Police Department Gang Enforcement Unit","MOTORCYCLE_ORGANIZATION",,"AZ","USA","PUBLIC_SOURCE_FOUND","True","False"
"BD_BOOK_EXP_00868","PHOENIX PUBLIC SAFETY DEPARTMENT","MOTORCYCLE_ORGANIZATION",,"AZ","USA","AUTHENTICATION_PENDING","False","False"
"BD_BOOK_EXP_00872","PHOENIX REGIONAL TASK FORCE","MOTORCYCLE_ORGANIZATION",,"AZ","USA","AUTHENTICATION_PENDING","False","False"
"BD_BOOK_EXP_00108","PRESCOTT MUNICIPAL COURT (1343)","MOTORCYCLE_ORGANIZATION",,"AZ","USA","PUBLIC_SOURCE_FOUND","True","False"
"BD_BOOK_EXP_00086","PRESCOTT POLICE DEPARTMENT","MOTORCYCLE_ORGANIZATION",,"AZ","USA","PUBLIC_SOURCE_FOUND","True","False"
"BD_BOOK_EXP_00135","PRESCOTT VALLEY MUNICIPAL PROSECUTOR","MOTORCYCLE_ORGANIZATION",,"AZ","USA","PUBLIC_SOURCE_FOUND","True","False"
"BD_BOOK_EXP_00109","SAFFORD MUNICIPAL COURT (0541)","MOTORCYCLE_ORGANIZATION",,"AZ","USA","PUBLIC_SOURCE_FOUND","True","False"
"BD_BOOK_EXP_00087","SAFFORD POLICE DEPARTMENT","MOTORCYCLE_ORGANIZATION",,"AZ","USA","PUBLIC_SOURCE_FOUND","True","False"
"BD_BOOK_EXP_00066","SCOTTSDALE COMMUNITY COLLEGE CAMPUS POLICE","MOTORCYCLE_ORGANIZATION",,"AZ","USA","PUBLIC_SOURCE_FOUND","True","False"
"BD_BOOK_EXP_00073","SCOTTSDALE MUNICIPAL PROSECUTOR","MOTORCYCLE_ORGANIZATION",,"AZ","USA","PUBLIC_SOURCE_FOUND","True","False"
"BD_BOOK_EXP_00523","SCOTTSDALE POLICE DEPARTMENT","MOTORCYCLE_ORGANIZATION",,"AZ","USA","AUTHENTICATION_PENDING","False","False"
"BD_BOOK_EXP_00110","SEDONA MUNICIPAL COURT (0346)","MOTORCYCLE_ORGANIZATION",,"AZ","USA","PUBLIC_SOURCE_FOUND","True","False"
"BD_BOOK_EXP_00088","SEDONA POLICE DEPARTMENT","MOTORCYCLE_ORGANIZATION",,"AZ","USA","PUBLIC_SOURCE_FOUND","True","False"
"BD_BOOK_EXP_00136","SHOW LOW MUNICIPAL PROSECUTOR","MOTORCYCLE_ORGANIZATION",,"AZ","USA","PUBLIC_SOURCE_FOUND","True","False"
"BD_BOOK_EXP_00111","SIERRA VISTA JUSTICE COURT (0205)","MOTORCYCLE_ORGANIZATION",,"AZ","USA","PUBLIC_SOURCE_FOUND","True","False"
"BD_BOOK_EXP_00137","SIERRA VISTA MUNICIPAL PROSECUTOR","MOTORCYCLE_ORGANIZATION",,"AZ","USA","PUBLIC_SOURCE_FOUND","True","False"
"BD_BOOK_EXP_00074","SOUTH TUCSON MUNICIPAL PROSECUTOR","MOTORCYCLE_ORGANIZATION",,"AZ","USA","PUBLIC_SOURCE_FOUND","True","False"
"BD_BOOK_EXP_00112","SURPRISE MUNICIPAL COURT (0761)","MOTORCYCLE_ORGANIZATION",,"AZ","USA","PUBLIC_SOURCE_FOUND","True","False"
"BD_BOOK_EXP_00524","SURPRISE POLICE DEPARTMENT","MOTORCYCLE_ORGANIZATION",,"AZ","USA","AUTHENTICATION_PENDING","False","False"
"BD_BOOK_EXP_00077","TEMPE MUNICIPAL PROSECUTOR","MOTORCYCLE_ORGANIZATION",,"AZ","USA","PUBLIC_SOURCE_FOUND","True","False"
"BD_BOOK_EXP_00520","TEMPE POLICE DEPARTMENT","MOTORCYCLE_ORGANIZATION",,"AZ","USA","AUTHENTICATION_PENDING","False","False"
"BD_BOOK_EXP_01138","TUCSON CITY PROSECUTOR OFFICE","MOTORCYCLE_ORGANIZATION",,"AZ","USA","AUTHENTICATION_PENDING","False","False"
"BD_BOOK_EXP_01140","TUCSON COMMUNITY COLLEGE POLICE","MOTORCYCLE_ORGANIZATION",,"AZ","USA","AUTHENTICATION_PENDING","False","False"
"BD_BOOK_EXP_01136","TUCSON COUNTY SHERIFF OFFICE","MOTORCYCLE_ORGANIZATION",,"AZ","USA","AUTHENTICATION_PENDING","False","False"
"BD_BOOK_EXP_01141","TUCSON GANG / VIOLENT CRIME UNIT","MOTORCYCLE_ORGANIZATION",,"AZ","USA","AUTHENTICATION_PENDING","False","False"
"BD_BOOK_EXP_01144","TUCSON LAW ENFORCEMENT TRAINING DIVISION","MOTORCYCLE_ORGANIZATION",,"AZ","USA","AUTHENTICATION_PENDING","False","False"
"BD_BOOK_EXP_01137","TUCSON MUNICIPAL COURT","MOTORCYCLE_ORGANIZATION",,"AZ","USA","AUTHENTICATION_PENDING","False","False"
"BD_BOOK_EXP_00075","TUCSON MUNICIPAL PROSECUTOR","MOTORCYCLE_ORGANIZATION",,"AZ","USA","PUBLIC_SOURCE_FOUND","True","False"
"BD_BOOK_EXP_01142","TUCSON NARCOTICS / ORGANIZED CRIME UNIT","MOTORCYCLE_ORGANIZATION",,"AZ","USA","AUTHENTICATION_PENDING","False","False"
"BD_BOOK_EXP_00521","TUCSON POLICE DEPARTMENT","MOTORCYCLE_ORGANIZATION",,"AZ","USA","AUTHENTICATION_PENDING","False","False"
"BD_BOOK_EXP_01139","TUCSON PUBLIC SAFETY DEPARTMENT","MOTORCYCLE_ORGANIZATION",,"AZ","USA","AUTHENTICATION_PENDING","False","False"
"BD_BOOK_EXP_01143","TUCSON REGIONAL TASK FORCE","MOTORCYCLE_ORGANIZATION",,"AZ","USA","AUTHENTICATION_PENDING","False","False"
"BD_BOOK_EXP_00113","WILLCOX MUNICIPAL COURT (0244)","MOTORCYCLE_ORGANIZATION",,"AZ","USA","PUBLIC_SOURCE_FOUND","True","False"
"BD_BOOK_EXP_00089","WILLCOX POLICE DEPARTMENT","MOTORCYCLE_ORGANIZATION",,"AZ","USA","PUBLIC_SOURCE_FOUND","True","False"
"BD_BOOK_EXP_00078","YAVAPAI-PRESCOTT INDIAN TRIBE TRIBAL POLICE","MOTORCYCLE_ORGANIZATION",,"AZ","USA","PUBLIC_SOURCE_FOUND","True","False"
"BD_BOOK_EXP_00114","YUMA COUNTY JUSTICE COURT","MOTORCYCLE_ORGANIZATION",,"AZ","USA","PUBLIC_SOURCE_FOUND","True","False"
"BD_BOOK_EXP_00115","YUMA MUNICIPAL COURT (1441)","MOTORCYCLE_ORGANIZATION",,"AZ","USA","PUBLIC_SOURCE_FOUND","True","False"
"BD_BOOK_EXP_00525","YUMA POLICE DEPARTMENT","MOTORCYCLE_ORGANIZATION",,"AZ","USA","AUTHENTICATION_PENDING","False","False"
"BD_BOOK_EXP_00466","Alameda County Sheriff's Office","MOTORCYCLE_ORGANIZATION",,"CA","USA","PUBLIC_SOURCE_FOUND","True","False"
"BD_BOOK_EXP_00467","Bakersfield Police Department","MOTORCYCLE_ORGANIZATION",,"CA","USA","PUBLIC_SOURCE_FOUND","True","False"
"BD_BOOK_EXP_00165","California Commission on POST","MOTORCYCLE_ORGANIZATION",,"CA","USA","PUBLIC_SOURCE_FOUND","True","False"
"BD_BOOK_EXP_00174","California Commission on POST Legislative Mandated Training","MOTORCYCLE_ORGANIZATION",,"CA","USA","PUBLIC_SOURCE_FOUND","True","False"
"BD_BOOK_EXP_00175","California Commission on POST Reimbursable Training","MOTORCYCLE_ORGANIZATION",,"CA","USA","PUBLIC_SOURCE_FOUND","True","False"
"BD_BOOK_EXP_00173","California Highway Patrol","MOTORCYCLE_ORGANIZATION",,"CA","USA","PUBLIC_SOURCE_FOUND","True","False"
"BD_BOOK_EXP_00172","California Highway Patrol Organized Crime Enforcement","MOTORCYCLE_ORGANIZATION",,"CA","USA","PUBLIC_SOURCE_FOUND","True","False"
"BD_BOOK_EXP_00179","California POST Training Videos","MOTORCYCLE_ORGANIZATION",,"CA","USA","PUBLIC_SOURCE_FOUND","True","False"
"BD_BOOK_EXP_00488","CSU Fresno University Police Department","MOTORCYCLE_ORGANIZATION",,"CA","USA","PUBLIC_SOURCE_FOUND","True","False"
"BD_BOOK_EXP_00484","CSU Los Angeles University Police Department","MOTORCYCLE_ORGANIZATION",,"CA","USA","PUBLIC_SOURCE_FOUND","True","False"
"BD_BOOK_EXP_00489","CSU Sacramento Public Safety/University Police Department","MOTORCYCLE_ORGANIZATION",,"CA","USA","PUBLIC_SOURCE_FOUND","True","False"
"BD_BOOK_EXP_00468","CSU San Francisco Police Department","MOTORCYCLE_ORGANIZATION",,"CA","USA","PUBLIC_SOURCE_FOUND","True","False"
"BD_BOOK_EXP_00028","FBI Violent Crime / Outlaw Motorcycle Gang Reference","MOTORCYCLE_ORGANIZATION",,"CA","USA","PUBLIC_SOURCE_FOUND","True","False"
"BD_BOOK_EXP_01148","FRESNO CITY PROSECUTOR OFFICE","MOTORCYCLE_ORGANIZATION",,"CA","USA","AUTHENTICATION_PENDING","False","False"
"BD_BOOK_EXP_01150","FRESNO COMMUNITY COLLEGE POLICE","MOTORCYCLE_ORGANIZATION",,"CA","USA","AUTHENTICATION_PENDING","False","False"
"BD_BOOK_EXP_01146","FRESNO COUNTY SHERIFF OFFICE","MOTORCYCLE_ORGANIZATION",,"CA","USA","AUTHENTICATION_PENDING","False","False"
"BD_BOOK_EXP_00469","Fresno County Sheriff's Department","MOTORCYCLE_ORGANIZATION",,"CA","USA","PUBLIC_SOURCE_FOUND","True","False"
"BD_BOOK_EXP_01151","FRESNO GANG / VIOLENT CRIME UNIT","MOTORCYCLE_ORGANIZATION",,"CA","USA","AUTHENTICATION_PENDING","False","False"
"BD_BOOK_EXP_01154","FRESNO LAW ENFORCEMENT TRAINING DIVISION","MOTORCYCLE_ORGANIZATION",,"CA","USA","AUTHENTICATION_PENDING","False","False"
"BD_BOOK_EXP_01147","FRESNO MUNICIPAL COURT","MOTORCYCLE_ORGANIZATION",,"CA","USA","AUTHENTICATION_PENDING","False","False"
"BD_BOOK_EXP_01152","FRESNO NARCOTICS / ORGANIZED CRIME UNIT","MOTORCYCLE_ORGANIZATION",,"CA","USA","AUTHENTICATION_PENDING","False","False"
"BD_BOOK_EXP_01145","FRESNO POLICE DEPARTMENT","MOTORCYCLE_ORGANIZATION",,"CA","USA","AUTHENTICATION_PENDING","False","False"
"BD_BOOK_EXP_01149","FRESNO PUBLIC SAFETY DEPARTMENT","MOTORCYCLE_ORGANIZATION",,"CA","USA","AUTHENTICATION_PENDING","False","False"
"BD_BOOK_EXP_01153","FRESNO REGIONAL TASK FORCE","MOTORCYCLE_ORGANIZATION",,"CA","USA","AUTHENTICATION_PENDING","False","False"
"BD_BOOK_EXP_00470","Kern County Sheriff's Department","MOTORCYCLE_ORGANIZATION",,"CA","USA","PUBLIC_SOURCE_FOUND","True","False"
"BD_BOOK_EXP_01235","LONG BEACH CITY PROSECUTOR OFFICE","MOTORCYCLE_ORGANIZATION",,"CA","USA","AUTHENTICATION_PENDING","False","False"
"BD_BOOK_EXP_01237","LONG BEACH COMMUNITY COLLEGE POLICE","MOTORCYCLE_ORGANIZATION",,"CA","USA","AUTHENTICATION_PENDING","False","False"
"BD_BOOK_EXP_01233","LONG BEACH COUNTY SHERIFF OFFICE","MOTORCYCLE_ORGANIZATION",,"CA","USA","AUTHENTICATION_PENDING","False","False"
"BD_BOOK_EXP_01238","LONG BEACH GANG / VIOLENT CRIME UNIT","MOTORCYCLE_ORGANIZATION",,"CA","USA","AUTHENTICATION_PENDING","False","False"
"BD_BOOK_EXP_01241","LONG BEACH LAW ENFORCEMENT TRAINING DIVISION","MOTORCYCLE_ORGANIZATION",,"CA","USA","AUTHENTICATION_PENDING","False","False"
"BD_BOOK_EXP_01234","LONG BEACH MUNICIPAL COURT","MOTORCYCLE_ORGANIZATION",,"CA","USA","AUTHENTICATION_PENDING","False","False"
"BD_BOOK_EXP_01239","LONG BEACH NARCOTICS / ORGANIZED CRIME UNIT","MOTORCYCLE_ORGANIZATION",,"CA","USA","AUTHENTICATION_PENDING","False","False"
"BD_BOOK_EXP_01232","LONG BEACH POLICE DEPARTMENT","MOTORCYCLE_ORGANIZATION",,"CA","USA","AUTHENTICATION_PENDING","False","False"
"BD_BOOK_EXP_01236","LONG BEACH PUBLIC SAFETY DEPARTMENT","MOTORCYCLE_ORGANIZATION",,"CA","USA","AUTHENTICATION_PENDING","False","False"
"BD_BOOK_EXP_01240","LONG BEACH REGIONAL TASK FORCE","MOTORCYCLE_ORGANIZATION",,"CA","USA","AUTHENTICATION_PENDING","False","False"
"BD_BOOK_EXP_00840","LOS ANGELES CITY PROSECUTOR OFFICE","MOTORCYCLE_ORGANIZATION",,"CA","USA","AUTHENTICATION_PENDING","False","False"
"BD_BOOK_EXP_00842","LOS ANGELES COMMUNITY COLLEGE POLICE","MOTORCYCLE_ORGANIZATION",,"CA","USA","AUTHENTICATION_PENDING","False","False"
"BD_BOOK_EXP_00838","LOS ANGELES COUNTY SHERIFF OFFICE","MOTORCYCLE_ORGANIZATION",,"CA","USA","AUTHENTICATION_PENDING","False","False"
"BD_BOOK_EXP_00008","Los Angeles County Sheriff's Department","MOTORCYCLE_ORGANIZATION",,"CA","USA","PUBLIC_SOURCE_FOUND","True","False"
"BD_BOOK_EXP_00164","Los Angeles County Sheriff's Department Operation Safe Streets Bureau","MOTORCYCLE_ORGANIZATION",,"CA","USA","PUBLIC_SOURCE_FOUND","True","False"
"BD_BOOK_EXP_00843","LOS ANGELES GANG / VIOLENT CRIME UNIT","MOTORCYCLE_ORGANIZATION",,"CA","USA","AUTHENTICATION_PENDING","False","False"
"BD_BOOK_EXP_00846","LOS ANGELES LAW ENFORCEMENT TRAINING DIVISION","MOTORCYCLE_ORGANIZATION",,"CA","USA","AUTHENTICATION_PENDING","False","False"
"BD_BOOK_EXP_00839","LOS ANGELES MUNICIPAL COURT","MOTORCYCLE_ORGANIZATION",,"CA","USA","AUTHENTICATION_PENDING","False","False"
"BD_BOOK_EXP_00844","LOS ANGELES NARCOTICS / ORGANIZED CRIME UNIT","MOTORCYCLE_ORGANIZATION",,"CA","USA","AUTHENTICATION_PENDING","False","False"
"BD_BOOK_EXP_00007","Los Angeles Police Department","MOTORCYCLE_ORGANIZATION",,"CA","USA","PUBLIC_SOURCE_FOUND","True","False"
"BD_BOOK_EXP_00471","Los Angeles Port Police Department","MOTORCYCLE_ORGANIZATION",,"CA","USA","PUBLIC_SOURCE_FOUND","True","False"
"BD_BOOK_EXP_00841","LOS ANGELES PUBLIC SAFETY DEPARTMENT","MOTORCYCLE_ORGANIZATION",,"CA","USA","AUTHENTICATION_PENDING","False","False"
"BD_BOOK_EXP_00845","LOS ANGELES REGIONAL TASK FORCE","MOTORCYCLE_ORGANIZATION",,"CA","USA","AUTHENTICATION_PENDING","False","False"
"BD_BOOK_EXP_00485","Los Angeles School Police Department","MOTORCYCLE_ORGANIZATION",,"CA","USA","PUBLIC_SOURCE_FOUND","True","False"
"BD_BOOK_EXP_00486","Los Angeles World Airports Police Department","MOTORCYCLE_ORGANIZATION",,"CA","USA","PUBLIC_SOURCE_FOUND","True","False"
"BD_BOOK_EXP_00472","Oakland City Housing Authority Police Department","MOTORCYCLE_ORGANIZATION",,"CA","USA","PUBLIC_SOURCE_FOUND","True","False"
"BD_BOOK_EXP_01255","OAKLAND CITY PROSECUTOR OFFICE","MOTORCYCLE_ORGANIZATION",,"CA","USA","AUTHENTICATION_PENDING","False","False"
"BD_BOOK_EXP_01257","OAKLAND COMMUNITY COLLEGE POLICE","MOTORCYCLE_ORGANIZATION",,"CA","USA","AUTHENTICATION_PENDING","False","False"
"BD_BOOK_EXP_01253","OAKLAND COUNTY SHERIFF OFFICE","MOTORCYCLE_ORGANIZATION",,"CA","USA","AUTHENTICATION_PENDING","False","False"
"BD_BOOK_EXP_01258","OAKLAND GANG / VIOLENT CRIME UNIT","MOTORCYCLE_ORGANIZATION",,"CA","USA","AUTHENTICATION_PENDING","False","False"
"BD_BOOK_EXP_01261","OAKLAND LAW ENFORCEMENT TRAINING DIVISION","MOTORCYCLE_ORGANIZATION",,"CA","USA","AUTHENTICATION_PENDING","False","False"
"BD_BOOK_EXP_01254","OAKLAND MUNICIPAL COURT","MOTORCYCLE_ORGANIZATION",,"CA","USA","AUTHENTICATION_PENDING","False","False"
"BD_BOOK_EXP_01259","OAKLAND NARCOTICS / ORGANIZED CRIME UNIT","MOTORCYCLE_ORGANIZATION",,"CA","USA","AUTHENTICATION_PENDING","False","False"
"BD_BOOK_EXP_01252","OAKLAND POLICE DEPARTMENT","MOTORCYCLE_ORGANIZATION",,"CA","USA","AUTHENTICATION_PENDING","False","False"
"BD_BOOK_EXP_01256","OAKLAND PUBLIC SAFETY DEPARTMENT","MOTORCYCLE_ORGANIZATION",,"CA","USA","AUTHENTICATION_PENDING","False","False"
"BD_BOOK_EXP_01260","OAKLAND REGIONAL TASK FORCE","MOTORCYCLE_ORGANIZATION",,"CA","USA","AUTHENTICATION_PENDING","False","False"
"BD_BOOK_EXP_00487","Riverside Community College District Police Department","MOTORCYCLE_ORGANIZATION",,"CA","USA","PUBLIC_SOURCE_FOUND","True","False"
"BD_BOOK_EXP_01158","SACRAMENTO CITY PROSECUTOR OFFICE","MOTORCYCLE_ORGANIZATION",,"CA","USA","AUTHENTICATION_PENDING","False","False"
"BD_BOOK_EXP_01160","SACRAMENTO COMMUNITY COLLEGE POLICE","MOTORCYCLE_ORGANIZATION",,"CA","USA","AUTHENTICATION_PENDING","False","False"
"BD_BOOK_EXP_01156","SACRAMENTO COUNTY SHERIFF OFFICE","MOTORCYCLE_ORGANIZATION",,"CA","USA","AUTHENTICATION_PENDING","False","False"
"BD_BOOK_EXP_00473","Sacramento County Sheriff's Department","MOTORCYCLE_ORGANIZATION",,"CA","USA","PUBLIC_SOURCE_FOUND","True","False"
"BD_BOOK_EXP_01161","SACRAMENTO GANG / VIOLENT CRIME UNIT","MOTORCYCLE_ORGANIZATION",,"CA","USA","AUTHENTICATION_PENDING","False","False"
"BD_BOOK_EXP_01164","SACRAMENTO LAW ENFORCEMENT TRAINING DIVISION","MOTORCYCLE_ORGANIZATION",,"CA","USA","AUTHENTICATION_PENDING","False","False"
"BD_BOOK_EXP_01157","SACRAMENTO MUNICIPAL COURT","MOTORCYCLE_ORGANIZATION",,"CA","USA","AUTHENTICATION_PENDING","False","False"
"BD_BOOK_EXP_01162","SACRAMENTO NARCOTICS / ORGANIZED CRIME UNIT","MOTORCYCLE_ORGANIZATION",,"CA","USA","AUTHENTICATION_PENDING","False","False"
"BD_BOOK_EXP_01155","SACRAMENTO POLICE DEPARTMENT","MOTORCYCLE_ORGANIZATION",,"CA","USA","AUTHENTICATION_PENDING","False","False"
"BD_BOOK_EXP_01159","SACRAMENTO PUBLIC SAFETY DEPARTMENT","MOTORCYCLE_ORGANIZATION",,"CA","USA","AUTHENTICATION_PENDING","False","False"
"BD_BOOK_EXP_01163","SACRAMENTO REGIONAL TASK FORCE","MOTORCYCLE_ORGANIZATION",,"CA","USA","AUTHENTICATION_PENDING","False","False"
"BD_BOOK_EXP_00895","SAN DIEGO CITY PROSECUTOR OFFICE","MOTORCYCLE_ORGANIZATION",,"CA","USA","AUTHENTICATION_PENDING","False","False"
"BD_BOOK_EXP_00526","San Diego Community College District Police Department","MOTORCYCLE_ORGANIZATION",,"CA","USA","AUTHENTICATION_PENDING","False","False"
"BD_BOOK_EXP_00897","SAN DIEGO COMMUNITY COLLEGE POLICE","MOTORCYCLE_ORGANIZATION",,"CA","USA","AUTHENTICATION_PENDING","False","False"
"BD_BOOK_EXP_00893","SAN DIEGO COUNTY SHERIFF OFFICE","MOTORCYCLE_ORGANIZATION",,"CA","USA","AUTHENTICATION_PENDING","False","False"
"BD_BOOK_EXP_00474","San Diego County Sheriff's Department","MOTORCYCLE_ORGANIZATION",,"CA","USA","PUBLIC_SOURCE_FOUND","True","False"
"BD_BOOK_EXP_00022","San Diego County Sheriff's Office","MOTORCYCLE_ORGANIZATION",,"CA","USA","PUBLIC_SOURCE_FOUND","True","False"
"BD_BOOK_EXP_00898","SAN DIEGO GANG / VIOLENT CRIME UNIT","MOTORCYCLE_ORGANIZATION",,"CA","USA","AUTHENTICATION_PENDING","False","False"
"BD_BOOK_EXP_00475","San Diego Harbor Police Department, Port Of","MOTORCYCLE_ORGANIZATION",,"CA","USA","PUBLIC_SOURCE_FOUND","True","False"
"BD_BOOK_EXP_00901","SAN DIEGO LAW ENFORCEMENT TRAINING DIVISION","MOTORCYCLE_ORGANIZATION",,"CA","USA","AUTHENTICATION_PENDING","False","False"
"BD_BOOK_EXP_00894","SAN DIEGO MUNICIPAL COURT","MOTORCYCLE_ORGANIZATION",,"CA","USA","AUTHENTICATION_PENDING","False","False"
"BD_BOOK_EXP_00899","SAN DIEGO NARCOTICS / ORGANIZED CRIME UNIT","MOTORCYCLE_ORGANIZATION",,"CA","USA","AUTHENTICATION_PENDING","False","False"
"BD_BOOK_EXP_00021","San Diego Police Department","MOTORCYCLE_ORGANIZATION",,"CA","USA","PUBLIC_SOURCE_FOUND","True","False"
"BD_BOOK_EXP_00896","SAN DIEGO PUBLIC SAFETY DEPARTMENT","MOTORCYCLE_ORGANIZATION",,"CA","USA","AUTHENTICATION_PENDING","False","False"
"BD_BOOK_EXP_00900","SAN DIEGO REGIONAL TASK FORCE","MOTORCYCLE_ORGANIZATION",,"CA","USA","AUTHENTICATION_PENDING","False","False"
"BD_BOOK_EXP_00973","SAN FRANCISCO CITY PROSECUTOR OFFICE","MOTORCYCLE_ORGANIZATION",,"CA","USA","AUTHENTICATION_PENDING","False","False"
"BD_BOOK_EXP_00483","San Francisco Community College District Police Department","MOTORCYCLE_ORGANIZATION",,"CA","USA","PUBLIC_SOURCE_FOUND","True","False"
"BD_BOOK_EXP_00975","SAN FRANCISCO COMMUNITY COLLEGE POLICE","MOTORCYCLE_ORGANIZATION",,"CA","USA","AUTHENTICATION_PENDING","False","False"
"BD_BOOK_EXP_00971","SAN FRANCISCO COUNTY SHERIFF OFFICE","MOTORCYCLE_ORGANIZATION",,"CA","USA","AUTHENTICATION_PENDING","False","False"
"BD_BOOK_EXP_00476","San Francisco County Sheriff's Department","MOTORCYCLE_ORGANIZATION",,"CA","USA","PUBLIC_SOURCE_FOUND","True","False"
"BD_BOOK_EXP_00976","SAN FRANCISCO GANG / VIOLENT CRIME UNIT","MOTORCYCLE_ORGANIZATION",,"CA","USA","AUTHENTICATION_PENDING","False","False"
"BD_BOOK_EXP_00979","SAN FRANCISCO LAW ENFORCEMENT TRAINING DIVISION","MOTORCYCLE_ORGANIZATION",,"CA","USA","AUTHENTICATION_PENDING","False","False"
"BD_BOOK_EXP_00972","SAN FRANCISCO MUNICIPAL COURT","MOTORCYCLE_ORGANIZATION",,"CA","USA","AUTHENTICATION_PENDING","False","False"
"BD_BOOK_EXP_00977","SAN FRANCISCO NARCOTICS / ORGANIZED CRIME UNIT","MOTORCYCLE_ORGANIZATION",,"CA","USA","AUTHENTICATION_PENDING","False","False"
"BD_BOOK_EXP_00009","San Francisco Police Department","MOTORCYCLE_ORGANIZATION",,"CA","USA","PUBLIC_SOURCE_FOUND","True","False"
"BD_BOOK_EXP_00974","SAN FRANCISCO PUBLIC SAFETY DEPARTMENT","MOTORCYCLE_ORGANIZATION",,"CA","USA","AUTHENTICATION_PENDING","False","False"
"BD_BOOK_EXP_00978","SAN FRANCISCO REGIONAL TASK FORCE","MOTORCYCLE_ORGANIZATION",,"CA","USA","AUTHENTICATION_PENDING","False","False"
"BD_BOOK_EXP_00010","San Francisco Sheriff's Office","MOTORCYCLE_ORGANIZATION",,"CA","USA","PUBLIC_SOURCE_FOUND","True","False"
"BD_BOOK_EXP_00914","SAN JOSE CITY PROSECUTOR OFFICE","MOTORCYCLE_ORGANIZATION",,"CA","USA","AUTHENTICATION_PENDING","False","False"
"BD_BOOK_EXP_00916","SAN JOSE COMMUNITY COLLEGE POLICE","MOTORCYCLE_ORGANIZATION",,"CA","USA","AUTHENTICATION_PENDING","False","False"
"BD_BOOK_EXP_00912","SAN JOSE COUNTY SHERIFF OFFICE","MOTORCYCLE_ORGANIZATION",,"CA","USA","AUTHENTICATION_PENDING","False","False"
"BD_BOOK_EXP_00917","SAN JOSE GANG / VIOLENT CRIME UNIT","MOTORCYCLE_ORGANIZATION",,"CA","USA","AUTHENTICATION_PENDING","False","False"
"BD_BOOK_EXP_00920","SAN JOSE LAW ENFORCEMENT TRAINING DIVISION","MOTORCYCLE_ORGANIZATION",,"CA","USA","AUTHENTICATION_PENDING","False","False"
"BD_BOOK_EXP_00913","SAN JOSE MUNICIPAL COURT","MOTORCYCLE_ORGANIZATION",,"CA","USA","AUTHENTICATION_PENDING","False","False"
"BD_BOOK_EXP_00918","SAN JOSE NARCOTICS / ORGANIZED CRIME UNIT","MOTORCYCLE_ORGANIZATION",,"CA","USA","AUTHENTICATION_PENDING","False","False"
"BD_BOOK_EXP_00911","SAN JOSE POLICE DEPARTMENT","MOTORCYCLE_ORGANIZATION",,"CA","USA","AUTHENTICATION_PENDING","False","False"
"BD_BOOK_EXP_00915","SAN JOSE PUBLIC SAFETY DEPARTMENT","MOTORCYCLE_ORGANIZATION",,"CA","USA","AUTHENTICATION_PENDING","False","False"
"BD_BOOK_EXP_00919","SAN JOSE REGIONAL TASK FORCE","MOTORCYCLE_ORGANIZATION",,"CA","USA","AUTHENTICATION_PENDING","False","False"
"BD_BOOK_EXP_00477","Santa Clara County Sheriff's Department","MOTORCYCLE_ORGANIZATION",,"CA","USA","PUBLIC_SOURCE_FOUND","True","False"
"BD_BOOK_EXP_00478","South San Francisco Police Department","MOTORCYCLE_ORGANIZATION",,"CA","USA","PUBLIC_SOURCE_FOUND","True","False"
"BD_BOOK_EXP_00479","UC Los Angeles Police Department","MOTORCYCLE_ORGANIZATION",,"CA","USA","PUBLIC_SOURCE_FOUND","True","False"
"BD_BOOK_EXP_00480","UC San Diego Police Department","MOTORCYCLE_ORGANIZATION",,"CA","USA","PUBLIC_SOURCE_FOUND","True","False"
"BD_BOOK_EXP_00481","UC San Francisco Police Department","MOTORCYCLE_ORGANIZATION",,"CA","USA","PUBLIC_SOURCE_FOUND","True","False"
"BD_BOOK_EXP_00482","West Sacramento Police Department","MOTORCYCLE_ORGANIZATION",,"CA","USA","PUBLIC_SOURCE_FOUND","True","False"
"BD_BOOK_OP_00002","Bikers for Christ","MOTORCYCLE_MINISTRY",,"California","USA","PUBLIC_SOURCE_FOUND","True","False"
"BD_BOOK_EXP_01195","COLORADO SPRINGS CITY PROSECUTOR OFFICE","MOTORCYCLE_ORGANIZATION",,"CO","USA","AUTHENTICATION_PENDING","False","False"
"BD_BOOK_EXP_01197","COLORADO SPRINGS COMMUNITY COLLEGE POLICE","MOTORCYCLE_ORGANIZATION",,"CO","USA","AUTHENTICATION_PENDING","False","False"
"BD_BOOK_EXP_01193","COLORADO SPRINGS COUNTY SHERIFF OFFICE","MOTORCYCLE_ORGANIZATION",,"CO","USA","AUTHENTICATION_PENDING","False","False"
"BD_BOOK_EXP_01198","COLORADO SPRINGS GANG / VIOLENT CRIME UNIT","MOTORCYCLE_ORGANIZATION",,"CO","USA","AUTHENTICATION_PENDING","False","False"
"BD_BOOK_EXP_01201","COLORADO SPRINGS LAW ENFORCEMENT TRAINING DIVISION","MOTORCYCLE_ORGANIZATION",,"CO","USA","AUTHENTICATION_PENDING","False","False"
"BD_BOOK_EXP_01194","COLORADO SPRINGS MUNICIPAL COURT","MOTORCYCLE_ORGANIZATION",,"CO","USA","AUTHENTICATION_PENDING","False","False"
"BD_BOOK_EXP_01199","COLORADO SPRINGS NARCOTICS / ORGANIZED CRIME UNIT","MOTORCYCLE_ORGANIZATION",,"CO","USA","AUTHENTICATION_PENDING","False","False"
"BD_BOOK_EXP_01192","COLORADO SPRINGS POLICE DEPARTMENT","MOTORCYCLE_ORGANIZATION",,"CO","USA","AUTHENTICATION_PENDING","False","False"
"BD_BOOK_EXP_01196","COLORADO SPRINGS PUBLIC SAFETY DEPARTMENT","MOTORCYCLE_ORGANIZATION",,"CO","USA","AUTHENTICATION_PENDING","False","False"
"BD_BOOK_EXP_01200","COLORADO SPRINGS REGIONAL TASK FORCE","MOTORCYCLE_ORGANIZATION",,"CO","USA","AUTHENTICATION_PENDING","False","False"
"BD_BOOK_EXP_01001","DENVER CITY PROSECUTOR OFFICE","MOTORCYCLE_ORGANIZATION",,"CO","USA","AUTHENTICATION_PENDING","False","False"
"BD_BOOK_EXP_01003","DENVER COMMUNITY COLLEGE POLICE","MOTORCYCLE_ORGANIZATION",,"CO","USA","AUTHENTICATION_PENDING","False","False"
"BD_BOOK_EXP_00999","DENVER COUNTY SHERIFF OFFICE","MOTORCYCLE_ORGANIZATION",,"CO","USA","AUTHENTICATION_PENDING","False","False"
"BD_BOOK_EXP_01004","DENVER GANG / VIOLENT CRIME UNIT","MOTORCYCLE_ORGANIZATION",,"CO","USA","AUTHENTICATION_PENDING","False","False"
"BD_BOOK_EXP_01007","DENVER LAW ENFORCEMENT TRAINING DIVISION","MOTORCYCLE_ORGANIZATION",,"CO","USA","AUTHENTICATION_PENDING","False","False"
"BD_BOOK_EXP_01000","DENVER MUNICIPAL COURT","MOTORCYCLE_ORGANIZATION",,"CO","USA","AUTHENTICATION_PENDING","False","False"
"BD_BOOK_EXP_01005","DENVER NARCOTICS / ORGANIZED CRIME UNIT","MOTORCYCLE_ORGANIZATION",,"CO","USA","AUTHENTICATION_PENDING","False","False"
"BD_BOOK_EXP_00039","Denver Police Department","MOTORCYCLE_ORGANIZATION",,"CO","USA","PUBLIC_SOURCE_FOUND","True","False"
"BD_BOOK_EXP_01002","DENVER PUBLIC SAFETY DEPARTMENT","MOTORCYCLE_ORGANIZATION",,"CO","USA","AUTHENTICATION_PENDING","False","False"
"BD_BOOK_EXP_01006","DENVER REGIONAL TASK FORCE","MOTORCYCLE_ORGANIZATION",,"CO","USA","AUTHENTICATION_PENDING","False","False"
"BD_BOOK_EXP_00040","Denver Sheriff Department","MOTORCYCLE_ORGANIZATION",,"CO","USA","PUBLIC_SOURCE_FOUND","True","False"
"BD_BOOK_EXP_00178","COPS Office Specialized Units Guidance","MOTORCYCLE_ORGANIZATION",,"DC","USA","PUBLIC_SOURCE_FOUND","True","False"
"BD_BOOK_EXP_00046","District of Columbia Department of Corrections","MOTORCYCLE_ORGANIZATION",,"DC","USA","PUBLIC_SOURCE_FOUND","True","False"
"BD_BOOK_EXP_00177","FBI Safe Streets Violent Crime Initiative","MOTORCYCLE_ORGANIZATION",,"DC","USA","PUBLIC_SOURCE_FOUND","True","False"
"BD_BOOK_EXP_00045","Metropolitan Police Department","MOTORCYCLE_ORGANIZATION",,"DC","USA","PUBLIC_SOURCE_FOUND","True","False"
"BD_BOOK_EXP_01011","WASHINGTON CITY PROSECUTOR OFFICE","MOTORCYCLE_ORGANIZATION",,"DC","USA","AUTHENTICATION_PENDING","False","False"
"BD_BOOK_EXP_01013","WASHINGTON COMMUNITY COLLEGE POLICE","MOTORCYCLE_ORGANIZATION",,"DC","USA","AUTHENTICATION_PENDING","False","False"
"BD_BOOK_EXP_01009","WASHINGTON COUNTY SHERIFF OFFICE","MOTORCYCLE_ORGANIZATION",,"DC","USA","AUTHENTICATION_PENDING","False","False"
"BD_BOOK_EXP_01014","WASHINGTON GANG / VIOLENT CRIME UNIT","MOTORCYCLE_ORGANIZATION",,"DC","USA","AUTHENTICATION_PENDING","False","False"
"BD_BOOK_EXP_01017","WASHINGTON LAW ENFORCEMENT TRAINING DIVISION","MOTORCYCLE_ORGANIZATION",,"DC","USA","AUTHENTICATION_PENDING","False","False"
"BD_BOOK_EXP_01010","WASHINGTON MUNICIPAL COURT","MOTORCYCLE_ORGANIZATION",,"DC","USA","AUTHENTICATION_PENDING","False","False"
"BD_BOOK_EXP_01015","WASHINGTON NARCOTICS / ORGANIZED CRIME UNIT","MOTORCYCLE_ORGANIZATION",,"DC","USA","AUTHENTICATION_PENDING","False","False"
"BD_BOOK_EXP_01008","WASHINGTON POLICE DEPARTMENT","MOTORCYCLE_ORGANIZATION",,"DC","USA","AUTHENTICATION_PENDING","False","False"
"BD_BOOK_EXP_01012","WASHINGTON PUBLIC SAFETY DEPARTMENT","MOTORCYCLE_ORGANIZATION",,"DC","USA","AUTHENTICATION_PENDING","False","False"
"BD_BOOK_EXP_01016","WASHINGTON REGIONAL TASK FORCE","MOTORCYCLE_ORGANIZATION",,"DC","USA","AUTHENTICATION_PENDING","False","False"
"BD_BOOK_EXP_00147","(Duval County) Jacksonville Sheriff's Office","MOTORCYCLE_ORGANIZATION",,"FL","USA","PUBLIC_SOURCE_FOUND","True","False"
"BD_BOOK_EXP_00148","Hillsborough County Sheriff's Office","MOTORCYCLE_ORGANIZATION",,"FL","USA","PUBLIC_SOURCE_FOUND","True","False"
"BD_BOOK_EXP_00150","Jacksonville Aviation Authority Police Department","MOTORCYCLE_ORGANIZATION",,"FL","USA","PUBLIC_SOURCE_FOUND","True","False"
"BD_BOOK_EXP_00151","Jacksonville Beach Police Department","MOTORCYCLE_ORGANIZATION",,"FL","USA","PUBLIC_SOURCE_FOUND","True","False"
"BD_BOOK_EXP_00934","JACKSONVILLE CITY PROSECUTOR OFFICE","MOTORCYCLE_ORGANIZATION",,"FL","USA","AUTHENTICATION_PENDING","False","False"
"BD_BOOK_EXP_00936","JACKSONVILLE COMMUNITY COLLEGE POLICE","MOTORCYCLE_ORGANIZATION",,"FL","USA","AUTHENTICATION_PENDING","False","False"
"BD_BOOK_EXP_00932","JACKSONVILLE COUNTY SHERIFF OFFICE","MOTORCYCLE_ORGANIZATION",,"FL","USA","AUTHENTICATION_PENDING","False","False"
"BD_BOOK_EXP_00937","JACKSONVILLE GANG / VIOLENT CRIME UNIT","MOTORCYCLE_ORGANIZATION",,"FL","USA","AUTHENTICATION_PENDING","False","False"
"BD_BOOK_EXP_00940","JACKSONVILLE LAW ENFORCEMENT TRAINING DIVISION","MOTORCYCLE_ORGANIZATION",,"FL","USA","AUTHENTICATION_PENDING","False","False"
"BD_BOOK_EXP_00933","JACKSONVILLE MUNICIPAL COURT","MOTORCYCLE_ORGANIZATION",,"FL","USA","AUTHENTICATION_PENDING","False","False"
"BD_BOOK_EXP_00938","JACKSONVILLE NARCOTICS / ORGANIZED CRIME UNIT","MOTORCYCLE_ORGANIZATION",,"FL","USA","AUTHENTICATION_PENDING","False","False"
"BD_BOOK_EXP_00931","JACKSONVILLE POLICE DEPARTMENT","MOTORCYCLE_ORGANIZATION",,"FL","USA","AUTHENTICATION_PENDING","False","False"
"BD_BOOK_EXP_00935","JACKSONVILLE PUBLIC SAFETY DEPARTMENT","MOTORCYCLE_ORGANIZATION",,"FL","USA","AUTHENTICATION_PENDING","False","False"
"BD_BOOK_EXP_00939","JACKSONVILLE REGIONAL TASK FORCE","MOTORCYCLE_ORGANIZATION",,"FL","USA","AUTHENTICATION_PENDING","False","False"
"BD_BOOK_EXP_00152","Miami Beach Police Department","MOTORCYCLE_ORGANIZATION",,"FL","USA","PUBLIC_SOURCE_FOUND","True","False"
"BD_BOOK_EXP_01225","MIAMI CITY PROSECUTOR OFFICE","MOTORCYCLE_ORGANIZATION",,"FL","USA","AUTHENTICATION_PENDING","False","False"
"BD_BOOK_EXP_01227","MIAMI COMMUNITY COLLEGE POLICE","MOTORCYCLE_ORGANIZATION",,"FL","USA","AUTHENTICATION_PENDING","False","False"
"BD_BOOK_EXP_01223","MIAMI COUNTY SHERIFF OFFICE","MOTORCYCLE_ORGANIZATION",,"FL","USA","AUTHENTICATION_PENDING","False","False"
"BD_BOOK_EXP_01228","MIAMI GANG / VIOLENT CRIME UNIT","MOTORCYCLE_ORGANIZATION",,"FL","USA","AUTHENTICATION_PENDING","False","False"
"BD_BOOK_EXP_00153","Miami Gardens Police Department","MOTORCYCLE_ORGANIZATION",,"FL","USA","PUBLIC_SOURCE_FOUND","True","False"
"BD_BOOK_EXP_01231","MIAMI LAW ENFORCEMENT TRAINING DIVISION","MOTORCYCLE_ORGANIZATION",,"FL","USA","AUTHENTICATION_PENDING","False","False"
"BD_BOOK_EXP_01224","MIAMI MUNICIPAL COURT","MOTORCYCLE_ORGANIZATION",,"FL","USA","AUTHENTICATION_PENDING","False","False"
"BD_BOOK_EXP_01229","MIAMI NARCOTICS / ORGANIZED CRIME UNIT","MOTORCYCLE_ORGANIZATION",,"FL","USA","AUTHENTICATION_PENDING","False","False"
"BD_BOOK_EXP_01222","MIAMI POLICE DEPARTMENT","MOTORCYCLE_ORGANIZATION",,"FL","USA","AUTHENTICATION_PENDING","False","False"
"BD_BOOK_EXP_01226","MIAMI PUBLIC SAFETY DEPARTMENT","MOTORCYCLE_ORGANIZATION",,"FL","USA","AUTHENTICATION_PENDING","False","False"
"BD_BOOK_EXP_01230","MIAMI REGIONAL TASK FORCE","MOTORCYCLE_ORGANIZATION",,"FL","USA","AUTHENTICATION_PENDING","False","False"
"BD_BOOK_EXP_00154","Miami Shores Police Department","MOTORCYCLE_ORGANIZATION",,"FL","USA","PUBLIC_SOURCE_FOUND","True","False"
"BD_BOOK_EXP_00155","Miami Springs Police Department","MOTORCYCLE_ORGANIZATION",,"FL","USA","PUBLIC_SOURCE_FOUND","True","False"
"BD_BOOK_EXP_00149","Miami-Dade County Police Department","MOTORCYCLE_ORGANIZATION",,"FL","USA","PUBLIC_SOURCE_FOUND","True","False"
"BD_BOOK_EXP_00156","North Miami Beach Police Department","MOTORCYCLE_ORGANIZATION",,"FL","USA","PUBLIC_SOURCE_FOUND","True","False"
"BD_BOOK_EXP_00157","North Miami Police Department","MOTORCYCLE_ORGANIZATION",,"FL","USA","PUBLIC_SOURCE_FOUND","True","False"
"BD_BOOK_EXP_00025","Orange County Sheriff's Office","MOTORCYCLE_ORGANIZATION",,"FL","USA","PUBLIC_SOURCE_FOUND","True","False"
"BD_BOOK_EXP_00024","Orlando Police Department","MOTORCYCLE_ORGANIZATION",,"FL","USA","PUBLIC_SOURCE_FOUND","True","False"
"BD_BOOK_EXP_00158","South Miami Police Department","MOTORCYCLE_ORGANIZATION",,"FL","USA","PUBLIC_SOURCE_FOUND","True","False"
"BD_BOOK_EXP_01284","TAMPA CITY PROSECUTOR OFFICE","MOTORCYCLE_ORGANIZATION",,"FL","USA","AUTHENTICATION_PENDING","False","False"
"BD_BOOK_EXP_01286","TAMPA COMMUNITY COLLEGE POLICE","MOTORCYCLE_ORGANIZATION",,"FL","USA","AUTHENTICATION_PENDING","False","False"
"BD_BOOK_EXP_01282","TAMPA COUNTY SHERIFF OFFICE","MOTORCYCLE_ORGANIZATION",,"FL","USA","AUTHENTICATION_PENDING","False","False"
"BD_BOOK_EXP_01287","TAMPA GANG / VIOLENT CRIME UNIT","MOTORCYCLE_ORGANIZATION",,"FL","USA","AUTHENTICATION_PENDING","False","False"
"BD_BOOK_EXP_01290","TAMPA LAW ENFORCEMENT TRAINING DIVISION","MOTORCYCLE_ORGANIZATION",,"FL","USA","AUTHENTICATION_PENDING","False","False"
"BD_BOOK_EXP_01283","TAMPA MUNICIPAL COURT","MOTORCYCLE_ORGANIZATION",,"FL","USA","AUTHENTICATION_PENDING","False","False"
"BD_BOOK_EXP_01288","TAMPA NARCOTICS / ORGANIZED CRIME UNIT","MOTORCYCLE_ORGANIZATION",,"FL","USA","AUTHENTICATION_PENDING","False","False"
"BD_BOOK_EXP_01281","TAMPA POLICE DEPARTMENT","MOTORCYCLE_ORGANIZATION",,"FL","USA","AUTHENTICATION_PENDING","False","False"
"BD_BOOK_EXP_01285","TAMPA PUBLIC SAFETY DEPARTMENT","MOTORCYCLE_ORGANIZATION",,"FL","USA","AUTHENTICATION_PENDING","False","False"
"BD_BOOK_EXP_01289","TAMPA REGIONAL TASK FORCE","MOTORCYCLE_ORGANIZATION",,"FL","USA","AUTHENTICATION_PENDING","False","False"
"BD_BOOK_EXP_00159","West Miami Police Department","MOTORCYCLE_ORGANIZATION",,"FL","USA","PUBLIC_SOURCE_FOUND","True","False"
"BD_BOOK_OP_00011","ABATE of Florida","MOTORCYCLE_RIGHTS_ORGANIZATION",,"Florida","USA","PUBLIC_SOURCE_FOUND","True","False"
"BD_BOOK_EXP_01185","ATLANTA CITY PROSECUTOR OFFICE","MOTORCYCLE_ORGANIZATION",,"GA","USA","AUTHENTICATION_PENDING","False","False"
"BD_BOOK_EXP_01187","ATLANTA COMMUNITY COLLEGE POLICE","MOTORCYCLE_ORGANIZATION",,"GA","USA","AUTHENTICATION_PENDING","False","False"
"BD_BOOK_EXP_01183","ATLANTA COUNTY SHERIFF OFFICE","MOTORCYCLE_ORGANIZATION",,"GA","USA","AUTHENTICATION_PENDING","False","False"
"BD_BOOK_EXP_01188","ATLANTA GANG / VIOLENT CRIME UNIT","MOTORCYCLE_ORGANIZATION",,"GA","USA","AUTHENTICATION_PENDING","False","False"
"BD_BOOK_EXP_01191","ATLANTA LAW ENFORCEMENT TRAINING DIVISION","MOTORCYCLE_ORGANIZATION",,"GA","USA","AUTHENTICATION_PENDING","False","False"
"BD_BOOK_EXP_01184","ATLANTA MUNICIPAL COURT","MOTORCYCLE_ORGANIZATION",,"GA","USA","AUTHENTICATION_PENDING","False","False"
"BD_BOOK_EXP_01189","ATLANTA NARCOTICS / ORGANIZED CRIME UNIT","MOTORCYCLE_ORGANIZATION",,"GA","USA","AUTHENTICATION_PENDING","False","False"
"BD_BOOK_EXP_00041","Atlanta Police Department","MOTORCYCLE_ORGANIZATION",,"GA","USA","PUBLIC_SOURCE_FOUND","True","False"
"BD_BOOK_EXP_01186","ATLANTA PUBLIC SAFETY DEPARTMENT","MOTORCYCLE_ORGANIZATION",,"GA","USA","AUTHENTICATION_PENDING","False","False"
"BD_BOOK_EXP_01190","ATLANTA REGIONAL TASK FORCE","MOTORCYCLE_ORGANIZATION",,"GA","USA","AUTHENTICATION_PENDING","False","False"
"BD_BOOK_EXP_00042","Fulton County Sheriff's Office","MOTORCYCLE_ORGANIZATION",,"GA","USA","PUBLIC_SOURCE_FOUND","True","False"
"BD_BOOK_NORM_0001","Sample Motorcycle Club","RIDING_CLUB",,"Georgia","USA","AUTHENTICATION_PENDING","False","False"
"BD_BOOK_EXP_00849","CHICAGO CITY PROSECUTOR OFFICE","MOTORCYCLE_ORGANIZATION",,"IL","USA","AUTHENTICATION_PENDING","False","False"
"BD_BOOK_EXP_00851","CHICAGO COMMUNITY COLLEGE POLICE","MOTORCYCLE_ORGANIZATION",,"IL","USA","AUTHENTICATION_PENDING","False","False"
"BD_BOOK_EXP_00847","CHICAGO COUNTY SHERIFF OFFICE","MOTORCYCLE_ORGANIZATION",,"IL","USA","AUTHENTICATION_PENDING","False","False"
"BD_BOOK_EXP_00852","CHICAGO GANG / VIOLENT CRIME UNIT","MOTORCYCLE_ORGANIZATION",,"IL","USA","AUTHENTICATION_PENDING","False","False"
"BD_BOOK_EXP_00855","CHICAGO LAW ENFORCEMENT TRAINING DIVISION","MOTORCYCLE_ORGANIZATION",,"IL","USA","AUTHENTICATION_PENDING","False","False"
"BD_BOOK_EXP_00848","CHICAGO MUNICIPAL COURT","MOTORCYCLE_ORGANIZATION",,"IL","USA","AUTHENTICATION_PENDING","False","False"
"BD_BOOK_EXP_00853","CHICAGO NARCOTICS / ORGANIZED CRIME UNIT","MOTORCYCLE_ORGANIZATION",,"IL","USA","AUTHENTICATION_PENDING","False","False"
"BD_BOOK_EXP_00011","Chicago Police Department","MOTORCYCLE_ORGANIZATION",,"IL","USA","PUBLIC_SOURCE_FOUND","True","False"
"BD_BOOK_EXP_00850","CHICAGO PUBLIC SAFETY DEPARTMENT","MOTORCYCLE_ORGANIZATION",,"IL","USA","AUTHENTICATION_PENDING","False","False"
"BD_BOOK_EXP_00854","CHICAGO REGIONAL TASK FORCE","MOTORCYCLE_ORGANIZATION",,"IL","USA","AUTHENTICATION_PENDING","False","False"
"BD_BOOK_EXP_00012","Cook County Sheriff's Office","MOTORCYCLE_ORGANIZATION",,"IL","USA","PUBLIC_SOURCE_FOUND","True","False"
"BD_BOOK_EXP_00983","INDIANAPOLIS CITY PROSECUTOR OFFICE","MOTORCYCLE_ORGANIZATION",,"IN","USA","AUTHENTICATION_PENDING","False","False"
"BD_BOOK_EXP_00985","INDIANAPOLIS COMMUNITY COLLEGE POLICE","MOTORCYCLE_ORGANIZATION",,"IN","USA","AUTHENTICATION_PENDING","False","False"
"BD_BOOK_EXP_00981","INDIANAPOLIS COUNTY SHERIFF OFFICE","MOTORCYCLE_ORGANIZATION",,"IN","USA","AUTHENTICATION_PENDING","False","False"
"BD_BOOK_EXP_00986","INDIANAPOLIS GANG / VIOLENT CRIME UNIT","MOTORCYCLE_ORGANIZATION",,"IN","USA","AUTHENTICATION_PENDING","False","False"
"BD_BOOK_EXP_00989","INDIANAPOLIS LAW ENFORCEMENT TRAINING DIVISION","MOTORCYCLE_ORGANIZATION",,"IN","USA","AUTHENTICATION_PENDING","False","False"
"BD_BOOK_EXP_00058","Indianapolis Metropolitan Police Department","MOTORCYCLE_ORGANIZATION",,"IN","USA","PUBLIC_SOURCE_FOUND","True","False"
"BD_BOOK_EXP_00982","INDIANAPOLIS MUNICIPAL COURT","MOTORCYCLE_ORGANIZATION",,"IN","USA","AUTHENTICATION_PENDING","False","False"
"BD_BOOK_EXP_00987","INDIANAPOLIS NARCOTICS / ORGANIZED CRIME UNIT","MOTORCYCLE_ORGANIZATION",,"IN","USA","AUTHENTICATION_PENDING","False","False"
"BD_BOOK_EXP_00980","INDIANAPOLIS POLICE DEPARTMENT","MOTORCYCLE_ORGANIZATION",,"IN","USA","AUTHENTICATION_PENDING","False","False"
"BD_BOOK_EXP_00984","INDIANAPOLIS PUBLIC SAFETY DEPARTMENT","MOTORCYCLE_ORGANIZATION",,"IN","USA","AUTHENTICATION_PENDING","False","False"
"BD_BOOK_EXP_00988","INDIANAPOLIS REGIONAL TASK FORCE","MOTORCYCLE_ORGANIZATION",,"IN","USA","AUTHENTICATION_PENDING","False","False"
"BD_BOOK_EXP_00059","Marion County Sheriff's Office","MOTORCYCLE_ORGANIZATION",,"IN","USA","PUBLIC_SOURCE_FOUND","True","False"
"BD_BOOK_OP_00007","ABATE of Indiana","MOTORCYCLE_RIGHTS_ORGANIZATION",,"Indiana","USA","PUBLIC_SOURCE_FOUND","True","False"
"BD_BOOK_OP_00012","ABATE of Iowa","MOTORCYCLE_RIGHTS_ORGANIZATION",,"Iowa","USA","PUBLIC_SOURCE_FOUND","True","False"
"BD_BOOK_EXP_01099","LOUISVILLE CITY PROSECUTOR OFFICE","MOTORCYCLE_ORGANIZATION",,"KY","USA","AUTHENTICATION_PENDING","False","False"
"BD_BOOK_EXP_01101","LOUISVILLE COMMUNITY COLLEGE POLICE","MOTORCYCLE_ORGANIZATION",,"KY","USA","AUTHENTICATION_PENDING","False","False"
"BD_BOOK_EXP_01097","LOUISVILLE COUNTY SHERIFF OFFICE","MOTORCYCLE_ORGANIZATION",,"KY","USA","AUTHENTICATION_PENDING","False","False"
"BD_BOOK_EXP_01102","LOUISVILLE GANG / VIOLENT CRIME UNIT","MOTORCYCLE_ORGANIZATION",,"KY","USA","AUTHENTICATION_PENDING","False","False"
"BD_BOOK_EXP_01105","LOUISVILLE LAW ENFORCEMENT TRAINING DIVISION","MOTORCYCLE_ORGANIZATION",,"KY","USA","AUTHENTICATION_PENDING","False","False"
"BD_BOOK_EXP_01098","LOUISVILLE MUNICIPAL COURT","MOTORCYCLE_ORGANIZATION",,"KY","USA","AUTHENTICATION_PENDING","False","False"
"BD_BOOK_EXP_01103","LOUISVILLE NARCOTICS / ORGANIZED CRIME UNIT","MOTORCYCLE_ORGANIZATION",,"KY","USA","AUTHENTICATION_PENDING","False","False"
"BD_BOOK_EXP_01096","LOUISVILLE POLICE DEPARTMENT","MOTORCYCLE_ORGANIZATION",,"KY","USA","AUTHENTICATION_PENDING","False","False"
"BD_BOOK_EXP_01100","LOUISVILLE PUBLIC SAFETY DEPARTMENT","MOTORCYCLE_ORGANIZATION",,"KY","USA","AUTHENTICATION_PENDING","False","False"
"BD_BOOK_EXP_01104","LOUISVILLE REGIONAL TASK FORCE","MOTORCYCLE_ORGANIZATION",,"KY","USA","AUTHENTICATION_PENDING","False","False"
"BD_BOOK_EXP_01304","NEW ORLEANS CITY PROSECUTOR OFFICE","MOTORCYCLE_ORGANIZATION",,"LA","USA","AUTHENTICATION_PENDING","False","False"
"BD_BOOK_EXP_01306","NEW ORLEANS COMMUNITY COLLEGE POLICE","MOTORCYCLE_ORGANIZATION",,"LA","USA","AUTHENTICATION_PENDING","False","False"
"BD_BOOK_EXP_01302","NEW ORLEANS COUNTY SHERIFF OFFICE","MOTORCYCLE_ORGANIZATION",,"LA","USA","AUTHENTICATION_PENDING","False","False"
"BD_BOOK_EXP_01307","NEW ORLEANS GANG / VIOLENT CRIME UNIT","MOTORCYCLE_ORGANIZATION",,"LA","USA","AUTHENTICATION_PENDING","False","False"
"BD_BOOK_EXP_01310","NEW ORLEANS LAW ENFORCEMENT TRAINING DIVISION","MOTORCYCLE_ORGANIZATION",,"LA","USA","AUTHENTICATION_PENDING","False","False"
"BD_BOOK_EXP_01303","NEW ORLEANS MUNICIPAL COURT","MOTORCYCLE_ORGANIZATION",,"LA","USA","AUTHENTICATION_PENDING","False","False"
"BD_BOOK_EXP_01308","NEW ORLEANS NARCOTICS / ORGANIZED CRIME UNIT","MOTORCYCLE_ORGANIZATION",,"LA","USA","AUTHENTICATION_PENDING","False","False"
"BD_BOOK_EXP_01301","NEW ORLEANS POLICE DEPARTMENT","MOTORCYCLE_ORGANIZATION",,"LA","USA","AUTHENTICATION_PENDING","False","False"
"BD_BOOK_EXP_01305","NEW ORLEANS PUBLIC SAFETY DEPARTMENT","MOTORCYCLE_ORGANIZATION",,"LA","USA","AUTHENTICATION_PENDING","False","False"
"BD_BOOK_EXP_01309","NEW ORLEANS REGIONAL TASK FORCE","MOTORCYCLE_ORGANIZATION",,"LA","USA","AUTHENTICATION_PENDING","False","False"
"BD_BOOK_EXP_01020","BOSTON CITY PROSECUTOR OFFICE","MOTORCYCLE_ORGANIZATION",,"MA","USA","AUTHENTICATION_PENDING","False","False"
"BD_BOOK_EXP_01022","BOSTON COMMUNITY COLLEGE POLICE","MOTORCYCLE_ORGANIZATION",,"MA","USA","AUTHENTICATION_PENDING","False","False"
"BD_BOOK_EXP_01018","BOSTON COUNTY SHERIFF OFFICE","MOTORCYCLE_ORGANIZATION",,"MA","USA","AUTHENTICATION_PENDING","False","False"
"BD_BOOK_EXP_01023","BOSTON GANG / VIOLENT CRIME UNIT","MOTORCYCLE_ORGANIZATION",,"MA","USA","AUTHENTICATION_PENDING","False","False"
"BD_BOOK_EXP_01026","BOSTON LAW ENFORCEMENT TRAINING DIVISION","MOTORCYCLE_ORGANIZATION",,"MA","USA","AUTHENTICATION_PENDING","False","False"
"BD_BOOK_EXP_01019","BOSTON MUNICIPAL COURT","MOTORCYCLE_ORGANIZATION",,"MA","USA","AUTHENTICATION_PENDING","False","False"
"BD_BOOK_EXP_01024","BOSTON NARCOTICS / ORGANIZED CRIME UNIT","MOTORCYCLE_ORGANIZATION",,"MA","USA","AUTHENTICATION_PENDING","False","False"
"BD_BOOK_EXP_00043","Boston Police Department","MOTORCYCLE_ORGANIZATION",,"MA","USA","PUBLIC_SOURCE_FOUND","True","False"
"BD_BOOK_EXP_01021","BOSTON PUBLIC SAFETY DEPARTMENT","MOTORCYCLE_ORGANIZATION",,"MA","USA","AUTHENTICATION_PENDING","False","False"
"BD_BOOK_EXP_01025","BOSTON REGIONAL TASK FORCE","MOTORCYCLE_ORGANIZATION",,"MA","USA","AUTHENTICATION_PENDING","False","False"
"BD_BOOK_EXP_00044","Suffolk County Sheriff's Department","MOTORCYCLE_ORGANIZATION",,"MA","USA","PUBLIC_SOURCE_FOUND","True","False"
"BD_BOOK_EXP_01109","BALTIMORE CITY PROSECUTOR OFFICE","MOTORCYCLE_ORGANIZATION",,"MD","USA","AUTHENTICATION_PENDING","False","False"
"BD_BOOK_EXP_01111","BALTIMORE COMMUNITY COLLEGE POLICE","MOTORCYCLE_ORGANIZATION",,"MD","USA","AUTHENTICATION_PENDING","False","False"
"BD_BOOK_EXP_01107","BALTIMORE COUNTY SHERIFF OFFICE","MOTORCYCLE_ORGANIZATION",,"MD","USA","AUTHENTICATION_PENDING","False","False"
"BD_BOOK_EXP_01112","BALTIMORE GANG / VIOLENT CRIME UNIT","MOTORCYCLE_ORGANIZATION",,"MD","USA","AUTHENTICATION_PENDING","False","False"
"BD_BOOK_EXP_01115","BALTIMORE LAW ENFORCEMENT TRAINING DIVISION","MOTORCYCLE_ORGANIZATION",,"MD","USA","AUTHENTICATION_PENDING","False","False"
"BD_BOOK_EXP_01108","BALTIMORE MUNICIPAL COURT","MOTORCYCLE_ORGANIZATION",,"MD","USA","AUTHENTICATION_PENDING","False","False"
"BD_BOOK_EXP_01113","BALTIMORE NARCOTICS / ORGANIZED CRIME UNIT","MOTORCYCLE_ORGANIZATION",,"MD","USA","AUTHENTICATION_PENDING","False","False"
"BD_BOOK_EXP_01106","BALTIMORE POLICE DEPARTMENT","MOTORCYCLE_ORGANIZATION",,"MD","USA","AUTHENTICATION_PENDING","False","False"
"BD_BOOK_EXP_01110","BALTIMORE PUBLIC SAFETY DEPARTMENT","MOTORCYCLE_ORGANIZATION",,"MD","USA","AUTHENTICATION_PENDING","False","False"
"BD_BOOK_EXP_01114","BALTIMORE REGIONAL TASK FORCE","MOTORCYCLE_ORGANIZATION",,"MD","USA","AUTHENTICATION_PENDING","False","False"
"BD_BOOK_EXP_01049","DETROIT CITY PROSECUTOR OFFICE","MOTORCYCLE_ORGANIZATION",,"MI","USA","AUTHENTICATION_PENDING","False","False"
"BD_BOOK_EXP_01051","DETROIT COMMUNITY COLLEGE POLICE","MOTORCYCLE_ORGANIZATION",,"MI","USA","AUTHENTICATION_PENDING","False","False"
"BD_BOOK_EXP_01047","DETROIT COUNTY SHERIFF OFFICE","MOTORCYCLE_ORGANIZATION",,"MI","USA","AUTHENTICATION_PENDING","False","False"
"BD_BOOK_EXP_01052","DETROIT GANG / VIOLENT CRIME UNIT","MOTORCYCLE_ORGANIZATION",,"MI","USA","AUTHENTICATION_PENDING","False","False"
"BD_BOOK_EXP_01055","DETROIT LAW ENFORCEMENT TRAINING DIVISION","MOTORCYCLE_ORGANIZATION",,"MI","USA","AUTHENTICATION_PENDING","False","False"
"BD_BOOK_EXP_01048","DETROIT MUNICIPAL COURT","MOTORCYCLE_ORGANIZATION",,"MI","USA","AUTHENTICATION_PENDING","False","False"
"BD_BOOK_EXP_01053","DETROIT NARCOTICS / ORGANIZED CRIME UNIT","MOTORCYCLE_ORGANIZATION",,"MI","USA","AUTHENTICATION_PENDING","False","False"
"BD_BOOK_EXP_00050","Detroit Police Department","MOTORCYCLE_ORGANIZATION",,"MI","USA","PUBLIC_SOURCE_FOUND","True","False"
"BD_BOOK_EXP_01050","DETROIT PUBLIC SAFETY DEPARTMENT","MOTORCYCLE_ORGANIZATION",,"MI","USA","AUTHENTICATION_PENDING","False","False"
"BD_BOOK_EXP_01054","DETROIT REGIONAL TASK FORCE","MOTORCYCLE_ORGANIZATION",,"MI","USA","AUTHENTICATION_PENDING","False","False"
"BD_BOOK_EXP_00051","Wayne County Sheriff's Office","MOTORCYCLE_ORGANIZATION",,"MI","USA","PUBLIC_SOURCE_FOUND","True","False"
"BD_BOOK_EXP_00049","Hennepin County Sheriff's Office","MOTORCYCLE_ORGANIZATION",,"MN","USA","PUBLIC_SOURCE_FOUND","True","False"
"BD_BOOK_EXP_01264","MINNEAPOLIS CITY PROSECUTOR OFFICE","MOTORCYCLE_ORGANIZATION",,"MN","USA","AUTHENTICATION_PENDING","False","False"
"BD_BOOK_EXP_01266","MINNEAPOLIS COMMUNITY COLLEGE POLICE","MOTORCYCLE_ORGANIZATION",,"MN","USA","AUTHENTICATION_PENDING","False","False"
"BD_BOOK_EXP_01262","MINNEAPOLIS COUNTY SHERIFF OFFICE","MOTORCYCLE_ORGANIZATION",,"MN","USA","AUTHENTICATION_PENDING","False","False"
"BD_BOOK_EXP_01267","MINNEAPOLIS GANG / VIOLENT CRIME UNIT","MOTORCYCLE_ORGANIZATION",,"MN","USA","AUTHENTICATION_PENDING","False","False"
"BD_BOOK_EXP_01270","MINNEAPOLIS LAW ENFORCEMENT TRAINING DIVISION","MOTORCYCLE_ORGANIZATION",,"MN","USA","AUTHENTICATION_PENDING","False","False"
"BD_BOOK_EXP_01263","MINNEAPOLIS MUNICIPAL COURT","MOTORCYCLE_ORGANIZATION",,"MN","USA","AUTHENTICATION_PENDING","False","False"
"BD_BOOK_EXP_01268","MINNEAPOLIS NARCOTICS / ORGANIZED CRIME UNIT","MOTORCYCLE_ORGANIZATION",,"MN","USA","AUTHENTICATION_PENDING","False","False"
"BD_BOOK_EXP_00048","Minneapolis Police Department","MOTORCYCLE_ORGANIZATION",,"MN","USA","PUBLIC_SOURCE_FOUND","True","False"
"BD_BOOK_EXP_01265","MINNEAPOLIS PUBLIC SAFETY DEPARTMENT","MOTORCYCLE_ORGANIZATION",,"MN","USA","AUTHENTICATION_PENDING","False","False"
"BD_BOOK_EXP_01269","MINNEAPOLIS REGIONAL TASK FORCE","MOTORCYCLE_ORGANIZATION",,"MN","USA","AUTHENTICATION_PENDING","False","False"
"BD_BOOK_EXP_00061","Jackson County Sheriff's Office","MOTORCYCLE_ORGANIZATION",,"MO","USA","PUBLIC_SOURCE_FOUND","True","False"
"BD_BOOK_EXP_01176","KANSAS CITY CITY PROSECUTOR OFFICE","MOTORCYCLE_ORGANIZATION",,"MO","USA","AUTHENTICATION_PENDING","False","False"
"BD_BOOK_EXP_01178","KANSAS CITY COMMUNITY COLLEGE POLICE","MOTORCYCLE_ORGANIZATION",,"MO","USA","AUTHENTICATION_PENDING","False","False"
"BD_BOOK_EXP_01174","KANSAS CITY COUNTY SHERIFF OFFICE","MOTORCYCLE_ORGANIZATION",,"MO","USA","AUTHENTICATION_PENDING","False","False"
"BD_BOOK_EXP_01179","KANSAS CITY GANG / VIOLENT CRIME UNIT","MOTORCYCLE_ORGANIZATION",,"MO","USA","AUTHENTICATION_PENDING","False","False"
"BD_BOOK_EXP_01182","KANSAS CITY LAW ENFORCEMENT TRAINING DIVISION","MOTORCYCLE_ORGANIZATION",,"MO","USA","AUTHENTICATION_PENDING","False","False"
"BD_BOOK_EXP_01175","KANSAS CITY MUNICIPAL COURT","MOTORCYCLE_ORGANIZATION",,"MO","USA","AUTHENTICATION_PENDING","False","False"
"BD_BOOK_EXP_01180","KANSAS CITY NARCOTICS / ORGANIZED CRIME UNIT","MOTORCYCLE_ORGANIZATION",,"MO","USA","AUTHENTICATION_PENDING","False","False"
"BD_BOOK_EXP_00060","Kansas City Police Department","MOTORCYCLE_ORGANIZATION",,"MO","USA","PUBLIC_SOURCE_FOUND","True","False"
"BD_BOOK_EXP_01177","KANSAS CITY PUBLIC SAFETY DEPARTMENT","MOTORCYCLE_ORGANIZATION",,"MO","USA","AUTHENTICATION_PENDING","False","False"
"BD_BOOK_EXP_01181","KANSAS CITY REGIONAL TASK FORCE","MOTORCYCLE_ORGANIZATION",,"MO","USA","AUTHENTICATION_PENDING","False","False"
"BD_BOOK_EXP_00559","Albuquerque","MOTORCYCLE_ORGANIZATION",,"National","USA","AUTHENTICATION_PENDING","False","False"
"BD_BOOK_EXP_00576","Arlington","MOTORCYCLE_ORGANIZATION",,"National","USA","AUTHENTICATION_PENDING","False","False"
"BD_BOOK_EXP_00565","Atlanta","MOTORCYCLE_ORGANIZATION",,"National","USA","AUTHENTICATION_PENDING","False","False"
"BD_BOOK_EXP_00538","Austin","MOTORCYCLE_ORGANIZATION",,"National","USA","AUTHENTICATION_PENDING","False","False"
"BD_BOOK_EXP_00557","Baltimore","MOTORCYCLE_ORGANIZATION",,"National","USA","AUTHENTICATION_PENDING","False","False"
"BD_BOOK_EXP_00587","Beverly Hills BMW Wilshire Showroom ??? Los Angeles, CA","MOTORCYCLE_ORGANIZATION",,"National","USA","AUTHENTICATION_PENDING","False","False"
"BD_BOOK_OP_00016","Blue Knights International","LAW_ENFORCEMENT_MOTORCYCLE_ORGANIZATION",,"National","USA","PUBLIC_SOURCE_FOUND","True","False"
"BD_BOOK_EXP_00548","Boston","MOTORCYCLE_ORGANIZATION",,"National","USA","AUTHENTICATION_PENDING","False","False"
"BD_BOOK_EXP_00783","Brickell Office Tower ??? Miami, FL","MOTORCYCLE_ORGANIZATION",,"National","USA","AUTHENTICATION_PENDING","False","False"
"BD_BOOK_OP_00019","Buffalo Soldiers Motorcycle Club","MOTORCYCLE_CLUB",,"National","USA","PUBLIC_SOURCE_FOUND","True","False"
"BD_BOOK_EXP_00542","Charlotte","MOTORCYCLE_ORGANIZATION",,"National","USA","AUTHENTICATION_PENDING","False","False"
"BD_BOOK_EXP_00530","Chicago","MOTORCYCLE_ORGANIZATION",,"National","USA","AUTHENTICATION_PENDING","False","False"
"BD_BOOK_EXP_00787","Coconut Grove Private Client ??? Miami, FL","MOTORCYCLE_ORGANIZATION",,"National","USA","AUTHENTICATION_PENDING","False","False"
"BD_BOOK_EXP_00734","Collector Garage Network ??? Albuquerque, NM","MOTORCYCLE_ORGANIZATION",,"National","USA","AUTHENTICATION_PENDING","False","False"
"BD_BOOK_EXP_00819","Collector Garage Network ??? Arlington, TX","MOTORCYCLE_ORGANIZATION",,"National","USA","AUTHENTICATION_PENDING","False","False"
"BD_BOOK_EXP_00764","Collector Garage Network ??? Atlanta, GA","MOTORCYCLE_ORGANIZATION",,"National","USA","AUTHENTICATION_PENDING","False","False"
"BD_BOOK_EXP_00629","Collector Garage Network ??? Austin, TX","MOTORCYCLE_ORGANIZATION",,"National","USA","AUTHENTICATION_PENDING","False","False"
"BD_BOOK_EXP_00724","Collector Garage Network ??? Baltimore, MD","MOTORCYCLE_ORGANIZATION",,"National","USA","AUTHENTICATION_PENDING","False","False"
"BD_BOOK_EXP_00679","Collector Garage Network ??? Boston, MA","MOTORCYCLE_ORGANIZATION",,"National","USA","AUTHENTICATION_PENDING","False","False"
"BD_BOOK_EXP_00649","Collector Garage Network ??? Charlotte, NC","MOTORCYCLE_ORGANIZATION",,"National","USA","AUTHENTICATION_PENDING","False","False"
"BD_BOOK_EXP_00589","Collector Garage Network ??? Chicago, IL","MOTORCYCLE_ORGANIZATION",,"National","USA","AUTHENTICATION_PENDING","False","False"
"BD_BOOK_EXP_00769","Collector Garage Network ??? Colorado Springs, CO","MOTORCYCLE_ORGANIZATION",,"National","USA","AUTHENTICATION_PENDING","False","False"
"BD_BOOK_EXP_00644","Collector Garage Network ??? Columbus, OH","MOTORCYCLE_ORGANIZATION",,"National","USA","AUTHENTICATION_PENDING","False","False"
"BD_BOOK_EXP_00619","Collector Garage Network ??? Dallas, TX","MOTORCYCLE_ORGANIZATION",,"National","USA","AUTHENTICATION_PENDING","False","False"
"BD_BOOK_EXP_00669","Collector Garage Network ??? Denver, CO","MOTORCYCLE_ORGANIZATION",,"National","USA","AUTHENTICATION_PENDING","False","False"
"BD_BOOK_EXP_00694","Collector Garage Network ??? Detroit, MI","MOTORCYCLE_ORGANIZATION",,"National","USA","AUTHENTICATION_PENDING","False","False"
"BD_BOOK_EXP_00684","Collector Garage Network ??? El Paso, TX","MOTORCYCLE_ORGANIZATION",,"National","USA","AUTHENTICATION_PENDING","False","False"
"BD_BOOK_EXP_00639","Collector Garage Network ??? Fort Worth, TX","MOTORCYCLE_ORGANIZATION",,"National","USA","AUTHENTICATION_PENDING","False","False"
"BD_BOOK_EXP_00744","Collector Garage Network ??? Fresno, CA","MOTORCYCLE_ORGANIZATION",,"National","USA","AUTHENTICATION_PENDING","False","False"
"BD_BOOK_EXP_00594","Collector Garage Network ??? Houston, TX","MOTORCYCLE_ORGANIZATION",,"National","USA","AUTHENTICATION_PENDING","False","False"
"BD_BOOK_EXP_00659","Collector Garage Network ??? Indianapolis, IN","MOTORCYCLE_ORGANIZATION",,"National","USA","AUTHENTICATION_PENDING","False","False"
"BD_BOOK_EXP_00634","Collector Garage Network ??? Jacksonville, FL","MOTORCYCLE_ORGANIZATION",,"National","USA","AUTHENTICATION_PENDING","False","False"
"BD_BOOK_EXP_00759","Collector Garage Network ??? Kansas City, MO","MOTORCYCLE_ORGANIZATION",,"National","USA","AUTHENTICATION_PENDING","False","False"
"BD_BOOK_EXP_00709","Collector Garage Network ??? Las Vegas, NV","MOTORCYCLE_ORGANIZATION",,"National","USA","AUTHENTICATION_PENDING","False","False"
"BD_BOOK_EXP_00789","Collector Garage Network ??? Long Beach, CA","MOTORCYCLE_ORGANIZATION",,"National","USA","AUTHENTICATION_PENDING","False","False"
"BD_BOOK_EXP_00719","Collector Garage Network ??? Louisville, KY","MOTORCYCLE_ORGANIZATION",,"National","USA","AUTHENTICATION_PENDING","False","False"
"BD_BOOK_EXP_00714","Collector Garage Network ??? Memphis, TN","MOTORCYCLE_ORGANIZATION",,"National","USA","AUTHENTICATION_PENDING","False","False"
"BD_BOOK_EXP_00754","Collector Garage Network ??? Mesa, AZ","MOTORCYCLE_ORGANIZATION",,"National","USA","AUTHENTICATION_PENDING","False","False"
"BD_BOOK_EXP_00729","Collector Garage Network ??? Milwaukee, WI","MOTORCYCLE_ORGANIZATION",,"National","USA","AUTHENTICATION_PENDING","False","False"
"BD_BOOK_EXP_00804","Collector Garage Network ??? Minneapolis, MN","MOTORCYCLE_ORGANIZATION",,"National","USA","AUTHENTICATION_PENDING","False","False"
"BD_BOOK_EXP_00689","Collector Garage Network ??? Nashville, TN","MOTORCYCLE_ORGANIZATION",,"National","USA","AUTHENTICATION_PENDING","False","False"
"BD_BOOK_EXP_00824","Collector Garage Network ??? New Orleans, LA","MOTORCYCLE_ORGANIZATION",,"National","USA","AUTHENTICATION_PENDING","False","False"
"BD_BOOK_EXP_00579","Collector Garage Network ??? New York, NY","MOTORCYCLE_ORGANIZATION",,"National","USA","AUTHENTICATION_PENDING","False","False"
"BD_BOOK_EXP_00799","Collector Garage Network ??? Oakland, CA","MOTORCYCLE_ORGANIZATION",,"National","USA","AUTHENTICATION_PENDING","False","False"
"BD_BOOK_EXP_00699","Collector Garage Network ??? Oklahoma City, OK","MOTORCYCLE_ORGANIZATION",,"National","USA","AUTHENTICATION_PENDING","False","False"
"BD_BOOK_EXP_00774","Collector Garage Network ??? Omaha, NE","MOTORCYCLE_ORGANIZATION",,"National","USA","AUTHENTICATION_PENDING","False","False"
"BD_BOOK_EXP_00604","Collector Garage Network ??? Philadelphia, PA","MOTORCYCLE_ORGANIZATION",,"National","USA","AUTHENTICATION_PENDING","False","False"
"BD_BOOK_EXP_00599","Collector Garage Network ??? Phoenix, AZ","MOTORCYCLE_ORGANIZATION",,"National","USA","AUTHENTICATION_PENDING","False","False"
"BD_BOOK_EXP_00704","Collector Garage Network ??? Portland, OR","MOTORCYCLE_ORGANIZATION",,"National","USA","AUTHENTICATION_PENDING","False","False"
"BD_BOOK_EXP_00779","Collector Garage Network ??? Raleigh, NC","MOTORCYCLE_ORGANIZATION",,"National","USA","AUTHENTICATION_PENDING","False","False"
"BD_BOOK_EXP_00749","Collector Garage Network ??? Sacramento, CA","MOTORCYCLE_ORGANIZATION",,"National","USA","AUTHENTICATION_PENDING","False","False"
"BD_BOOK_EXP_00609","Collector Garage Network ??? San Antonio, TX","MOTORCYCLE_ORGANIZATION",,"National","USA","AUTHENTICATION_PENDING","False","False"
"BD_BOOK_EXP_00614","Collector Garage Network ??? San Diego, CA","MOTORCYCLE_ORGANIZATION",,"National","USA","AUTHENTICATION_PENDING","False","False"
"BD_BOOK_EXP_00654","Collector Garage Network ??? San Francisco, CA","MOTORCYCLE_ORGANIZATION",,"National","USA","AUTHENTICATION_PENDING","False","False"
"BD_BOOK_EXP_00624","Collector Garage Network ??? San Jose, CA","MOTORCYCLE_ORGANIZATION",,"National","USA","AUTHENTICATION_PENDING","False","False"
"BD_BOOK_EXP_00664","Collector Garage Network ??? Seattle, WA","MOTORCYCLE_ORGANIZATION",,"National","USA","AUTHENTICATION_PENDING","False","False"
"BD_BOOK_EXP_00814","Collector Garage Network ??? Tampa, FL","MOTORCYCLE_ORGANIZATION",,"National","USA","AUTHENTICATION_PENDING","False","False"
"BD_BOOK_EXP_00739","Collector Garage Network ??? Tucson, AZ","MOTORCYCLE_ORGANIZATION",,"National","USA","AUTHENTICATION_PENDING","False","False"
"BD_BOOK_EXP_00809","Collector Garage Network ??? Tulsa, OK","MOTORCYCLE_ORGANIZATION",,"National","USA","AUTHENTICATION_PENDING","False","False"
"BD_BOOK_EXP_00794","Collector Garage Network ??? Virginia Beach, VA","MOTORCYCLE_ORGANIZATION",,"National","USA","AUTHENTICATION_PENDING","False","False"
"BD_BOOK_EXP_00674","Collector Garage Network ??? Washington, DC","MOTORCYCLE_ORGANIZATION",,"National","USA","AUTHENTICATION_PENDING","False","False"
"BD_BOOK_EXP_00566","Colorado Springs","MOTORCYCLE_ORGANIZATION",,"National","USA","AUTHENTICATION_PENDING","False","False"
"BD_BOOK_EXP_00541","Columbus","MOTORCYCLE_ORGANIZATION",,"National","USA","AUTHENTICATION_PENDING","False","False"
"BD_BOOK_OP_00009","Combat Veterans Motorcycle Association","VETERANS_MOTORCYCLE_CLUB",,"National","USA","PUBLIC_SOURCE_FOUND","True","False"
"BD_BOOK_EXP_00536","Dallas","MOTORCYCLE_ORGANIZATION",,"National","USA","AUTHENTICATION_PENDING","False","False"
"BD_BOOK_EXP_00546","Denver","MOTORCYCLE_ORGANIZATION",,"National","USA","AUTHENTICATION_PENDING","False","False"
"BD_BOOK_EXP_00551","Detroit","MOTORCYCLE_ORGANIZATION",,"National","USA","AUTHENTICATION_PENDING","False","False"
"BD_BOOK_EXP_00785","Downtown Civic Corridor ??? Miami, FL","MOTORCYCLE_ORGANIZATION",,"National","USA","AUTHENTICATION_PENDING","False","False"
"BD_BOOK_EXP_00549","El Paso","MOTORCYCLE_ORGANIZATION",,"National","USA","AUTHENTICATION_PENDING","False","False"
"BD_BOOK_EXP_00514","Example Public Motorcycle Organization","MOTORCYCLE_ORGANIZATION",,"National","USA","AUTHENTICATION_PENDING","False","False"
"BD_BOOK_EXP_00735","Executive Fleet Operator ??? Albuquerque, NM","MOTORCYCLE_ORGANIZATION",,"National","USA","AUTHENTICATION_PENDING","False","False"
"BD_BOOK_EXP_00820","Executive Fleet Operator ??? Arlington, TX","MOTORCYCLE_ORGANIZATION",,"National","USA","AUTHENTICATION_PENDING","False","False"
"BD_BOOK_EXP_00765","Executive Fleet Operator ??? Atlanta, GA","MOTORCYCLE_ORGANIZATION",,"National","USA","AUTHENTICATION_PENDING","False","False"
"BD_BOOK_EXP_00630","Executive Fleet Operator ??? Austin, TX","MOTORCYCLE_ORGANIZATION",,"National","USA","AUTHENTICATION_PENDING","False","False"
"BD_BOOK_EXP_00725","Executive Fleet Operator ??? Baltimore, MD","MOTORCYCLE_ORGANIZATION",,"National","USA","AUTHENTICATION_PENDING","False","False"
"BD_BOOK_EXP_00680","Executive Fleet Operator ??? Boston, MA","MOTORCYCLE_ORGANIZATION",,"National","USA","AUTHENTICATION_PENDING","False","False"
"BD_BOOK_EXP_00650","Executive Fleet Operator ??? Charlotte, NC","MOTORCYCLE_ORGANIZATION",,"National","USA","AUTHENTICATION_PENDING","False","False"
"BD_BOOK_EXP_00590","Executive Fleet Operator ??? Chicago, IL","MOTORCYCLE_ORGANIZATION",,"National","USA","AUTHENTICATION_PENDING","False","False"
"BD_BOOK_EXP_00770","Executive Fleet Operator ??? Colorado Springs, CO","MOTORCYCLE_ORGANIZATION",,"National","USA","AUTHENTICATION_PENDING","False","False"
"BD_BOOK_EXP_00645","Executive Fleet Operator ??? Columbus, OH","MOTORCYCLE_ORGANIZATION",,"National","USA","AUTHENTICATION_PENDING","False","False"
"BD_BOOK_EXP_00620","Executive Fleet Operator ??? Dallas, TX","MOTORCYCLE_ORGANIZATION",,"National","USA","AUTHENTICATION_PENDING","False","False"
"BD_BOOK_EXP_00670","Executive Fleet Operator ??? Denver, CO","MOTORCYCLE_ORGANIZATION",,"National","USA","AUTHENTICATION_PENDING","False","False"
"BD_BOOK_EXP_00695","Executive Fleet Operator ??? Detroit, MI","MOTORCYCLE_ORGANIZATION",,"National","USA","AUTHENTICATION_PENDING","False","False"
"BD_BOOK_EXP_00685","Executive Fleet Operator ??? El Paso, TX","MOTORCYCLE_ORGANIZATION",,"National","USA","AUTHENTICATION_PENDING","False","False"
"BD_BOOK_EXP_00640","Executive Fleet Operator ??? Fort Worth, TX","MOTORCYCLE_ORGANIZATION",,"National","USA","AUTHENTICATION_PENDING","False","False"
"BD_BOOK_EXP_00745","Executive Fleet Operator ??? Fresno, CA","MOTORCYCLE_ORGANIZATION",,"National","USA","AUTHENTICATION_PENDING","False","False"
"BD_BOOK_EXP_00595","Executive Fleet Operator ??? Houston, TX","MOTORCYCLE_ORGANIZATION",,"National","USA","AUTHENTICATION_PENDING","False","False"
"BD_BOOK_EXP_00660","Executive Fleet Operator ??? Indianapolis, IN","MOTORCYCLE_ORGANIZATION",,"National","USA","AUTHENTICATION_PENDING","False","False"
"BD_BOOK_EXP_00635","Executive Fleet Operator ??? Jacksonville, FL","MOTORCYCLE_ORGANIZATION",,"National","USA","AUTHENTICATION_PENDING","False","False"
"BD_BOOK_EXP_00760","Executive Fleet Operator ??? Kansas City, MO","MOTORCYCLE_ORGANIZATION",,"National","USA","AUTHENTICATION_PENDING","False","False"
"BD_BOOK_EXP_00710","Executive Fleet Operator ??? Las Vegas, NV","MOTORCYCLE_ORGANIZATION",,"National","USA","AUTHENTICATION_PENDING","False","False"
"BD_BOOK_EXP_00790","Executive Fleet Operator ??? Long Beach, CA","MOTORCYCLE_ORGANIZATION",,"National","USA","AUTHENTICATION_PENDING","False","False"
"BD_BOOK_EXP_00720","Executive Fleet Operator ??? Louisville, KY","MOTORCYCLE_ORGANIZATION",,"National","USA","AUTHENTICATION_PENDING","False","False"
"BD_BOOK_EXP_00715","Executive Fleet Operator ??? Memphis, TN","MOTORCYCLE_ORGANIZATION",,"National","USA","AUTHENTICATION_PENDING","False","False"
"BD_BOOK_EXP_00755","Executive Fleet Operator ??? Mesa, AZ","MOTORCYCLE_ORGANIZATION",,"National","USA","AUTHENTICATION_PENDING","False","False"
"BD_BOOK_EXP_00730","Executive Fleet Operator ??? Milwaukee, WI","MOTORCYCLE_ORGANIZATION",,"National","USA","AUTHENTICATION_PENDING","False","False"
"BD_BOOK_EXP_00805","Executive Fleet Operator ??? Minneapolis, MN","MOTORCYCLE_ORGANIZATION",,"National","USA","AUTHENTICATION_PENDING","False","False"
"BD_BOOK_EXP_00690","Executive Fleet Operator ??? Nashville, TN","MOTORCYCLE_ORGANIZATION",,"National","USA","AUTHENTICATION_PENDING","False","False"
"BD_BOOK_EXP_00825","Executive Fleet Operator ??? New Orleans, LA","MOTORCYCLE_ORGANIZATION",,"National","USA","AUTHENTICATION_PENDING","False","False"
"BD_BOOK_EXP_00580","Executive Fleet Operator ??? New York, NY","MOTORCYCLE_ORGANIZATION",,"National","USA","AUTHENTICATION_PENDING","False","False"
"BD_BOOK_EXP_00800","Executive Fleet Operator ??? Oakland, CA","MOTORCYCLE_ORGANIZATION",,"National","USA","AUTHENTICATION_PENDING","False","False"
"BD_BOOK_EXP_00700","Executive Fleet Operator ??? Oklahoma City, OK","MOTORCYCLE_ORGANIZATION",,"National","USA","AUTHENTICATION_PENDING","False","False"
"BD_BOOK_EXP_00775","Executive Fleet Operator ??? Omaha, NE","MOTORCYCLE_ORGANIZATION",,"National","USA","AUTHENTICATION_PENDING","False","False"
"BD_BOOK_EXP_00605","Executive Fleet Operator ??? Philadelphia, PA","MOTORCYCLE_ORGANIZATION",,"National","USA","AUTHENTICATION_PENDING","False","False"
"BD_BOOK_EXP_00600","Executive Fleet Operator ??? Phoenix, AZ","MOTORCYCLE_ORGANIZATION",,"National","USA","AUTHENTICATION_PENDING","False","False"
"BD_BOOK_EXP_00705","Executive Fleet Operator ??? Portland, OR","MOTORCYCLE_ORGANIZATION",,"National","USA","AUTHENTICATION_PENDING","False","False"
"BD_BOOK_EXP_00780","Executive Fleet Operator ??? Raleigh, NC","MOTORCYCLE_ORGANIZATION",,"National","USA","AUTHENTICATION_PENDING","False","False"
"BD_BOOK_EXP_00750","Executive Fleet Operator ??? Sacramento, CA","MOTORCYCLE_ORGANIZATION",,"National","USA","AUTHENTICATION_PENDING","False","False"
"BD_BOOK_EXP_00610","Executive Fleet Operator ??? San Antonio, TX","MOTORCYCLE_ORGANIZATION",,"National","USA","AUTHENTICATION_PENDING","False","False"
"BD_BOOK_EXP_00615","Executive Fleet Operator ??? San Diego, CA","MOTORCYCLE_ORGANIZATION",,"National","USA","AUTHENTICATION_PENDING","False","False"
"BD_BOOK_EXP_00655","Executive Fleet Operator ??? San Francisco, CA","MOTORCYCLE_ORGANIZATION",,"National","USA","AUTHENTICATION_PENDING","False","False"
"BD_BOOK_EXP_00625","Executive Fleet Operator ??? San Jose, CA","MOTORCYCLE_ORGANIZATION",,"National","USA","AUTHENTICATION_PENDING","False","False"
"BD_BOOK_EXP_00665","Executive Fleet Operator ??? Seattle, WA","MOTORCYCLE_ORGANIZATION",,"National","USA","AUTHENTICATION_PENDING","False","False"
"BD_BOOK_EXP_00815","Executive Fleet Operator ??? Tampa, FL","MOTORCYCLE_ORGANIZATION",,"National","USA","AUTHENTICATION_PENDING","False","False"
"BD_BOOK_EXP_00740","Executive Fleet Operator ??? Tucson, AZ","MOTORCYCLE_ORGANIZATION",,"National","USA","AUTHENTICATION_PENDING","False","False"
"BD_BOOK_EXP_00810","Executive Fleet Operator ??? Tulsa, OK","MOTORCYCLE_ORGANIZATION",,"National","USA","AUTHENTICATION_PENDING","False","False"
"BD_BOOK_EXP_00795","Executive Fleet Operator ??? Virginia Beach, VA","MOTORCYCLE_ORGANIZATION",,"National","USA","AUTHENTICATION_PENDING","False","False"
"BD_BOOK_EXP_00675","Executive Fleet Operator ??? Washington, DC","MOTORCYCLE_ORGANIZATION",,"National","USA","AUTHENTICATION_PENDING","False","False"
"BD_BOOK_EXP_00540","Fort Worth","MOTORCYCLE_ORGANIZATION",,"National","USA","AUTHENTICATION_PENDING","False","False"
"BD_BOOK_EXP_00561","Fresno","MOTORCYCLE_ORGANIZATION",,"National","USA","AUTHENTICATION_PENDING","False","False"
"BD_BOOK_EXP_01311","HIFLD Local Law Enforcement Locations","MOTORCYCLE_ORGANIZATION",,"National","USA","AUTHENTICATION_PENDING","False","False"
"BD_BOOK_EXP_00736","High-Net-Worth Vehicle Owner ??? Albuquerque, NM","MOTORCYCLE_ORGANIZATION",,"National","USA","AUTHENTICATION_PENDING","False","False"
"BD_BOOK_EXP_00821","High-Net-Worth Vehicle Owner ??? Arlington, TX","MOTORCYCLE_ORGANIZATION",,"National","USA","AUTHENTICATION_PENDING","False","False"
"BD_BOOK_EXP_00766","High-Net-Worth Vehicle Owner ??? Atlanta, GA","MOTORCYCLE_ORGANIZATION",,"National","USA","AUTHENTICATION_PENDING","False","False"
"BD_BOOK_EXP_00631","High-Net-Worth Vehicle Owner ??? Austin, TX","MOTORCYCLE_ORGANIZATION",,"National","USA","AUTHENTICATION_PENDING","False","False"
"BD_BOOK_EXP_00726","High-Net-Worth Vehicle Owner ??? Baltimore, MD","MOTORCYCLE_ORGANIZATION",,"National","USA","AUTHENTICATION_PENDING","False","False"
"BD_BOOK_EXP_00681","High-Net-Worth Vehicle Owner ??? Boston, MA","MOTORCYCLE_ORGANIZATION",,"National","USA","AUTHENTICATION_PENDING","False","False"
"BD_BOOK_EXP_00651","High-Net-Worth Vehicle Owner ??? Charlotte, NC","MOTORCYCLE_ORGANIZATION",,"National","USA","AUTHENTICATION_PENDING","False","False"
"BD_BOOK_EXP_00591","High-Net-Worth Vehicle Owner ??? Chicago, IL","MOTORCYCLE_ORGANIZATION",,"National","USA","AUTHENTICATION_PENDING","False","False"
"BD_BOOK_EXP_00771","High-Net-Worth Vehicle Owner ??? Colorado Springs, CO","MOTORCYCLE_ORGANIZATION",,"National","USA","AUTHENTICATION_PENDING","False","False"
"BD_BOOK_EXP_00646","High-Net-Worth Vehicle Owner ??? Columbus, OH","MOTORCYCLE_ORGANIZATION",,"National","USA","AUTHENTICATION_PENDING","False","False"
"BD_BOOK_EXP_00621","High-Net-Worth Vehicle Owner ??? Dallas, TX","MOTORCYCLE_ORGANIZATION",,"National","USA","AUTHENTICATION_PENDING","False","False"
"BD_BOOK_EXP_00671","High-Net-Worth Vehicle Owner ??? Denver, CO","MOTORCYCLE_ORGANIZATION",,"National","USA","AUTHENTICATION_PENDING","False","False"
"BD_BOOK_EXP_00696","High-Net-Worth Vehicle Owner ??? Detroit, MI","MOTORCYCLE_ORGANIZATION",,"National","USA","AUTHENTICATION_PENDING","False","False"
"BD_BOOK_EXP_00686","High-Net-Worth Vehicle Owner ??? El Paso, TX","MOTORCYCLE_ORGANIZATION",,"National","USA","AUTHENTICATION_PENDING","False","False"
"BD_BOOK_EXP_00641","High-Net-Worth Vehicle Owner ??? Fort Worth, TX","MOTORCYCLE_ORGANIZATION",,"National","USA","AUTHENTICATION_PENDING","False","False"
"BD_BOOK_EXP_00746","High-Net-Worth Vehicle Owner ??? Fresno, CA","MOTORCYCLE_ORGANIZATION",,"National","USA","AUTHENTICATION_PENDING","False","False"
"BD_BOOK_EXP_00596","High-Net-Worth Vehicle Owner ??? Houston, TX","MOTORCYCLE_ORGANIZATION",,"National","USA","AUTHENTICATION_PENDING","False","False"
"BD_BOOK_EXP_00661","High-Net-Worth Vehicle Owner ??? Indianapolis, IN","MOTORCYCLE_ORGANIZATION",,"National","USA","AUTHENTICATION_PENDING","False","False"
"BD_BOOK_EXP_00636","High-Net-Worth Vehicle Owner ??? Jacksonville, FL","MOTORCYCLE_ORGANIZATION",,"National","USA","AUTHENTICATION_PENDING","False","False"
"BD_BOOK_EXP_00761","High-Net-Worth Vehicle Owner ??? Kansas City, MO","MOTORCYCLE_ORGANIZATION",,"National","USA","AUTHENTICATION_PENDING","False","False"
"BD_BOOK_EXP_00711","High-Net-Worth Vehicle Owner ??? Las Vegas, NV","MOTORCYCLE_ORGANIZATION",,"National","USA","AUTHENTICATION_PENDING","False","False"
"BD_BOOK_EXP_00791","High-Net-Worth Vehicle Owner ??? Long Beach, CA","MOTORCYCLE_ORGANIZATION",,"National","USA","AUTHENTICATION_PENDING","False","False"
"BD_BOOK_EXP_00721","High-Net-Worth Vehicle Owner ??? Louisville, KY","MOTORCYCLE_ORGANIZATION",,"National","USA","AUTHENTICATION_PENDING","False","False"
"BD_BOOK_EXP_00716","High-Net-Worth Vehicle Owner ??? Memphis, TN","MOTORCYCLE_ORGANIZATION",,"National","USA","AUTHENTICATION_PENDING","False","False"
"BD_BOOK_EXP_00756","High-Net-Worth Vehicle Owner ??? Mesa, AZ","MOTORCYCLE_ORGANIZATION",,"National","USA","AUTHENTICATION_PENDING","False","False"
"BD_BOOK_EXP_00731","High-Net-Worth Vehicle Owner ??? Milwaukee, WI","MOTORCYCLE_ORGANIZATION",,"National","USA","AUTHENTICATION_PENDING","False","False"
"BD_BOOK_EXP_00806","High-Net-Worth Vehicle Owner ??? Minneapolis, MN","MOTORCYCLE_ORGANIZATION",,"National","USA","AUTHENTICATION_PENDING","False","False"
"BD_BOOK_EXP_00691","High-Net-Worth Vehicle Owner ??? Nashville, TN","MOTORCYCLE_ORGANIZATION",,"National","USA","AUTHENTICATION_PENDING","False","False"
"BD_BOOK_EXP_00826","High-Net-Worth Vehicle Owner ??? New Orleans, LA","MOTORCYCLE_ORGANIZATION",,"National","USA","AUTHENTICATION_PENDING","False","False"
"BD_BOOK_EXP_00581","High-Net-Worth Vehicle Owner ??? New York, NY","MOTORCYCLE_ORGANIZATION",,"National","USA","AUTHENTICATION_PENDING","False","False"
"BD_BOOK_EXP_00801","High-Net-Worth Vehicle Owner ??? Oakland, CA","MOTORCYCLE_ORGANIZATION",,"National","USA","AUTHENTICATION_PENDING","False","False"
"BD_BOOK_EXP_00701","High-Net-Worth Vehicle Owner ??? Oklahoma City, OK","MOTORCYCLE_ORGANIZATION",,"National","USA","AUTHENTICATION_PENDING","False","False"
"BD_BOOK_EXP_00776","High-Net-Worth Vehicle Owner ??? Omaha, NE","MOTORCYCLE_ORGANIZATION",,"National","USA","AUTHENTICATION_PENDING","False","False"
"BD_BOOK_EXP_00606","High-Net-Worth Vehicle Owner ??? Philadelphia, PA","MOTORCYCLE_ORGANIZATION",,"National","USA","AUTHENTICATION_PENDING","False","False"
"BD_BOOK_EXP_00601","High-Net-Worth Vehicle Owner ??? Phoenix, AZ","MOTORCYCLE_ORGANIZATION",,"National","USA","AUTHENTICATION_PENDING","False","False"
"BD_BOOK_EXP_00706","High-Net-Worth Vehicle Owner ??? Portland, OR","MOTORCYCLE_ORGANIZATION",,"National","USA","AUTHENTICATION_PENDING","False","False"
"BD_BOOK_EXP_00781","High-Net-Worth Vehicle Owner ??? Raleigh, NC","MOTORCYCLE_ORGANIZATION",,"National","USA","AUTHENTICATION_PENDING","False","False"
"BD_BOOK_EXP_00751","High-Net-Worth Vehicle Owner ??? Sacramento, CA","MOTORCYCLE_ORGANIZATION",,"National","USA","AUTHENTICATION_PENDING","False","False"
"BD_BOOK_EXP_00611","High-Net-Worth Vehicle Owner ??? San Antonio, TX","MOTORCYCLE_ORGANIZATION",,"National","USA","AUTHENTICATION_PENDING","False","False"
"BD_BOOK_EXP_00616","High-Net-Worth Vehicle Owner ??? San Diego, CA","MOTORCYCLE_ORGANIZATION",,"National","USA","AUTHENTICATION_PENDING","False","False"
"BD_BOOK_EXP_00656","High-Net-Worth Vehicle Owner ??? San Francisco, CA","MOTORCYCLE_ORGANIZATION",,"National","USA","AUTHENTICATION_PENDING","False","False"
"BD_BOOK_EXP_00626","High-Net-Worth Vehicle Owner ??? San Jose, CA","MOTORCYCLE_ORGANIZATION",,"National","USA","AUTHENTICATION_PENDING","False","False"
"BD_BOOK_EXP_00666","High-Net-Worth Vehicle Owner ??? Seattle, WA","MOTORCYCLE_ORGANIZATION",,"National","USA","AUTHENTICATION_PENDING","False","False"
"BD_BOOK_EXP_00816","High-Net-Worth Vehicle Owner ??? Tampa, FL","MOTORCYCLE_ORGANIZATION",,"National","USA","AUTHENTICATION_PENDING","False","False"
"BD_BOOK_EXP_00741","High-Net-Worth Vehicle Owner ??? Tucson, AZ","MOTORCYCLE_ORGANIZATION",,"National","USA","AUTHENTICATION_PENDING","False","False"
"BD_BOOK_EXP_00811","High-Net-Worth Vehicle Owner ??? Tulsa, OK","MOTORCYCLE_ORGANIZATION",,"National","USA","AUTHENTICATION_PENDING","False","False"
"BD_BOOK_EXP_00796","High-Net-Worth Vehicle Owner ??? Virginia Beach, VA","MOTORCYCLE_ORGANIZATION",,"National","USA","AUTHENTICATION_PENDING","False","False"
"BD_BOOK_EXP_00676","High-Net-Worth Vehicle Owner ??? Washington, DC","MOTORCYCLE_ORGANIZATION",,"National","USA","AUTHENTICATION_PENDING","False","False"
"BD_BOOK_EXP_00531","Houston","MOTORCYCLE_ORGANIZATION",,"National","USA","AUTHENTICATION_PENDING","False","False"
"BD_BOOK_EXP_00544","Indianapolis","MOTORCYCLE_ORGANIZATION",,"National","USA","AUTHENTICATION_PENDING","False","False"
"BD_BOOK_EXP_00515","Iron Brotherhood MC","MOTORCYCLE_CLUB",,"National","USA","AUTHENTICATION_PENDING","False","False"
"BD_BOOK_OP_00008","Iron Order Motorcycle Club","MOTORCYCLE_CLUB",,"National","USA","PUBLIC_SOURCE_FOUND","True","False"
"BD_BOOK_EXP_00539","Jacksonville","MOTORCYCLE_ORGANIZATION",,"National","USA","AUTHENTICATION_PENDING","False","False"
"BD_BOOK_EXP_00564","Kansas City","MOTORCYCLE_ORGANIZATION",,"National","USA","AUTHENTICATION_PENDING","False","False"
"BD_BOOK_EXP_00554","Las Vegas","MOTORCYCLE_ORGANIZATION",,"National","USA","AUTHENTICATION_PENDING","False","False"
"BD_BOOK_OP_00017","Law Tigers","MOTORCYCLE_LEGAL_NETWORK",,"National","USA","PUBLIC_SOURCE_FOUND","True","False"
"BD_BOOK_EXP_00786","Little Havana Executive Residence ??? Miami, FL","MOTORCYCLE_ORGANIZATION",,"National","USA","AUTHENTICATION_PENDING","False","False"
"BD_BOOK_EXP_00570","Long Beach","MOTORCYCLE_ORGANIZATION",,"National","USA","AUTHENTICATION_PENDING","False","False"
"BD_BOOK_EXP_00529","Los Angeles","MOTORCYCLE_ORGANIZATION",,"National","USA","AUTHENTICATION_PENDING","False","False"
"BD_BOOK_EXP_00556","Louisville","MOTORCYCLE_ORGANIZATION",,"National","USA","AUTHENTICATION_PENDING","False","False"
"BD_BOOK_EXP_00733","Luxury Auto Cluster ??? Albuquerque, NM","MOTORCYCLE_ORGANIZATION",,"National","USA","AUTHENTICATION_PENDING","False","False"
"BD_BOOK_EXP_00818","Luxury Auto Cluster ??? Arlington, TX","MOTORCYCLE_ORGANIZATION",,"National","USA","AUTHENTICATION_PENDING","False","False"
"BD_BOOK_EXP_00763","Luxury Auto Cluster ??? Atlanta, GA","MOTORCYCLE_ORGANIZATION",,"National","USA","AUTHENTICATION_PENDING","False","False"
"BD_BOOK_EXP_00628","Luxury Auto Cluster ??? Austin, TX","MOTORCYCLE_ORGANIZATION",,"National","USA","AUTHENTICATION_PENDING","False","False"
"BD_BOOK_EXP_00723","Luxury Auto Cluster ??? Baltimore, MD","MOTORCYCLE_ORGANIZATION",,"National","USA","AUTHENTICATION_PENDING","False","False"
"BD_BOOK_EXP_00678","Luxury Auto Cluster ??? Boston, MA","MOTORCYCLE_ORGANIZATION",,"National","USA","AUTHENTICATION_PENDING","False","False"
"BD_BOOK_EXP_00648","Luxury Auto Cluster ??? Charlotte, NC","MOTORCYCLE_ORGANIZATION",,"National","USA","AUTHENTICATION_PENDING","False","False"
"BD_BOOK_EXP_00588","Luxury Auto Cluster ??? Chicago, IL","MOTORCYCLE_ORGANIZATION",,"National","USA","AUTHENTICATION_PENDING","False","False"
"BD_BOOK_EXP_00768","Luxury Auto Cluster ??? Colorado Springs, CO","MOTORCYCLE_ORGANIZATION",,"National","USA","AUTHENTICATION_PENDING","False","False"
"BD_BOOK_EXP_00643","Luxury Auto Cluster ??? Columbus, OH","MOTORCYCLE_ORGANIZATION",,"National","USA","AUTHENTICATION_PENDING","False","False"
"BD_BOOK_EXP_00618","Luxury Auto Cluster ??? Dallas, TX","MOTORCYCLE_ORGANIZATION",,"National","USA","AUTHENTICATION_PENDING","False","False"
"BD_BOOK_EXP_00668","Luxury Auto Cluster ??? Denver, CO","MOTORCYCLE_ORGANIZATION",,"National","USA","AUTHENTICATION_PENDING","False","False"
"BD_BOOK_EXP_00693","Luxury Auto Cluster ??? Detroit, MI","MOTORCYCLE_ORGANIZATION",,"National","USA","AUTHENTICATION_PENDING","False","False"
"BD_BOOK_EXP_00683","Luxury Auto Cluster ??? El Paso, TX","MOTORCYCLE_ORGANIZATION",,"National","USA","AUTHENTICATION_PENDING","False","False"
"BD_BOOK_EXP_00638","Luxury Auto Cluster ??? Fort Worth, TX","MOTORCYCLE_ORGANIZATION",,"National","USA","AUTHENTICATION_PENDING","False","False"
"BD_BOOK_EXP_00743","Luxury Auto Cluster ??? Fresno, CA","MOTORCYCLE_ORGANIZATION",,"National","USA","AUTHENTICATION_PENDING","False","False"
"BD_BOOK_EXP_00593","Luxury Auto Cluster ??? Houston, TX","MOTORCYCLE_ORGANIZATION",,"National","USA","AUTHENTICATION_PENDING","False","False"
"BD_BOOK_EXP_00658","Luxury Auto Cluster ??? Indianapolis, IN","MOTORCYCLE_ORGANIZATION",,"National","USA","AUTHENTICATION_PENDING","False","False"
"BD_BOOK_EXP_00633","Luxury Auto Cluster ??? Jacksonville, FL","MOTORCYCLE_ORGANIZATION",,"National","USA","AUTHENTICATION_PENDING","False","False"
"BD_BOOK_EXP_00758","Luxury Auto Cluster ??? Kansas City, MO","MOTORCYCLE_ORGANIZATION",,"National","USA","AUTHENTICATION_PENDING","False","False"
"BD_BOOK_EXP_00708","Luxury Auto Cluster ??? Las Vegas, NV","MOTORCYCLE_ORGANIZATION",,"National","USA","AUTHENTICATION_PENDING","False","False"
"BD_BOOK_EXP_00788","Luxury Auto Cluster ??? Long Beach, CA","MOTORCYCLE_ORGANIZATION",,"National","USA","AUTHENTICATION_PENDING","False","False"
"BD_BOOK_EXP_00718","Luxury Auto Cluster ??? Louisville, KY","MOTORCYCLE_ORGANIZATION",,"National","USA","AUTHENTICATION_PENDING","False","False"
"BD_BOOK_EXP_00713","Luxury Auto Cluster ??? Memphis, TN","MOTORCYCLE_ORGANIZATION",,"National","USA","AUTHENTICATION_PENDING","False","False"
"BD_BOOK_EXP_00753","Luxury Auto Cluster ??? Mesa, AZ","MOTORCYCLE_ORGANIZATION",,"National","USA","AUTHENTICATION_PENDING","False","False"
"BD_BOOK_EXP_00728","Luxury Auto Cluster ??? Milwaukee, WI","MOTORCYCLE_ORGANIZATION",,"National","USA","AUTHENTICATION_PENDING","False","False"
"BD_BOOK_EXP_00803","Luxury Auto Cluster ??? Minneapolis, MN","MOTORCYCLE_ORGANIZATION",,"National","USA","AUTHENTICATION_PENDING","False","False"
"BD_BOOK_EXP_00688","Luxury Auto Cluster ??? Nashville, TN","MOTORCYCLE_ORGANIZATION",,"National","USA","AUTHENTICATION_PENDING","False","False"
"BD_BOOK_EXP_00823","Luxury Auto Cluster ??? New Orleans, LA","MOTORCYCLE_ORGANIZATION",,"National","USA","AUTHENTICATION_PENDING","False","False"
"BD_BOOK_EXP_00578","Luxury Auto Cluster ??? New York, NY","MOTORCYCLE_ORGANIZATION",,"National","USA","AUTHENTICATION_PENDING","False","False"
"BD_BOOK_EXP_00798","Luxury Auto Cluster ??? Oakland, CA","MOTORCYCLE_ORGANIZATION",,"National","USA","AUTHENTICATION_PENDING","False","False"
"BD_BOOK_EXP_00698","Luxury Auto Cluster ??? Oklahoma City, OK","MOTORCYCLE_ORGANIZATION",,"National","USA","AUTHENTICATION_PENDING","False","False"
"BD_BOOK_EXP_00773","Luxury Auto Cluster ??? Omaha, NE","MOTORCYCLE_ORGANIZATION",,"National","USA","AUTHENTICATION_PENDING","False","False"
"BD_BOOK_EXP_00603","Luxury Auto Cluster ??? Philadelphia, PA","MOTORCYCLE_ORGANIZATION",,"National","USA","AUTHENTICATION_PENDING","False","False"
"BD_BOOK_EXP_00598","Luxury Auto Cluster ??? Phoenix, AZ","MOTORCYCLE_ORGANIZATION",,"National","USA","AUTHENTICATION_PENDING","False","False"
"BD_BOOK_EXP_00703","Luxury Auto Cluster ??? Portland, OR","MOTORCYCLE_ORGANIZATION",,"National","USA","AUTHENTICATION_PENDING","False","False"
"BD_BOOK_EXP_00778","Luxury Auto Cluster ??? Raleigh, NC","MOTORCYCLE_ORGANIZATION",,"National","USA","AUTHENTICATION_PENDING","False","False"
"BD_BOOK_EXP_00748","Luxury Auto Cluster ??? Sacramento, CA","MOTORCYCLE_ORGANIZATION",,"National","USA","AUTHENTICATION_PENDING","False","False"
"BD_BOOK_EXP_00608","Luxury Auto Cluster ??? San Antonio, TX","MOTORCYCLE_ORGANIZATION",,"National","USA","AUTHENTICATION_PENDING","False","False"
"BD_BOOK_EXP_00613","Luxury Auto Cluster ??? San Diego, CA","MOTORCYCLE_ORGANIZATION",,"National","USA","AUTHENTICATION_PENDING","False","False"
"BD_BOOK_EXP_00653","Luxury Auto Cluster ??? San Francisco, CA","MOTORCYCLE_ORGANIZATION",,"National","USA","AUTHENTICATION_PENDING","False","False"
"BD_BOOK_EXP_00623","Luxury Auto Cluster ??? San Jose, CA","MOTORCYCLE_ORGANIZATION",,"National","USA","AUTHENTICATION_PENDING","False","False"
"BD_BOOK_EXP_00663","Luxury Auto Cluster ??? Seattle, WA","MOTORCYCLE_ORGANIZATION",,"National","USA","AUTHENTICATION_PENDING","False","False"
"BD_BOOK_EXP_00813","Luxury Auto Cluster ??? Tampa, FL","MOTORCYCLE_ORGANIZATION",,"National","USA","AUTHENTICATION_PENDING","False","False"
"BD_BOOK_EXP_00738","Luxury Auto Cluster ??? Tucson, AZ","MOTORCYCLE_ORGANIZATION",,"National","USA","AUTHENTICATION_PENDING","False","False"
"BD_BOOK_EXP_00808","Luxury Auto Cluster ??? Tulsa, OK","MOTORCYCLE_ORGANIZATION",,"National","USA","AUTHENTICATION_PENDING","False","False"
"BD_BOOK_EXP_00793","Luxury Auto Cluster ??? Virginia Beach, VA","MOTORCYCLE_ORGANIZATION",,"National","USA","AUTHENTICATION_PENDING","False","False"
"BD_BOOK_EXP_00673","Luxury Auto Cluster ??? Washington, DC","MOTORCYCLE_ORGANIZATION",,"National","USA","AUTHENTICATION_PENDING","False","False"
"BD_BOOK_EXP_00555","Memphis","MOTORCYCLE_ORGANIZATION",,"National","USA","AUTHENTICATION_PENDING","False","False"
"BD_BOOK_EXP_00563","Mesa","MOTORCYCLE_ORGANIZATION",,"National","USA","AUTHENTICATION_PENDING","False","False"
"BD_BOOK_EXP_00569","Miami","MOTORCYCLE_ORGANIZATION",,"National","USA","AUTHENTICATION_PENDING","False","False"
"BD_BOOK_EXP_00586","Midway LAX Luxury Rental Hub ??? Los Angeles, CA","MOTORCYCLE_ORGANIZATION",,"National","USA","AUTHENTICATION_PENDING","False","False"
"BD_BOOK_EXP_00558","Milwaukee","MOTORCYCLE_ORGANIZATION",,"National","USA","AUTHENTICATION_PENDING","False","False"
"BD_BOOK_EXP_00573","Minneapolis","MOTORCYCLE_ORGANIZATION",,"National","USA","AUTHENTICATION_PENDING","False","False"
"BD_BOOK_OP_00010","Nam Knights Motorcycle Club","VETERANS_MOTORCYCLE_CLUB",,"National","USA","PUBLIC_SOURCE_FOUND","True","False"
"BD_BOOK_EXP_00550","Nashville","MOTORCYCLE_ORGANIZATION",,"National","USA","AUTHENTICATION_PENDING","False","False"
"BD_BOOK_OP_00018","National Coalition of Motorcyclists","MOTORCYCLE_ADVOCACY_COALITION",,"National","USA","PUBLIC_SOURCE_FOUND","True","False"
"BD_BOOK_EXP_00577","New Orleans","MOTORCYCLE_ORGANIZATION",,"National","USA","AUTHENTICATION_PENDING","False","False"
"BD_BOOK_EXP_00528","New York","MOTORCYCLE_ORGANIZATION",,"National","USA","AUTHENTICATION_PENDING","False","False"
"BD_BOOK_EXP_00572","Oakland","MOTORCYCLE_ORGANIZATION",,"National","USA","AUTHENTICATION_PENDING","False","False"
"BD_BOOK_EXP_00552","Oklahoma City","MOTORCYCLE_ORGANIZATION",,"National","USA","AUTHENTICATION_PENDING","False","False"
"BD_BOOK_EXP_00567","Omaha","MOTORCYCLE_ORGANIZATION",,"National","USA","AUTHENTICATION_PENDING","False","False"
"BD_BOOK_EXP_00737","Performance Service Buyer ??? Albuquerque, NM","MOTORCYCLE_ORGANIZATION",,"National","USA","AUTHENTICATION_PENDING","False","False"
"BD_BOOK_EXP_00822","Performance Service Buyer ??? Arlington, TX","MOTORCYCLE_ORGANIZATION",,"National","USA","AUTHENTICATION_PENDING","False","False"
"BD_BOOK_EXP_00767","Performance Service Buyer ??? Atlanta, GA","MOTORCYCLE_ORGANIZATION",,"National","USA","AUTHENTICATION_PENDING","False","False"
"BD_BOOK_EXP_00632","Performance Service Buyer ??? Austin, TX","MOTORCYCLE_ORGANIZATION",,"National","USA","AUTHENTICATION_PENDING","False","False"
"BD_BOOK_EXP_00727","Performance Service Buyer ??? Baltimore, MD","MOTORCYCLE_ORGANIZATION",,"National","USA","AUTHENTICATION_PENDING","False","False"
"BD_BOOK_EXP_00682","Performance Service Buyer ??? Boston, MA","MOTORCYCLE_ORGANIZATION",,"National","USA","AUTHENTICATION_PENDING","False","False"
"BD_BOOK_EXP_00652","Performance Service Buyer ??? Charlotte, NC","MOTORCYCLE_ORGANIZATION",,"National","USA","AUTHENTICATION_PENDING","False","False"
"BD_BOOK_EXP_00592","Performance Service Buyer ??? Chicago, IL","MOTORCYCLE_ORGANIZATION",,"National","USA","AUTHENTICATION_PENDING","False","False"
"BD_BOOK_EXP_00772","Performance Service Buyer ??? Colorado Springs, CO","MOTORCYCLE_ORGANIZATION",,"National","USA","AUTHENTICATION_PENDING","False","False"
"BD_BOOK_EXP_00647","Performance Service Buyer ??? Columbus, OH","MOTORCYCLE_ORGANIZATION",,"National","USA","AUTHENTICATION_PENDING","False","False"
"BD_BOOK_EXP_00622","Performance Service Buyer ??? Dallas, TX","MOTORCYCLE_ORGANIZATION",,"National","USA","AUTHENTICATION_PENDING","False","False"
"BD_BOOK_EXP_00672","Performance Service Buyer ??? Denver, CO","MOTORCYCLE_ORGANIZATION",,"National","USA","AUTHENTICATION_PENDING","False","False"
"BD_BOOK_EXP_00697","Performance Service Buyer ??? Detroit, MI","MOTORCYCLE_ORGANIZATION",,"National","USA","AUTHENTICATION_PENDING","False","False"
"BD_BOOK_EXP_00687","Performance Service Buyer ??? El Paso, TX","MOTORCYCLE_ORGANIZATION",,"National","USA","AUTHENTICATION_PENDING","False","False"
"BD_BOOK_EXP_00642","Performance Service Buyer ??? Fort Worth, TX","MOTORCYCLE_ORGANIZATION",,"National","USA","AUTHENTICATION_PENDING","False","False"
"BD_BOOK_EXP_00747","Performance Service Buyer ??? Fresno, CA","MOTORCYCLE_ORGANIZATION",,"National","USA","AUTHENTICATION_PENDING","False","False"
"BD_BOOK_EXP_00597","Performance Service Buyer ??? Houston, TX","MOTORCYCLE_ORGANIZATION",,"National","USA","AUTHENTICATION_PENDING","False","False"
"BD_BOOK_EXP_00662","Performance Service Buyer ??? Indianapolis, IN","MOTORCYCLE_ORGANIZATION",,"National","USA","AUTHENTICATION_PENDING","False","False"
"BD_BOOK_EXP_00637","Performance Service Buyer ??? Jacksonville, FL","MOTORCYCLE_ORGANIZATION",,"National","USA","AUTHENTICATION_PENDING","False","False"
"BD_BOOK_EXP_00762","Performance Service Buyer ??? Kansas City, MO","MOTORCYCLE_ORGANIZATION",,"National","USA","AUTHENTICATION_PENDING","False","False"
"BD_BOOK_EXP_00712","Performance Service Buyer ??? Las Vegas, NV","MOTORCYCLE_ORGANIZATION",,"National","USA","AUTHENTICATION_PENDING","False","False"
"BD_BOOK_EXP_00792","Performance Service Buyer ??? Long Beach, CA","MOTORCYCLE_ORGANIZATION",,"National","USA","AUTHENTICATION_PENDING","False","False"
"BD_BOOK_EXP_00722","Performance Service Buyer ??? Louisville, KY","MOTORCYCLE_ORGANIZATION",,"National","USA","AUTHENTICATION_PENDING","False","False"
"BD_BOOK_EXP_00717","Performance Service Buyer ??? Memphis, TN","MOTORCYCLE_ORGANIZATION",,"National","USA","AUTHENTICATION_PENDING","False","False"
"BD_BOOK_EXP_00757","Performance Service Buyer ??? Mesa, AZ","MOTORCYCLE_ORGANIZATION",,"National","USA","AUTHENTICATION_PENDING","False","False"
"BD_BOOK_EXP_00732","Performance Service Buyer ??? Milwaukee, WI","MOTORCYCLE_ORGANIZATION",,"National","USA","AUTHENTICATION_PENDING","False","False"
"BD_BOOK_EXP_00807","Performance Service Buyer ??? Minneapolis, MN","MOTORCYCLE_ORGANIZATION",,"National","USA","AUTHENTICATION_PENDING","False","False"
"BD_BOOK_EXP_00692","Performance Service Buyer ??? Nashville, TN","MOTORCYCLE_ORGANIZATION",,"National","USA","AUTHENTICATION_PENDING","False","False"
"BD_BOOK_EXP_00827","Performance Service Buyer ??? New Orleans, LA","MOTORCYCLE_ORGANIZATION",,"National","USA","AUTHENTICATION_PENDING","False","False"
"BD_BOOK_EXP_00582","Performance Service Buyer ??? New York, NY","MOTORCYCLE_ORGANIZATION",,"National","USA","AUTHENTICATION_PENDING","False","False"
"BD_BOOK_EXP_00802","Performance Service Buyer ??? Oakland, CA","MOTORCYCLE_ORGANIZATION",,"National","USA","AUTHENTICATION_PENDING","False","False"
"BD_BOOK_EXP_00702","Performance Service Buyer ??? Oklahoma City, OK","MOTORCYCLE_ORGANIZATION",,"National","USA","AUTHENTICATION_PENDING","False","False"
"BD_BOOK_EXP_00777","Performance Service Buyer ??? Omaha, NE","MOTORCYCLE_ORGANIZATION",,"National","USA","AUTHENTICATION_PENDING","False","False"
"BD_BOOK_EXP_00607","Performance Service Buyer ??? Philadelphia, PA","MOTORCYCLE_ORGANIZATION",,"National","USA","AUTHENTICATION_PENDING","False","False"
"BD_BOOK_EXP_00602","Performance Service Buyer ??? Phoenix, AZ","MOTORCYCLE_ORGANIZATION",,"National","USA","AUTHENTICATION_PENDING","False","False"
"BD_BOOK_EXP_00707","Performance Service Buyer ??? Portland, OR","MOTORCYCLE_ORGANIZATION",,"National","USA","AUTHENTICATION_PENDING","False","False"
"BD_BOOK_EXP_00782","Performance Service Buyer ??? Raleigh, NC","MOTORCYCLE_ORGANIZATION",,"National","USA","AUTHENTICATION_PENDING","False","False"
"BD_BOOK_EXP_00752","Performance Service Buyer ??? Sacramento, CA","MOTORCYCLE_ORGANIZATION",,"National","USA","AUTHENTICATION_PENDING","False","False"
"BD_BOOK_EXP_00612","Performance Service Buyer ??? San Antonio, TX","MOTORCYCLE_ORGANIZATION",,"National","USA","AUTHENTICATION_PENDING","False","False"
"BD_BOOK_EXP_00617","Performance Service Buyer ??? San Diego, CA","MOTORCYCLE_ORGANIZATION",,"National","USA","AUTHENTICATION_PENDING","False","False"
"BD_BOOK_EXP_00657","Performance Service Buyer ??? San Francisco, CA","MOTORCYCLE_ORGANIZATION",,"National","USA","AUTHENTICATION_PENDING","False","False"
"BD_BOOK_EXP_00627","Performance Service Buyer ??? San Jose, CA","MOTORCYCLE_ORGANIZATION",,"National","USA","AUTHENTICATION_PENDING","False","False"
"BD_BOOK_EXP_00667","Performance Service Buyer ??? Seattle, WA","MOTORCYCLE_ORGANIZATION",,"National","USA","AUTHENTICATION_PENDING","False","False"
"BD_BOOK_EXP_00817","Performance Service Buyer ??? Tampa, FL","MOTORCYCLE_ORGANIZATION",,"National","USA","AUTHENTICATION_PENDING","False","False"
"BD_BOOK_EXP_00742","Performance Service Buyer ??? Tucson, AZ","MOTORCYCLE_ORGANIZATION",,"National","USA","AUTHENTICATION_PENDING","False","False"
"BD_BOOK_EXP_00812","Performance Service Buyer ??? Tulsa, OK","MOTORCYCLE_ORGANIZATION",,"National","USA","AUTHENTICATION_PENDING","False","False"
"BD_BOOK_EXP_00797","Performance Service Buyer ??? Virginia Beach, VA","MOTORCYCLE_ORGANIZATION",,"National","USA","AUTHENTICATION_PENDING","False","False"
"BD_BOOK_EXP_00677","Performance Service Buyer ??? Washington, DC","MOTORCYCLE_ORGANIZATION",,"National","USA","AUTHENTICATION_PENDING","False","False"
"BD_BOOK_EXP_00585","Petersen Automotive Museum ??? Los Angeles, CA","MOTORCYCLE_ORGANIZATION",,"National","USA","AUTHENTICATION_PENDING","False","False"
"BD_BOOK_EXP_00533","Philadelphia","MOTORCYCLE_ORGANIZATION",,"National","USA","AUTHENTICATION_PENDING","False","False"
"BD_BOOK_EXP_00532","Phoenix","MOTORCYCLE_ORGANIZATION",,"National","USA","AUTHENTICATION_PENDING","False","False"
"BD_BOOK_EXP_00583","Porsche Beverly Hills Showroom ??? Los Angeles, CA","MOTORCYCLE_ORGANIZATION",,"National","USA","AUTHENTICATION_PENDING","False","False"
"BD_BOOK_EXP_00584","Porsche Downtown LA ??? Los Angeles, CA","MOTORCYCLE_ORGANIZATION",,"National","USA","AUTHENTICATION_PENDING","False","False"
"BD_BOOK_EXP_00553","Portland","MOTORCYCLE_ORGANIZATION",,"National","USA","AUTHENTICATION_PENDING","False","False"
"BD_BOOK_EXP_00568","Raleigh","MOTORCYCLE_ORGANIZATION",,"National","USA","AUTHENTICATION_PENDING","False","False"
"BD_BOOK_EXP_00146","Regional Confederation of Clubs","COUNCIL",,"National","USA","AUTHENTICATION_PENDING","False","False"
"BD_BOOK_EXP_00562","Sacramento","MOTORCYCLE_ORGANIZATION",,"National","USA","AUTHENTICATION_PENDING","False","False"
"BD_BOOK_EXP_00534","San Antonio","MOTORCYCLE_ORGANIZATION",,"National","USA","AUTHENTICATION_PENDING","False","False"
"BD_BOOK_EXP_00535","San Diego","MOTORCYCLE_ORGANIZATION",,"National","USA","AUTHENTICATION_PENDING","False","False"
"BD_BOOK_EXP_00543","San Francisco","MOTORCYCLE_ORGANIZATION",,"National","USA","AUTHENTICATION_PENDING","False","False"
"BD_BOOK_EXP_00537","San Jose","MOTORCYCLE_ORGANIZATION",,"National","USA","AUTHENTICATION_PENDING","False","False"
"BD_BOOK_EXP_00545","Seattle","MOTORCYCLE_ORGANIZATION",,"National","USA","AUTHENTICATION_PENDING","False","False"
"BD_BOOK_EXP_00516","Steel Legion MC","MOTORCYCLE_CLUB",,"National","USA","AUTHENTICATION_PENDING","False","False"
"BD_BOOK_EXP_00575","Tampa","MOTORCYCLE_ORGANIZATION",,"National","USA","AUTHENTICATION_PENDING","False","False"
"BD_BOOK_EXP_00560","Tucson","MOTORCYCLE_ORGANIZATION",,"National","USA","AUTHENTICATION_PENDING","False","False"
"BD_BOOK_EXP_00574","Tulsa","MOTORCYCLE_ORGANIZATION",,"National","USA","AUTHENTICATION_PENDING","False","False"
"BD_BOOK_OP_00020","US Military Vets MC","VETERANS_MOTORCYCLE_CLUB",,"National","USA","PUBLIC_SOURCE_FOUND","True","False"
"BD_BOOK_OP_00015","Vietnam Vets Legacy Vets MC","VETERANS_MOTORCYCLE_CLUB",,"National","USA","PUBLIC_SOURCE_FOUND","True","False"
"BD_BOOK_EXP_00571","Virginia Beach","MOTORCYCLE_ORGANIZATION",,"National","USA","AUTHENTICATION_PENDING","False","False"
"BD_BOOK_EXP_00547","Washington","MOTORCYCLE_ORGANIZATION",,"National","USA","AUTHENTICATION_PENDING","False","False"
"BD_BOOK_OP_00004","Widow Sons Masonic Riders Association","SPECIALTY_MOTORCYCLE_GROUP",,"National","USA","PUBLIC_SOURCE_FOUND","True","False"
"BD_BOOK_EXP_00784","Wynwood Creative Warehouse ??? Miami, FL","MOTORCYCLE_ORGANIZATION",,"National","USA","AUTHENTICATION_PENDING","False","False"
"BD_BOOK_EXP_00964","CHARLOTTE CITY PROSECUTOR OFFICE","MOTORCYCLE_ORGANIZATION",,"NC","USA","AUTHENTICATION_PENDING","False","False"
"BD_BOOK_EXP_00966","CHARLOTTE COMMUNITY COLLEGE POLICE","MOTORCYCLE_ORGANIZATION",,"NC","USA","AUTHENTICATION_PENDING","False","False"
"BD_BOOK_EXP_00962","CHARLOTTE COUNTY SHERIFF OFFICE","MOTORCYCLE_ORGANIZATION",,"NC","USA","AUTHENTICATION_PENDING","False","False"
"BD_BOOK_EXP_00967","CHARLOTTE GANG / VIOLENT CRIME UNIT","MOTORCYCLE_ORGANIZATION",,"NC","USA","AUTHENTICATION_PENDING","False","False"
"BD_BOOK_EXP_00970","CHARLOTTE LAW ENFORCEMENT TRAINING DIVISION","MOTORCYCLE_ORGANIZATION",,"NC","USA","AUTHENTICATION_PENDING","False","False"
"BD_BOOK_EXP_00963","CHARLOTTE MUNICIPAL COURT","MOTORCYCLE_ORGANIZATION",,"NC","USA","AUTHENTICATION_PENDING","False","False"
"BD_BOOK_EXP_00968","CHARLOTTE NARCOTICS / ORGANIZED CRIME UNIT","MOTORCYCLE_ORGANIZATION",,"NC","USA","AUTHENTICATION_PENDING","False","False"
"BD_BOOK_EXP_00961","CHARLOTTE POLICE DEPARTMENT","MOTORCYCLE_ORGANIZATION",,"NC","USA","AUTHENTICATION_PENDING","False","False"
"BD_BOOK_EXP_00965","CHARLOTTE PUBLIC SAFETY DEPARTMENT","MOTORCYCLE_ORGANIZATION",,"NC","USA","AUTHENTICATION_PENDING","False","False"
"BD_BOOK_EXP_00969","CHARLOTTE REGIONAL TASK FORCE","MOTORCYCLE_ORGANIZATION",,"NC","USA","AUTHENTICATION_PENDING","False","False"
"BD_BOOK_EXP_00052","Charlotte-Mecklenburg Police Department","MOTORCYCLE_ORGANIZATION",,"NC","USA","PUBLIC_SOURCE_FOUND","True","False"
"BD_BOOK_EXP_00053","Mecklenburg County Sheriff's Office","MOTORCYCLE_ORGANIZATION",,"NC","USA","PUBLIC_SOURCE_FOUND","True","False"
"BD_BOOK_EXP_01215","RALEIGH CITY PROSECUTOR OFFICE","MOTORCYCLE_ORGANIZATION",,"NC","USA","AUTHENTICATION_PENDING","False","False"
"BD_BOOK_EXP_01217","RALEIGH COMMUNITY COLLEGE POLICE","MOTORCYCLE_ORGANIZATION",,"NC","USA","AUTHENTICATION_PENDING","False","False"
"BD_BOOK_EXP_01213","RALEIGH COUNTY SHERIFF OFFICE","MOTORCYCLE_ORGANIZATION",,"NC","USA","AUTHENTICATION_PENDING","False","False"
"BD_BOOK_EXP_01218","RALEIGH GANG / VIOLENT CRIME UNIT","MOTORCYCLE_ORGANIZATION",,"NC","USA","AUTHENTICATION_PENDING","False","False"
"BD_BOOK_EXP_01221","RALEIGH LAW ENFORCEMENT TRAINING DIVISION","MOTORCYCLE_ORGANIZATION",,"NC","USA","AUTHENTICATION_PENDING","False","False"
"BD_BOOK_EXP_01214","RALEIGH MUNICIPAL COURT","MOTORCYCLE_ORGANIZATION",,"NC","USA","AUTHENTICATION_PENDING","False","False"
"BD_BOOK_EXP_01219","RALEIGH NARCOTICS / ORGANIZED CRIME UNIT","MOTORCYCLE_ORGANIZATION",,"NC","USA","AUTHENTICATION_PENDING","False","False"
"BD_BOOK_EXP_01212","RALEIGH POLICE DEPARTMENT","MOTORCYCLE_ORGANIZATION",,"NC","USA","AUTHENTICATION_PENDING","False","False"
"BD_BOOK_EXP_01216","RALEIGH PUBLIC SAFETY DEPARTMENT","MOTORCYCLE_ORGANIZATION",,"NC","USA","AUTHENTICATION_PENDING","False","False"
"BD_BOOK_EXP_01220","RALEIGH REGIONAL TASK FORCE","MOTORCYCLE_ORGANIZATION",,"NC","USA","AUTHENTICATION_PENDING","False","False"
"BD_BOOK_EXP_01205","OMAHA CITY PROSECUTOR OFFICE","MOTORCYCLE_ORGANIZATION",,"NE","USA","AUTHENTICATION_PENDING","False","False"
"BD_BOOK_EXP_01207","OMAHA COMMUNITY COLLEGE POLICE","MOTORCYCLE_ORGANIZATION",,"NE","USA","AUTHENTICATION_PENDING","False","False"
"BD_BOOK_EXP_01203","OMAHA COUNTY SHERIFF OFFICE","MOTORCYCLE_ORGANIZATION",,"NE","USA","AUTHENTICATION_PENDING","False","False"
"BD_BOOK_EXP_01208","OMAHA GANG / VIOLENT CRIME UNIT","MOTORCYCLE_ORGANIZATION",,"NE","USA","AUTHENTICATION_PENDING","False","False"
"BD_BOOK_EXP_01211","OMAHA LAW ENFORCEMENT TRAINING DIVISION","MOTORCYCLE_ORGANIZATION",,"NE","USA","AUTHENTICATION_PENDING","False","False"
"BD_BOOK_EXP_01204","OMAHA MUNICIPAL COURT","MOTORCYCLE_ORGANIZATION",,"NE","USA","AUTHENTICATION_PENDING","False","False"
"BD_BOOK_EXP_01209","OMAHA NARCOTICS / ORGANIZED CRIME UNIT","MOTORCYCLE_ORGANIZATION",,"NE","USA","AUTHENTICATION_PENDING","False","False"
"BD_BOOK_EXP_01202","OMAHA POLICE DEPARTMENT","MOTORCYCLE_ORGANIZATION",,"NE","USA","AUTHENTICATION_PENDING","False","False"
"BD_BOOK_EXP_01206","OMAHA PUBLIC SAFETY DEPARTMENT","MOTORCYCLE_ORGANIZATION",,"NE","USA","AUTHENTICATION_PENDING","False","False"
"BD_BOOK_EXP_01210","OMAHA REGIONAL TASK FORCE","MOTORCYCLE_ORGANIZATION",,"NE","USA","AUTHENTICATION_PENDING","False","False"
"BD_BOOK_EXP_01129","ALBUQUERQUE CITY PROSECUTOR OFFICE","MOTORCYCLE_ORGANIZATION",,"NM","USA","AUTHENTICATION_PENDING","False","False"
"BD_BOOK_EXP_01131","ALBUQUERQUE COMMUNITY COLLEGE POLICE","MOTORCYCLE_ORGANIZATION",,"NM","USA","AUTHENTICATION_PENDING","False","False"
"BD_BOOK_EXP_01127","ALBUQUERQUE COUNTY SHERIFF OFFICE","MOTORCYCLE_ORGANIZATION",,"NM","USA","AUTHENTICATION_PENDING","False","False"
"BD_BOOK_EXP_01132","ALBUQUERQUE GANG / VIOLENT CRIME UNIT","MOTORCYCLE_ORGANIZATION",,"NM","USA","AUTHENTICATION_PENDING","False","False"
"BD_BOOK_EXP_01135","ALBUQUERQUE LAW ENFORCEMENT TRAINING DIVISION","MOTORCYCLE_ORGANIZATION",,"NM","USA","AUTHENTICATION_PENDING","False","False"
"BD_BOOK_EXP_01128","ALBUQUERQUE MUNICIPAL COURT","MOTORCYCLE_ORGANIZATION",,"NM","USA","AUTHENTICATION_PENDING","False","False"
"BD_BOOK_EXP_01133","ALBUQUERQUE NARCOTICS / ORGANIZED CRIME UNIT","MOTORCYCLE_ORGANIZATION",,"NM","USA","AUTHENTICATION_PENDING","False","False"
"BD_BOOK_EXP_01126","ALBUQUERQUE POLICE DEPARTMENT","MOTORCYCLE_ORGANIZATION",,"NM","USA","AUTHENTICATION_PENDING","False","False"
"BD_BOOK_EXP_01130","ALBUQUERQUE PUBLIC SAFETY DEPARTMENT","MOTORCYCLE_ORGANIZATION",,"NM","USA","AUTHENTICATION_PENDING","False","False"
"BD_BOOK_EXP_01134","ALBUQUERQUE REGIONAL TASK FORCE","MOTORCYCLE_ORGANIZATION",,"NM","USA","AUTHENTICATION_PENDING","False","False"
"BD_BOOK_EXP_00169","New Mexico Regional Law Enforcement / FBI Albuquerque Partner Agencies","MOTORCYCLE_ORGANIZATION",,"NM","USA","PUBLIC_SOURCE_FOUND","True","False"
"BD_BOOK_EXP_00047","Clark County Sheriff's Civil Process Bureau","MOTORCYCLE_ORGANIZATION",,"NV","USA","PUBLIC_SOURCE_FOUND","True","False"
"BD_BOOK_EXP_01079","LAS VEGAS CITY PROSECUTOR OFFICE","MOTORCYCLE_ORGANIZATION",,"NV","USA","AUTHENTICATION_PENDING","False","False"
"BD_BOOK_EXP_01081","LAS VEGAS COMMUNITY COLLEGE POLICE","MOTORCYCLE_ORGANIZATION",,"NV","USA","AUTHENTICATION_PENDING","False","False"
"BD_BOOK_EXP_01077","LAS VEGAS COUNTY SHERIFF OFFICE","MOTORCYCLE_ORGANIZATION",,"NV","USA","AUTHENTICATION_PENDING","False","False"
"BD_BOOK_EXP_01082","LAS VEGAS GANG / VIOLENT CRIME UNIT","MOTORCYCLE_ORGANIZATION",,"NV","USA","AUTHENTICATION_PENDING","False","False"
"BD_BOOK_EXP_01085","LAS VEGAS LAW ENFORCEMENT TRAINING DIVISION","MOTORCYCLE_ORGANIZATION",,"NV","USA","AUTHENTICATION_PENDING","False","False"
"BD_BOOK_EXP_00023","Las Vegas Metropolitan Police Department","MOTORCYCLE_ORGANIZATION",,"NV","USA","PUBLIC_SOURCE_FOUND","True","False"
"BD_BOOK_EXP_01078","LAS VEGAS MUNICIPAL COURT","MOTORCYCLE_ORGANIZATION",,"NV","USA","AUTHENTICATION_PENDING","False","False"
"BD_BOOK_EXP_01083","LAS VEGAS NARCOTICS / ORGANIZED CRIME UNIT","MOTORCYCLE_ORGANIZATION",,"NV","USA","AUTHENTICATION_PENDING","False","False"
"BD_BOOK_EXP_01076","LAS VEGAS POLICE DEPARTMENT","MOTORCYCLE_ORGANIZATION",,"NV","USA","AUTHENTICATION_PENDING","False","False"
"BD_BOOK_EXP_01080","LAS VEGAS PUBLIC SAFETY DEPARTMENT","MOTORCYCLE_ORGANIZATION",,"NV","USA","AUTHENTICATION_PENDING","False","False"
"BD_BOOK_EXP_01084","LAS VEGAS REGIONAL TASK FORCE","MOTORCYCLE_ORGANIZATION",,"NV","USA","AUTHENTICATION_PENDING","False","False"
"BD_BOOK_EXP_00031","Bronx County District Attorney's Office","MOTORCYCLE_ORGANIZATION",,"NY","USA","PUBLIC_SOURCE_FOUND","True","False"
"BD_BOOK_EXP_00032","Bronx County Sheriff's Office","MOTORCYCLE_ORGANIZATION",,"NY","USA","PUBLIC_SOURCE_FOUND","True","False"
"BD_BOOK_EXP_00033","Kings County District Attorney's Office","MOTORCYCLE_ORGANIZATION",,"NY","USA","PUBLIC_SOURCE_FOUND","True","False"
"BD_BOOK_EXP_00034","Kings County Sheriff's Office","MOTORCYCLE_ORGANIZATION",,"NY","USA","PUBLIC_SOURCE_FOUND","True","False"
"BD_BOOK_EXP_00013","New York City Police Department","MOTORCYCLE_ORGANIZATION",,"NY","USA","PUBLIC_SOURCE_FOUND","True","False"
"BD_BOOK_EXP_00831","NEW YORK CITY PROSECUTOR OFFICE","MOTORCYCLE_ORGANIZATION",,"NY","USA","AUTHENTICATION_PENDING","False","False"
"BD_BOOK_EXP_00014","New York City Sheriff's Office","MOTORCYCLE_ORGANIZATION",,"NY","USA","PUBLIC_SOURCE_FOUND","True","False"
"BD_BOOK_EXP_00833","NEW YORK COMMUNITY COLLEGE POLICE","MOTORCYCLE_ORGANIZATION",,"NY","USA","AUTHENTICATION_PENDING","False","False"
"BD_BOOK_EXP_00035","New York County District Attorney's Office","MOTORCYCLE_ORGANIZATION",,"NY","USA","PUBLIC_SOURCE_FOUND","True","False"
"BD_BOOK_EXP_00829","NEW YORK COUNTY SHERIFF OFFICE","MOTORCYCLE_ORGANIZATION",,"NY","USA","AUTHENTICATION_PENDING","False","False"
"BD_BOOK_EXP_00036","New York County Sheriff's Office (NYC Sheriff)","MOTORCYCLE_ORGANIZATION",,"NY","USA","PUBLIC_SOURCE_FOUND","True","False"
"BD_BOOK_EXP_00834","NEW YORK GANG / VIOLENT CRIME UNIT","MOTORCYCLE_ORGANIZATION",,"NY","USA","AUTHENTICATION_PENDING","False","False"
"BD_BOOK_EXP_00837","NEW YORK LAW ENFORCEMENT TRAINING DIVISION","MOTORCYCLE_ORGANIZATION",,"NY","USA","AUTHENTICATION_PENDING","False","False"
"BD_BOOK_EXP_00830","NEW YORK MUNICIPAL COURT","MOTORCYCLE_ORGANIZATION",,"NY","USA","AUTHENTICATION_PENDING","False","False"
"BD_BOOK_EXP_00835","NEW YORK NARCOTICS / ORGANIZED CRIME UNIT","MOTORCYCLE_ORGANIZATION",,"NY","USA","AUTHENTICATION_PENDING","False","False"
"BD_BOOK_EXP_00828","NEW YORK POLICE DEPARTMENT","MOTORCYCLE_ORGANIZATION",,"NY","USA","AUTHENTICATION_PENDING","False","False"
"BD_BOOK_EXP_00832","NEW YORK PUBLIC SAFETY DEPARTMENT","MOTORCYCLE_ORGANIZATION",,"NY","USA","AUTHENTICATION_PENDING","False","False"
"BD_BOOK_EXP_00836","NEW YORK REGIONAL TASK FORCE","MOTORCYCLE_ORGANIZATION",,"NY","USA","AUTHENTICATION_PENDING","False","False"
"BD_BOOK_EXP_00030","New York State Police - Troop NYC","MOTORCYCLE_ORGANIZATION",,"NY","USA","PUBLIC_SOURCE_FOUND","True","False"
"BD_BOOK_EXP_00037","Queens County District Attorney's Office","MOTORCYCLE_ORGANIZATION",,"NY","USA","PUBLIC_SOURCE_FOUND","True","False"
"BD_BOOK_EXP_00038","Richmond County District Attorney's Office","MOTORCYCLE_ORGANIZATION",,"NY","USA","PUBLIC_SOURCE_FOUND","True","False"
"BD_BOOK_EXP_00954","COLUMBUS CITY PROSECUTOR OFFICE","MOTORCYCLE_ORGANIZATION",,"OH","USA","AUTHENTICATION_PENDING","False","False"
"BD_BOOK_EXP_00956","COLUMBUS COMMUNITY COLLEGE POLICE","MOTORCYCLE_ORGANIZATION",,"OH","USA","AUTHENTICATION_PENDING","False","False"
"BD_BOOK_EXP_00952","COLUMBUS COUNTY SHERIFF OFFICE","MOTORCYCLE_ORGANIZATION",,"OH","USA","AUTHENTICATION_PENDING","False","False"
"BD_BOOK_EXP_00056","Columbus Division of Police","MOTORCYCLE_ORGANIZATION",,"OH","USA","PUBLIC_SOURCE_FOUND","True","False"
"BD_BOOK_EXP_00957","COLUMBUS GANG / VIOLENT CRIME UNIT","MOTORCYCLE_ORGANIZATION",,"OH","USA","AUTHENTICATION_PENDING","False","False"
"BD_BOOK_EXP_00960","COLUMBUS LAW ENFORCEMENT TRAINING DIVISION","MOTORCYCLE_ORGANIZATION",,"OH","USA","AUTHENTICATION_PENDING","False","False"
"BD_BOOK_EXP_00953","COLUMBUS MUNICIPAL COURT","MOTORCYCLE_ORGANIZATION",,"OH","USA","AUTHENTICATION_PENDING","False","False"
"BD_BOOK_EXP_00958","COLUMBUS NARCOTICS / ORGANIZED CRIME UNIT","MOTORCYCLE_ORGANIZATION",,"OH","USA","AUTHENTICATION_PENDING","False","False"
"BD_BOOK_EXP_00951","COLUMBUS POLICE DEPARTMENT","MOTORCYCLE_ORGANIZATION",,"OH","USA","AUTHENTICATION_PENDING","False","False"
"BD_BOOK_EXP_00955","COLUMBUS PUBLIC SAFETY DEPARTMENT","MOTORCYCLE_ORGANIZATION",,"OH","USA","AUTHENTICATION_PENDING","False","False"
"BD_BOOK_EXP_00959","COLUMBUS REGIONAL TASK FORCE","MOTORCYCLE_ORGANIZATION",,"OH","USA","AUTHENTICATION_PENDING","False","False"
"BD_BOOK_EXP_00057","Franklin County Sheriff's Office","MOTORCYCLE_ORGANIZATION",,"OH","USA","PUBLIC_SOURCE_FOUND","True","False"
"BD_BOOK_OP_00006","American Motorcyclist Association","MOTORCYCLE_RIGHTS_ORGANIZATION",,"Ohio","USA","PUBLIC_SOURCE_FOUND","True","False"
"BD_BOOK_EXP_01059","OKLAHOMA CITY CITY PROSECUTOR OFFICE","MOTORCYCLE_ORGANIZATION",,"OK","USA","AUTHENTICATION_PENDING","False","False"
"BD_BOOK_EXP_01061","OKLAHOMA CITY COMMUNITY COLLEGE POLICE","MOTORCYCLE_ORGANIZATION",,"OK","USA","AUTHENTICATION_PENDING","False","False"
"BD_BOOK_EXP_01057","OKLAHOMA CITY COUNTY SHERIFF OFFICE","MOTORCYCLE_ORGANIZATION",,"OK","USA","AUTHENTICATION_PENDING","False","False"
"BD_BOOK_EXP_01062","OKLAHOMA CITY GANG / VIOLENT CRIME UNIT","MOTORCYCLE_ORGANIZATION",,"OK","USA","AUTHENTICATION_PENDING","False","False"
"BD_BOOK_EXP_01065","OKLAHOMA CITY LAW ENFORCEMENT TRAINING DIVISION","MOTORCYCLE_ORGANIZATION",,"OK","USA","AUTHENTICATION_PENDING","False","False"
"BD_BOOK_EXP_01058","OKLAHOMA CITY MUNICIPAL COURT","MOTORCYCLE_ORGANIZATION",,"OK","USA","AUTHENTICATION_PENDING","False","False"
"BD_BOOK_EXP_01063","OKLAHOMA CITY NARCOTICS / ORGANIZED CRIME UNIT","MOTORCYCLE_ORGANIZATION",,"OK","USA","AUTHENTICATION_PENDING","False","False"
"BD_BOOK_EXP_01056","OKLAHOMA CITY POLICE DEPARTMENT","MOTORCYCLE_ORGANIZATION",,"OK","USA","AUTHENTICATION_PENDING","False","False"
"BD_BOOK_EXP_01060","OKLAHOMA CITY PUBLIC SAFETY DEPARTMENT","MOTORCYCLE_ORGANIZATION",,"OK","USA","AUTHENTICATION_PENDING","False","False"
"BD_BOOK_EXP_01064","OKLAHOMA CITY REGIONAL TASK FORCE","MOTORCYCLE_ORGANIZATION",,"OK","USA","AUTHENTICATION_PENDING","False","False"
"BD_BOOK_EXP_01274","TULSA CITY PROSECUTOR OFFICE","MOTORCYCLE_ORGANIZATION",,"OK","USA","AUTHENTICATION_PENDING","False","False"
"BD_BOOK_EXP_01276","TULSA COMMUNITY COLLEGE POLICE","MOTORCYCLE_ORGANIZATION",,"OK","USA","AUTHENTICATION_PENDING","False","False"
"BD_BOOK_EXP_01272","TULSA COUNTY SHERIFF OFFICE","MOTORCYCLE_ORGANIZATION",,"OK","USA","AUTHENTICATION_PENDING","False","False"
"BD_BOOK_EXP_01277","TULSA GANG / VIOLENT CRIME UNIT","MOTORCYCLE_ORGANIZATION",,"OK","USA","AUTHENTICATION_PENDING","False","False"
"BD_BOOK_EXP_01280","TULSA LAW ENFORCEMENT TRAINING DIVISION","MOTORCYCLE_ORGANIZATION",,"OK","USA","AUTHENTICATION_PENDING","False","False"
"BD_BOOK_EXP_01273","TULSA MUNICIPAL COURT","MOTORCYCLE_ORGANIZATION",,"OK","USA","AUTHENTICATION_PENDING","False","False"
"BD_BOOK_EXP_01278","TULSA NARCOTICS / ORGANIZED CRIME UNIT","MOTORCYCLE_ORGANIZATION",,"OK","USA","AUTHENTICATION_PENDING","False","False"
"BD_BOOK_EXP_01271","TULSA POLICE DEPARTMENT","MOTORCYCLE_ORGANIZATION",,"OK","USA","AUTHENTICATION_PENDING","False","False"
"BD_BOOK_EXP_01275","TULSA PUBLIC SAFETY DEPARTMENT","MOTORCYCLE_ORGANIZATION",,"OK","USA","AUTHENTICATION_PENDING","False","False"
"BD_BOOK_EXP_01279","TULSA REGIONAL TASK FORCE","MOTORCYCLE_ORGANIZATION",,"OK","USA","AUTHENTICATION_PENDING","False","False"
"BD_BOOK_OP_00014","Christian Motorcyclists Association Oklahoma","MOTORCYCLE_MINISTRY",,"Oklahoma","USA","PUBLIC_SOURCE_FOUND","True","False"
"BD_BOOK_NORM_0002","Sample Motorcycle Council","COUNCIL",,"Ontario","Canada","AUTHENTICATION_PENDING","False","False"
"BD_BOOK_EXP_00001","Eugene Police Department","MOTORCYCLE_ORGANIZATION",,"OR","USA","PUBLIC_SOURCE_FOUND","True","False"
"BD_BOOK_EXP_00002","Lane County Sheriff's Office","MOTORCYCLE_ORGANIZATION",,"OR","USA","PUBLIC_SOURCE_FOUND","True","False"
"BD_BOOK_EXP_00004","Multnomah County Sheriff's Office","MOTORCYCLE_ORGANIZATION",,"OR","USA","PUBLIC_SOURCE_FOUND","True","False"
"BD_BOOK_EXP_01069","PORTLAND CITY PROSECUTOR OFFICE","MOTORCYCLE_ORGANIZATION",,"OR","USA","AUTHENTICATION_PENDING","False","False"
"BD_BOOK_EXP_01071","PORTLAND COMMUNITY COLLEGE POLICE","MOTORCYCLE_ORGANIZATION",,"OR","USA","AUTHENTICATION_PENDING","False","False"
"BD_BOOK_EXP_01067","PORTLAND COUNTY SHERIFF OFFICE","MOTORCYCLE_ORGANIZATION",,"OR","USA","AUTHENTICATION_PENDING","False","False"
"BD_BOOK_EXP_01072","PORTLAND GANG / VIOLENT CRIME UNIT","MOTORCYCLE_ORGANIZATION",,"OR","USA","AUTHENTICATION_PENDING","False","False"
"BD_BOOK_EXP_01075","PORTLAND LAW ENFORCEMENT TRAINING DIVISION","MOTORCYCLE_ORGANIZATION",,"OR","USA","AUTHENTICATION_PENDING","False","False"
"BD_BOOK_EXP_01068","PORTLAND MUNICIPAL COURT","MOTORCYCLE_ORGANIZATION",,"OR","USA","AUTHENTICATION_PENDING","False","False"
"BD_BOOK_EXP_01073","PORTLAND NARCOTICS / ORGANIZED CRIME UNIT","MOTORCYCLE_ORGANIZATION",,"OR","USA","AUTHENTICATION_PENDING","False","False"
"BD_BOOK_EXP_00003","Portland Police Bureau","MOTORCYCLE_ORGANIZATION",,"OR","USA","PUBLIC_SOURCE_FOUND","True","False"
"BD_BOOK_EXP_00171","Portland Police Bureau Training Division","MOTORCYCLE_ORGANIZATION",,"OR","USA","PUBLIC_SOURCE_FOUND","True","False"
"BD_BOOK_EXP_01066","PORTLAND POLICE DEPARTMENT","MOTORCYCLE_ORGANIZATION",,"OR","USA","AUTHENTICATION_PENDING","False","False"
"BD_BOOK_EXP_01070","PORTLAND PUBLIC SAFETY DEPARTMENT","MOTORCYCLE_ORGANIZATION",,"OR","USA","AUTHENTICATION_PENDING","False","False"
"BD_BOOK_EXP_01074","PORTLAND REGIONAL TASK FORCE","MOTORCYCLE_ORGANIZATION",,"OR","USA","AUTHENTICATION_PENDING","False","False"
"BD_BOOK_EXP_00170","Washington County Oregon Sheriff's Office Special Investigations","MOTORCYCLE_ORGANIZATION",,"OR","USA","PUBLIC_SOURCE_FOUND","True","False"
"BD_BOOK_EXP_00876","PHILADELPHIA CITY PROSECUTOR OFFICE","MOTORCYCLE_ORGANIZATION",,"PA","USA","AUTHENTICATION_PENDING","False","False"
"BD_BOOK_EXP_00878","PHILADELPHIA COMMUNITY COLLEGE POLICE","MOTORCYCLE_ORGANIZATION",,"PA","USA","AUTHENTICATION_PENDING","False","False"
"BD_BOOK_EXP_00874","PHILADELPHIA COUNTY SHERIFF OFFICE","MOTORCYCLE_ORGANIZATION",,"PA","USA","AUTHENTICATION_PENDING","False","False"
"BD_BOOK_EXP_00879","PHILADELPHIA GANG / VIOLENT CRIME UNIT","MOTORCYCLE_ORGANIZATION",,"PA","USA","AUTHENTICATION_PENDING","False","False"
"BD_BOOK_EXP_00882","PHILADELPHIA LAW ENFORCEMENT TRAINING DIVISION","MOTORCYCLE_ORGANIZATION",,"PA","USA","AUTHENTICATION_PENDING","False","False"
"BD_BOOK_EXP_00875","PHILADELPHIA MUNICIPAL COURT","MOTORCYCLE_ORGANIZATION",,"PA","USA","AUTHENTICATION_PENDING","False","False"
"BD_BOOK_EXP_00880","PHILADELPHIA NARCOTICS / ORGANIZED CRIME UNIT","MOTORCYCLE_ORGANIZATION",,"PA","USA","AUTHENTICATION_PENDING","False","False"
"BD_BOOK_EXP_00054","Philadelphia Police Department","MOTORCYCLE_ORGANIZATION",,"PA","USA","PUBLIC_SOURCE_FOUND","True","False"
"BD_BOOK_EXP_00877","PHILADELPHIA PUBLIC SAFETY DEPARTMENT","MOTORCYCLE_ORGANIZATION",,"PA","USA","AUTHENTICATION_PENDING","False","False"
"BD_BOOK_EXP_00881","PHILADELPHIA REGIONAL TASK FORCE","MOTORCYCLE_ORGANIZATION",,"PA","USA","AUTHENTICATION_PENDING","False","False"
"BD_BOOK_EXP_00055","Philadelphia Sheriff's Office","MOTORCYCLE_ORGANIZATION",,"PA","USA","PUBLIC_SOURCE_FOUND","True","False"
"BD_BOOK_NORM_0003","Sample Motorcycle Ministry","MOTORCYCLE_MINISTRY",,"Texas","USA","AUTHENTICATION_PENDING","False","False"
"BD_BOOK_OP_00001","Texas Confederation of Clubs and Independents","CONFEDERATION_COUNCIL",,"Texas","USA","PUBLIC_SOURCE_FOUND","True","False"
"BD_BOOK_EXP_00027","Davidson County Sheriff's Office","MOTORCYCLE_ORGANIZATION",,"TN","USA","PUBLIC_SOURCE_FOUND","True","False"
"BD_BOOK_EXP_01089","MEMPHIS CITY PROSECUTOR OFFICE","MOTORCYCLE_ORGANIZATION",,"TN","USA","AUTHENTICATION_PENDING","False","False"
"BD_BOOK_EXP_01091","MEMPHIS COMMUNITY COLLEGE POLICE","MOTORCYCLE_ORGANIZATION",,"TN","USA","AUTHENTICATION_PENDING","False","False"
"BD_BOOK_EXP_01087","MEMPHIS COUNTY SHERIFF OFFICE","MOTORCYCLE_ORGANIZATION",,"TN","USA","AUTHENTICATION_PENDING","False","False"
"BD_BOOK_EXP_01092","MEMPHIS GANG / VIOLENT CRIME UNIT","MOTORCYCLE_ORGANIZATION",,"TN","USA","AUTHENTICATION_PENDING","False","False"
"BD_BOOK_EXP_01095","MEMPHIS LAW ENFORCEMENT TRAINING DIVISION","MOTORCYCLE_ORGANIZATION",,"TN","USA","AUTHENTICATION_PENDING","False","False"
"BD_BOOK_EXP_01088","MEMPHIS MUNICIPAL COURT","MOTORCYCLE_ORGANIZATION",,"TN","USA","AUTHENTICATION_PENDING","False","False"
"BD_BOOK_EXP_01093","MEMPHIS NARCOTICS / ORGANIZED CRIME UNIT","MOTORCYCLE_ORGANIZATION",,"TN","USA","AUTHENTICATION_PENDING","False","False"
"BD_BOOK_EXP_01086","MEMPHIS POLICE DEPARTMENT","MOTORCYCLE_ORGANIZATION",,"TN","USA","AUTHENTICATION_PENDING","False","False"
"BD_BOOK_EXP_01090","MEMPHIS PUBLIC SAFETY DEPARTMENT","MOTORCYCLE_ORGANIZATION",,"TN","USA","AUTHENTICATION_PENDING","False","False"
"BD_BOOK_EXP_01094","MEMPHIS REGIONAL TASK FORCE","MOTORCYCLE_ORGANIZATION",,"TN","USA","AUTHENTICATION_PENDING","False","False"
"BD_BOOK_EXP_00026","Metropolitan Nashville Police Department","MOTORCYCLE_ORGANIZATION",,"TN","USA","PUBLIC_SOURCE_FOUND","True","False"
"BD_BOOK_EXP_01040","NASHVILLE CITY PROSECUTOR OFFICE","MOTORCYCLE_ORGANIZATION",,"TN","USA","AUTHENTICATION_PENDING","False","False"
"BD_BOOK_EXP_01042","NASHVILLE COMMUNITY COLLEGE POLICE","MOTORCYCLE_ORGANIZATION",,"TN","USA","AUTHENTICATION_PENDING","False","False"
"BD_BOOK_EXP_01038","NASHVILLE COUNTY SHERIFF OFFICE","MOTORCYCLE_ORGANIZATION",,"TN","USA","AUTHENTICATION_PENDING","False","False"
"BD_BOOK_EXP_01043","NASHVILLE GANG / VIOLENT CRIME UNIT","MOTORCYCLE_ORGANIZATION",,"TN","USA","AUTHENTICATION_PENDING","False","False"
"BD_BOOK_EXP_01046","NASHVILLE LAW ENFORCEMENT TRAINING DIVISION","MOTORCYCLE_ORGANIZATION",,"TN","USA","AUTHENTICATION_PENDING","False","False"
"BD_BOOK_EXP_01039","NASHVILLE MUNICIPAL COURT","MOTORCYCLE_ORGANIZATION",,"TN","USA","AUTHENTICATION_PENDING","False","False"
"BD_BOOK_EXP_01044","NASHVILLE NARCOTICS / ORGANIZED CRIME UNIT","MOTORCYCLE_ORGANIZATION",,"TN","USA","AUTHENTICATION_PENDING","False","False"
"BD_BOOK_EXP_01037","NASHVILLE POLICE DEPARTMENT","MOTORCYCLE_ORGANIZATION",,"TN","USA","AUTHENTICATION_PENDING","False","False"
"BD_BOOK_EXP_01041","NASHVILLE PUBLIC SAFETY DEPARTMENT","MOTORCYCLE_ORGANIZATION",,"TN","USA","AUTHENTICATION_PENDING","False","False"
"BD_BOOK_EXP_01045","NASHVILLE REGIONAL TASK FORCE","MOTORCYCLE_ORGANIZATION",,"TN","USA","AUTHENTICATION_PENDING","False","False"
"BD_BOOK_EXP_00501","Abilene Police Academy","MOTORCYCLE_ORGANIZATION",,"TX","USA","PUBLIC_SOURCE_FOUND","True","False"
"BD_BOOK_EXP_00502","Amarillo Police Academy","MOTORCYCLE_ORGANIZATION",,"TX","USA","PUBLIC_SOURCE_FOUND","True","False"
"BD_BOOK_EXP_00268","ANDERSON COUNTY SHERIFFS OFFICE","MOTORCYCLE_ORGANIZATION",,"TX","USA","PUBLIC_SOURCE_FOUND","True","False"
"BD_BOOK_EXP_00324","ANDREWS COUNTY SHERIFF DEPARTMENT","MOTORCYCLE_ORGANIZATION",,"TX","USA","PUBLIC_SOURCE_FOUND","True","False"
"BD_BOOK_EXP_00267","ANGELINA COUNTY SHERIFFS OFFICE","MOTORCYCLE_ORGANIZATION",,"TX","USA","PUBLIC_SOURCE_FOUND","True","False"
"BD_BOOK_EXP_00235","ARANSAS COUNTY SHERIFFS OFFICE","MOTORCYCLE_ORGANIZATION",,"TX","USA","PUBLIC_SOURCE_FOUND","True","False"
"BD_BOOK_EXP_00375","ARCHER COUNTY SHERIFFS OFFICE","MOTORCYCLE_ORGANIZATION",,"TX","USA","PUBLIC_SOURCE_FOUND","True","False"
"BD_BOOK_EXP_01294","ARLINGTON CITY PROSECUTOR OFFICE","MOTORCYCLE_ORGANIZATION",,"TX","USA","AUTHENTICATION_PENDING","False","False"
"BD_BOOK_EXP_01296","ARLINGTON COMMUNITY COLLEGE POLICE","MOTORCYCLE_ORGANIZATION",,"TX","USA","AUTHENTICATION_PENDING","False","False"
"BD_BOOK_EXP_01292","ARLINGTON COUNTY SHERIFF OFFICE","MOTORCYCLE_ORGANIZATION",,"TX","USA","AUTHENTICATION_PENDING","False","False"
"BD_BOOK_EXP_01297","ARLINGTON GANG / VIOLENT CRIME UNIT","MOTORCYCLE_ORGANIZATION",,"TX","USA","AUTHENTICATION_PENDING","False","False"
"BD_BOOK_EXP_01300","ARLINGTON LAW ENFORCEMENT TRAINING DIVISION","MOTORCYCLE_ORGANIZATION",,"TX","USA","AUTHENTICATION_PENDING","False","False"
"BD_BOOK_EXP_01293","ARLINGTON MUNICIPAL COURT","MOTORCYCLE_ORGANIZATION",,"TX","USA","AUTHENTICATION_PENDING","False","False"
"BD_BOOK_EXP_01298","ARLINGTON NARCOTICS / ORGANIZED CRIME UNIT","MOTORCYCLE_ORGANIZATION",,"TX","USA","AUTHENTICATION_PENDING","False","False"
"BD_BOOK_EXP_00503","Arlington Police Academy","MOTORCYCLE_ORGANIZATION",,"TX","USA","PUBLIC_SOURCE_FOUND","True","False"
"BD_BOOK_EXP_01291","ARLINGTON POLICE DEPARTMENT","MOTORCYCLE_ORGANIZATION",,"TX","USA","AUTHENTICATION_PENDING","False","False"
"BD_BOOK_EXP_01295","ARLINGTON PUBLIC SAFETY DEPARTMENT","MOTORCYCLE_ORGANIZATION",,"TX","USA","AUTHENTICATION_PENDING","False","False"
"BD_BOOK_EXP_01299","ARLINGTON REGIONAL TASK FORCE","MOTORCYCLE_ORGANIZATION",,"TX","USA","AUTHENTICATION_PENDING","False","False"
"BD_BOOK_EXP_00357","ARMSTRONG COUNTY SHERIFFS OFFICE","MOTORCYCLE_ORGANIZATION",,"TX","USA","PUBLIC_SOURCE_FOUND","True","False"
"BD_BOOK_EXP_00395","ATASCOSA COUNTY SHERIFFS OFFICE","MOTORCYCLE_ORGANIZATION",,"TX","USA","PUBLIC_SOURCE_FOUND","True","False"
"BD_BOOK_EXP_00924","AUSTIN CITY PROSECUTOR OFFICE","MOTORCYCLE_ORGANIZATION",,"TX","USA","AUTHENTICATION_PENDING","False","False"
"BD_BOOK_EXP_00500","Austin Co. Sheriff'S Office","MOTORCYCLE_ORGANIZATION",,"TX","USA","PUBLIC_SOURCE_FOUND","True","False"
"BD_BOOK_EXP_00926","AUSTIN COMMUNITY COLLEGE POLICE","MOTORCYCLE_ORGANIZATION",,"TX","USA","AUTHENTICATION_PENDING","False","False"
"BD_BOOK_EXP_00922","AUSTIN COUNTY SHERIFF OFFICE","MOTORCYCLE_ORGANIZATION",,"TX","USA","AUTHENTICATION_PENDING","False","False"
"BD_BOOK_EXP_00314","AUSTIN COUNTY SHERIFFS OFFICE","MOTORCYCLE_ORGANIZATION",,"TX","USA","PUBLIC_SOURCE_FOUND","True","False"
"BD_BOOK_EXP_00927","AUSTIN GANG / VIOLENT CRIME UNIT","MOTORCYCLE_ORGANIZATION",,"TX","USA","AUTHENTICATION_PENDING","False","False"
"BD_BOOK_EXP_00930","AUSTIN LAW ENFORCEMENT TRAINING DIVISION","MOTORCYCLE_ORGANIZATION",,"TX","USA","AUTHENTICATION_PENDING","False","False"
"BD_BOOK_EXP_00923","AUSTIN MUNICIPAL COURT","MOTORCYCLE_ORGANIZATION",,"TX","USA","AUTHENTICATION_PENDING","False","False"
"BD_BOOK_EXP_00928","AUSTIN NARCOTICS / ORGANIZED CRIME UNIT","MOTORCYCLE_ORGANIZATION",,"TX","USA","AUTHENTICATION_PENDING","False","False"
"BD_BOOK_EXP_00493","Austin Police Academy","MOTORCYCLE_ORGANIZATION",,"TX","USA","PUBLIC_SOURCE_FOUND","True","False"
"BD_BOOK_EXP_00921","AUSTIN POLICE DEPARTMENT","MOTORCYCLE_ORGANIZATION",,"TX","USA","AUTHENTICATION_PENDING","False","False"
"BD_BOOK_EXP_00925","AUSTIN PUBLIC SAFETY DEPARTMENT","MOTORCYCLE_ORGANIZATION",,"TX","USA","AUTHENTICATION_PENDING","False","False"
"BD_BOOK_EXP_00929","AUSTIN REGIONAL TASK FORCE","MOTORCYCLE_ORGANIZATION",,"TX","USA","AUTHENTICATION_PENDING","False","False"
"BD_BOOK_EXP_00320","BAILEY COUNTY SHERIFFS DEPARTMENT","MOTORCYCLE_ORGANIZATION",,"TX","USA","PUBLIC_SOURCE_FOUND","True","False"
"BD_BOOK_EXP_00376","BANDERA COUNTY SHERIFFS OFFICE","MOTORCYCLE_ORGANIZATION",,"TX","USA","PUBLIC_SOURCE_FOUND","True","False"
"BD_BOOK_EXP_00266","BASTROP COUNTY SHERIFFS OFFICE","MOTORCYCLE_ORGANIZATION",,"TX","USA","PUBLIC_SOURCE_FOUND","True","False"
"BD_BOOK_EXP_00224","BAYLOR COUNTY SHERIFFS OFFICE","MOTORCYCLE_ORGANIZATION",,"TX","USA","PUBLIC_SOURCE_FOUND","True","False"
"BD_BOOK_EXP_00246","BAYLOR HEALTH CARE SYSTEM PUBLIC SAFETY DEPARTMENT","MOTORCYCLE_ORGANIZATION",,"TX","USA","PUBLIC_SOURCE_FOUND","True","False"
"BD_BOOK_EXP_00504","Baytown Police Academy","MOTORCYCLE_ORGANIZATION",,"TX","USA","PUBLIC_SOURCE_FOUND","True","False"
"BD_BOOK_EXP_00377","BEE COUNTY SHERIFFS DEPARTMENT","MOTORCYCLE_ORGANIZATION",,"TX","USA","PUBLIC_SOURCE_FOUND","True","False"
"BD_BOOK_EXP_00289","BELL COUNTY SHERIFFS OFFICE","MOTORCYCLE_ORGANIZATION",,"TX","USA","PUBLIC_SOURCE_FOUND","True","False"
"BD_BOOK_EXP_00204","BEVERLY HILLS DEPARTMENT OF PUBLIC SAFETY","MOTORCYCLE_ORGANIZATION",,"TX","USA","PUBLIC_SOURCE_FOUND","True","False"
"BD_BOOK_EXP_00253","BEXAR COUNTY SHERIFFS OFFICE","MOTORCYCLE_ORGANIZATION",,"TX","USA","PUBLIC_SOURCE_FOUND","True","False"
"BD_BOOK_EXP_00311","BLANCO COUNTY SHERIFFS DEPARTMENT","MOTORCYCLE_ORGANIZATION",,"TX","USA","PUBLIC_SOURCE_FOUND","True","False"
"BD_BOOK_EXP_00228","BORDEN COUNTY SHERIFFS OFFICE","MOTORCYCLE_ORGANIZATION",,"TX","USA","PUBLIC_SOURCE_FOUND","True","False"
"BD_BOOK_EXP_00351","BOSQUE COUNTY SHERIFFS OFFICE","MOTORCYCLE_ORGANIZATION",,"TX","USA","PUBLIC_SOURCE_FOUND","True","False"
"BD_BOOK_EXP_00210","BOWIE COUNTY SHERIFFS OFFICE","MOTORCYCLE_ORGANIZATION",,"TX","USA","PUBLIC_SOURCE_FOUND","True","False"
"BD_BOOK_EXP_00256","BRAZORIA COUNTY SHERIFFS OFFICE","MOTORCYCLE_ORGANIZATION",,"TX","USA","PUBLIC_SOURCE_FOUND","True","False"
"BD_BOOK_EXP_00201","BRAZOS COUNTY SHERIFFS OFFICE","MOTORCYCLE_ORGANIZATION",,"TX","USA","PUBLIC_SOURCE_FOUND","True","False"
"BD_BOOK_EXP_00227","BREWSTER COUNTY SHERIFFS OFFICE","MOTORCYCLE_ORGANIZATION",,"TX","USA","PUBLIC_SOURCE_FOUND","True","False"
"BD_BOOK_EXP_00424","BRISCOE COUNTY SHERIFFS DEPARTMENT","MOTORCYCLE_ORGANIZATION",,"TX","USA","PUBLIC_SOURCE_FOUND","True","False"
"BD_BOOK_EXP_00387","BROOKS COUNTY SHERIFFS DEPARTMENT","MOTORCYCLE_ORGANIZATION",,"TX","USA","PUBLIC_SOURCE_FOUND","True","False"
"BD_BOOK_EXP_00417","BROWN COUNTY SHERIFFS OFFICE","MOTORCYCLE_ORGANIZATION",,"TX","USA","PUBLIC_SOURCE_FOUND","True","False"
"BD_BOOK_EXP_00505","Brownsville Police Academy","MOTORCYCLE_ORGANIZATION",,"TX","USA","PUBLIC_SOURCE_FOUND","True","False"
"BD_BOOK_EXP_00328","BURLESON COUNTY SHERIFF OFFICE","MOTORCYCLE_ORGANIZATION",,"TX","USA","PUBLIC_SOURCE_FOUND","True","False"
"BD_BOOK_EXP_00291","BURNET COUNTY SHERIFFS OFFICE","MOTORCYCLE_ORGANIZATION",,"TX","USA","PUBLIC_SOURCE_FOUND","True","False"
"BD_BOOK_EXP_00294","CALDWELL COUNTY SHERIFFS OFFICE","MOTORCYCLE_ORGANIZATION",,"TX","USA","PUBLIC_SOURCE_FOUND","True","False"
"BD_BOOK_EXP_00362","CALHOUN COUNTY SHERIFFS DEPARTMENT","MOTORCYCLE_ORGANIZATION",,"TX","USA","PUBLIC_SOURCE_FOUND","True","False"
"BD_BOOK_EXP_00441","CALLAHAN COUNTY SHERIFFS DEPARTMENT","MOTORCYCLE_ORGANIZATION",,"TX","USA","PUBLIC_SOURCE_FOUND","True","False"
"BD_BOOK_EXP_00196","CAMERON COUNTY SHERIFFS OFFICE","MOTORCYCLE_ORGANIZATION",,"TX","USA","PUBLIC_SOURCE_FOUND","True","False"
"BD_BOOK_EXP_00454","CAMP COUNTY SHERIFFS OFFICE","MOTORCYCLE_ORGANIZATION",,"TX","USA","PUBLIC_SOURCE_FOUND","True","False"
"BD_BOOK_EXP_00309","CARSON COUNTY SHERIFFS OFFICE","MOTORCYCLE_ORGANIZATION",,"TX","USA","PUBLIC_SOURCE_FOUND","True","False"
"BD_BOOK_EXP_00300","CASS COUNTY SHERIFFS OFFICE","MOTORCYCLE_ORGANIZATION",,"TX","USA","PUBLIC_SOURCE_FOUND","True","False"
"BD_BOOK_EXP_00423","CASTRO COUNTY SHERIFFS DEPARTMENT","MOTORCYCLE_ORGANIZATION",,"TX","USA","PUBLIC_SOURCE_FOUND","True","False"
"BD_BOOK_EXP_00506","Central Texas College Police Academy And Law Enforcement","MOTORCYCLE_ORGANIZATION",,"TX","USA","PUBLIC_SOURCE_FOUND","True","False"
"BD_BOOK_EXP_00449","CHAMBERS COUNTY SHERIFFS DEPARTMENT","MOTORCYCLE_ORGANIZATION",,"TX","USA","PUBLIC_SOURCE_FOUND","True","False"
"BD_BOOK_EXP_00381","CHEROKEE COUNTY SHERIFFS DEPARTMENT","MOTORCYCLE_ORGANIZATION",,"TX","USA","PUBLIC_SOURCE_FOUND","True","False"
"BD_BOOK_EXP_00450","CHILDRESS COUNTY SHERIFFS OFFICE","MOTORCYCLE_ORGANIZATION",,"TX","USA","PUBLIC_SOURCE_FOUND","True","False"
"BD_BOOK_EXP_00221","CLAY COUNTY SHERIFFS OFFICE","MOTORCYCLE_ORGANIZATION",,"TX","USA","PUBLIC_SOURCE_FOUND","True","False"
"BD_BOOK_EXP_00223","COCHRAN COUNTY SHERIFFS OFFICE","MOTORCYCLE_ORGANIZATION",,"TX","USA","PUBLIC_SOURCE_FOUND","True","False"
"BD_BOOK_EXP_00212","COKE COUNTY SHERIFFS OFFICE","MOTORCYCLE_ORGANIZATION",,"TX","USA","PUBLIC_SOURCE_FOUND","True","False"
"BD_BOOK_EXP_00348","COLEMAN COUNTY SHERIFFS DEPARTMENT","MOTORCYCLE_ORGANIZATION",,"TX","USA","PUBLIC_SOURCE_FOUND","True","False"
"BD_BOOK_EXP_00197","COLLIN COUNTY SHERIFFS OFFICE","MOTORCYCLE_ORGANIZATION",,"TX","USA","PUBLIC_SOURCE_FOUND","True","False"
"BD_BOOK_EXP_00326","COLLINGSWORTH COUNTY SHERIFFS OFFICE","MOTORCYCLE_ORGANIZATION",,"TX","USA","PUBLIC_SOURCE_FOUND","True","False"
"BD_BOOK_EXP_00420","COLORADO COUNTY SHERIFFS DEPARTMENT","MOTORCYCLE_ORGANIZATION",,"TX","USA","PUBLIC_SOURCE_FOUND","True","False"
"BD_BOOK_EXP_00274","COMAL COUNTY SHERIFFS DEPARTMENT","MOTORCYCLE_ORGANIZATION",,"TX","USA","PUBLIC_SOURCE_FOUND","True","False"
"BD_BOOK_EXP_00219","CONCHO COUNTY SHERIFFS OFFICE","MOTORCYCLE_ORGANIZATION",,"TX","USA","PUBLIC_SOURCE_FOUND","True","False"
"BD_BOOK_EXP_00356","COOKE COUNTY SHERIFFS DEPARTMENT","MOTORCYCLE_ORGANIZATION",,"TX","USA","PUBLIC_SOURCE_FOUND","True","False"
"BD_BOOK_EXP_00507","Corpus Christi Police Academy","MOTORCYCLE_ORGANIZATION",,"TX","USA","PUBLIC_SOURCE_FOUND","True","False"
"BD_BOOK_EXP_00364","CORYELL COUNTY SHERIFFS OFFICE","MOTORCYCLE_ORGANIZATION",,"TX","USA","PUBLIC_SOURCE_FOUND","True","False"
"BD_BOOK_EXP_00218","COTTLE COUNTY SHERIFFS OFFICE","MOTORCYCLE_ORGANIZATION",,"TX","USA","PUBLIC_SOURCE_FOUND","True","False"
"BD_BOOK_EXP_00371","CRANE COUNTY SHERIFFS OFFICE","MOTORCYCLE_ORGANIZATION",,"TX","USA","PUBLIC_SOURCE_FOUND","True","False"
"BD_BOOK_EXP_00373","CROCKETT COUNTY SHERIFFS OFFICE","MOTORCYCLE_ORGANIZATION",,"TX","USA","PUBLIC_SOURCE_FOUND","True","False"
"BD_BOOK_EXP_00430","CROSBY COUNTY SHERIFFS OFFICE","MOTORCYCLE_ORGANIZATION",,"TX","USA","PUBLIC_SOURCE_FOUND","True","False"
"BD_BOOK_EXP_00363","CULBERSON COUNTY SHERIFFS DEPARTMENT","MOTORCYCLE_ORGANIZATION",,"TX","USA","PUBLIC_SOURCE_FOUND","True","False"
"BD_BOOK_EXP_00342","DALLAM COUNTY SHERIFF AND JAIL","MOTORCYCLE_ORGANIZATION",,"TX","USA","PUBLIC_SOURCE_FOUND","True","False"
"BD_BOOK_EXP_00496","Dallas Area Rapid Transit Police Department","MOTORCYCLE_ORGANIZATION",,"TX","USA","PUBLIC_SOURCE_FOUND","True","False"
"BD_BOOK_EXP_00904","DALLAS CITY PROSECUTOR OFFICE","MOTORCYCLE_ORGANIZATION",,"TX","USA","AUTHENTICATION_PENDING","False","False"
"BD_BOOK_EXP_00498","Dallas Co. Sheriff's Academy","MOTORCYCLE_ORGANIZATION",,"TX","USA","PUBLIC_SOURCE_FOUND","True","False"
"BD_BOOK_EXP_00906","DALLAS COMMUNITY COLLEGE POLICE","MOTORCYCLE_ORGANIZATION",,"TX","USA","AUTHENTICATION_PENDING","False","False"
"BD_BOOK_EXP_00902","DALLAS COUNTY SHERIFF OFFICE","MOTORCYCLE_ORGANIZATION",,"TX","USA","AUTHENTICATION_PENDING","False","False"
"BD_BOOK_EXP_00018","Dallas County Sheriff's Department","MOTORCYCLE_ORGANIZATION",,"TX","USA","PUBLIC_SOURCE_FOUND","True","False"
"BD_BOOK_EXP_00239","DALLAS COUNTY SHERIFFS OFFICE","MOTORCYCLE_ORGANIZATION",,"TX","USA","PUBLIC_SOURCE_FOUND","True","False"
"BD_BOOK_EXP_00907","DALLAS GANG / VIOLENT CRIME UNIT","MOTORCYCLE_ORGANIZATION",,"TX","USA","AUTHENTICATION_PENDING","False","False"
"BD_BOOK_EXP_00910","DALLAS LAW ENFORCEMENT TRAINING DIVISION","MOTORCYCLE_ORGANIZATION",,"TX","USA","AUTHENTICATION_PENDING","False","False"
"BD_BOOK_EXP_00903","DALLAS MUNICIPAL COURT","MOTORCYCLE_ORGANIZATION",,"TX","USA","AUTHENTICATION_PENDING","False","False"
"BD_BOOK_EXP_00908","DALLAS NARCOTICS / ORGANIZED CRIME UNIT","MOTORCYCLE_ORGANIZATION",,"TX","USA","AUTHENTICATION_PENDING","False","False"
"BD_BOOK_EXP_00527","Dallas Police Academy","MOTORCYCLE_ORGANIZATION",,"TX","USA","AUTHENTICATION_PENDING","False","False"
"BD_BOOK_EXP_00017","Dallas Police Department","MOTORCYCLE_ORGANIZATION",,"TX","USA","PUBLIC_SOURCE_FOUND","True","False"
"BD_BOOK_EXP_00905","DALLAS PUBLIC SAFETY DEPARTMENT","MOTORCYCLE_ORGANIZATION",,"TX","USA","AUTHENTICATION_PENDING","False","False"
"BD_BOOK_EXP_00909","DALLAS REGIONAL TASK FORCE","MOTORCYCLE_ORGANIZATION",,"TX","USA","AUTHENTICATION_PENDING","False","False"
"BD_BOOK_EXP_00242","DALLAS THEOLOGICAL SEMINARY POLICE DEPARTMENT","MOTORCYCLE_ORGANIZATION",,"TX","USA","PUBLIC_SOURCE_FOUND","True","False"
"BD_BOOK_EXP_00203","DALWORTHINGTON GARDENS DEPARTMENT OF PUBLIC SAFETY","MOTORCYCLE_ORGANIZATION",,"TX","USA","PUBLIC_SOURCE_FOUND","True","False"
"BD_BOOK_EXP_00340","DAWSON COUNTY SHERIFFS OFFICE","MOTORCYCLE_ORGANIZATION",,"TX","USA","PUBLIC_SOURCE_FOUND","True","False"
"BD_BOOK_EXP_00384","DE WITT COUNTY SHERIFFS OFFICE","MOTORCYCLE_ORGANIZATION",,"TX","USA","PUBLIC_SOURCE_FOUND","True","False"
"BD_BOOK_EXP_00422","DEAF SMITH COUNTY SHERIFFS OFFICE","MOTORCYCLE_ORGANIZATION",,"TX","USA","PUBLIC_SOURCE_FOUND","True","False"
"BD_BOOK_EXP_00508","Del Mar College Reg. Police Academy","MOTORCYCLE_ORGANIZATION",,"TX","USA","PUBLIC_SOURCE_FOUND","True","False"
"BD_BOOK_EXP_00509","Del Rio Police Academy","MOTORCYCLE_ORGANIZATION",,"TX","USA","PUBLIC_SOURCE_FOUND","True","False"
"BD_BOOK_EXP_00452","DELTA COUNTY SHERIFFS OFFICE","MOTORCYCLE_ORGANIZATION",,"TX","USA","PUBLIC_SOURCE_FOUND","True","False"
"BD_BOOK_EXP_00265","DENTON COUNTY SHERIFFS DEPARTMENT","MOTORCYCLE_ORGANIZATION",,"TX","USA","PUBLIC_SOURCE_FOUND","True","False"
"BD_BOOK_EXP_00510","Denton Police Academy","MOTORCYCLE_ORGANIZATION",,"TX","USA","PUBLIC_SOURCE_FOUND","True","False"
"BD_BOOK_EXP_00451","DICKENS COUNTY SHERIFFS OFFICE","MOTORCYCLE_ORGANIZATION",,"TX","USA","PUBLIC_SOURCE_FOUND","True","False"
"BD_BOOK_EXP_00425","DIMMIT COUNTY SHERIFFS OFFICE","MOTORCYCLE_ORGANIZATION",,"TX","USA","PUBLIC_SOURCE_FOUND","True","False"
"BD_BOOK_EXP_00464","DONLEY COUNTY SHERIFFS OFFICE","MOTORCYCLE_ORGANIZATION",,"TX","USA","PUBLIC_SOURCE_FOUND","True","False"
"BD_BOOK_EXP_00393","DUVAL COUNTY SHERIFFS OFFICE","MOTORCYCLE_ORGANIZATION",,"TX","USA","PUBLIC_SOURCE_FOUND","True","False"
"BD_BOOK_EXP_00511","East Texas Police Academy","MOTORCYCLE_ORGANIZATION",,"TX","USA","PUBLIC_SOURCE_FOUND","True","False"
"BD_BOOK_EXP_00305","EASTLAND COUNTY SHERIFFS OFFICE","MOTORCYCLE_ORGANIZATION",,"TX","USA","PUBLIC_SOURCE_FOUND","True","False"
"BD_BOOK_EXP_00293","ECTOR COUNTY SHERIFFS OFFICE","MOTORCYCLE_ORGANIZATION",,"TX","USA","PUBLIC_SOURCE_FOUND","True","False"
"BD_BOOK_EXP_00418","EDWARDS COUNTY SHERIFFS OFFICE","MOTORCYCLE_ORGANIZATION",,"TX","USA","PUBLIC_SOURCE_FOUND","True","False"
"BD_BOOK_EXP_01030","EL PASO CITY PROSECUTOR OFFICE","MOTORCYCLE_ORGANIZATION",,"TX","USA","AUTHENTICATION_PENDING","False","False"
"BD_BOOK_EXP_01032","EL PASO COMMUNITY COLLEGE POLICE","MOTORCYCLE_ORGANIZATION",,"TX","USA","AUTHENTICATION_PENDING","False","False"
"BD_BOOK_EXP_01028","EL PASO COUNTY SHERIFF OFFICE","MOTORCYCLE_ORGANIZATION",,"TX","USA","AUTHENTICATION_PENDING","False","False"
"BD_BOOK_EXP_00255","EL PASO COUNTY SHERIFFS OFFICE","MOTORCYCLE_ORGANIZATION",,"TX","USA","PUBLIC_SOURCE_FOUND","True","False"
"BD_BOOK_EXP_00459","EL PASO COUNTY SHERIFFS OFFICE - CLINT SUBSTATION","MOTORCYCLE_ORGANIZATION",,"TX","USA","PUBLIC_SOURCE_FOUND","True","False"
"BD_BOOK_EXP_00455","EL PASO COUNTY SHERIFFS OFFICE - FABENS SUBSTATION","MOTORCYCLE_ORGANIZATION",,"TX","USA","PUBLIC_SOURCE_FOUND","True","False"
"BD_BOOK_EXP_00457","EL PASO COUNTY SHERIFFS OFFICE - MONTANA SUBSTATION","MOTORCYCLE_ORGANIZATION",,"TX","USA","PUBLIC_SOURCE_FOUND","True","False"
"BD_BOOK_EXP_00458","EL PASO COUNTY SHERIFFS OFFICE - VINTON SUBSTATION","MOTORCYCLE_ORGANIZATION",,"TX","USA","PUBLIC_SOURCE_FOUND","True","False"
"BD_BOOK_EXP_01033","EL PASO GANG / VIOLENT CRIME UNIT","MOTORCYCLE_ORGANIZATION",,"TX","USA","AUTHENTICATION_PENDING","False","False"
"BD_BOOK_EXP_01036","EL PASO LAW ENFORCEMENT TRAINING DIVISION","MOTORCYCLE_ORGANIZATION",,"TX","USA","AUTHENTICATION_PENDING","False","False"
"BD_BOOK_EXP_01029","EL PASO MUNICIPAL COURT","MOTORCYCLE_ORGANIZATION",,"TX","USA","AUTHENTICATION_PENDING","False","False"
"BD_BOOK_EXP_01034","EL PASO NARCOTICS / ORGANIZED CRIME UNIT","MOTORCYCLE_ORGANIZATION",,"TX","USA","AUTHENTICATION_PENDING","False","False"
"BD_BOOK_EXP_01027","EL PASO POLICE DEPARTMENT","MOTORCYCLE_ORGANIZATION",,"TX","USA","AUTHENTICATION_PENDING","False","False"
"BD_BOOK_EXP_01031","EL PASO PUBLIC SAFETY DEPARTMENT","MOTORCYCLE_ORGANIZATION",,"TX","USA","AUTHENTICATION_PENDING","False","False"
"BD_BOOK_EXP_01035","EL PASO REGIONAL TASK FORCE","MOTORCYCLE_ORGANIZATION",,"TX","USA","AUTHENTICATION_PENDING","False","False"
"BD_BOOK_EXP_00270","ELLIS COUNTY SHERIFF","MOTORCYCLE_ORGANIZATION",,"TX","USA","PUBLIC_SOURCE_FOUND","True","False"
"BD_BOOK_EXP_00465","ERATH COUNTY SHERIFFS OFFICE","MOTORCYCLE_ORGANIZATION",,"TX","USA","PUBLIC_SOURCE_FOUND","True","False"
"BD_BOOK_EXP_00406","FALLS COUNTY SHERIFFS OFFICE","MOTORCYCLE_ORGANIZATION",,"TX","USA","PUBLIC_SOURCE_FOUND","True","False"
"BD_BOOK_EXP_00412","FANNIN COUNTY SHERIFFS DEPARTMENT","MOTORCYCLE_ORGANIZATION",,"TX","USA","PUBLIC_SOURCE_FOUND","True","False"
"BD_BOOK_EXP_00440","FAYETTE COUNTY SHERIFFS DEPARTMENT","MOTORCYCLE_ORGANIZATION",,"TX","USA","PUBLIC_SOURCE_FOUND","True","False"
"BD_BOOK_EXP_00329","FISHER COUNTY SHERIFFS OFFICE","MOTORCYCLE_ORGANIZATION",,"TX","USA","PUBLIC_SOURCE_FOUND","True","False"
"BD_BOOK_EXP_00209","FLOYD COUNTY SHERIFFS OFFICE","MOTORCYCLE_ORGANIZATION",,"TX","USA","PUBLIC_SOURCE_FOUND","True","False"
"BD_BOOK_EXP_00215","FOARD COUNTY SHERIFFS OFFICE","MOTORCYCLE_ORGANIZATION",,"TX","USA","PUBLIC_SOURCE_FOUND","True","False"
"BD_BOOK_EXP_00257","FORT BEND COUNTY SHERIFFS OFFICE","MOTORCYCLE_ORGANIZATION",,"TX","USA","PUBLIC_SOURCE_FOUND","True","False"
"BD_BOOK_EXP_00944","FORT WORTH CITY PROSECUTOR OFFICE","MOTORCYCLE_ORGANIZATION",,"TX","USA","AUTHENTICATION_PENDING","False","False"
"BD_BOOK_EXP_00946","FORT WORTH COMMUNITY COLLEGE POLICE","MOTORCYCLE_ORGANIZATION",,"TX","USA","AUTHENTICATION_PENDING","False","False"
"BD_BOOK_EXP_00942","FORT WORTH COUNTY SHERIFF OFFICE","MOTORCYCLE_ORGANIZATION",,"TX","USA","AUTHENTICATION_PENDING","False","False"
"BD_BOOK_EXP_00947","FORT WORTH GANG / VIOLENT CRIME UNIT","MOTORCYCLE_ORGANIZATION",,"TX","USA","AUTHENTICATION_PENDING","False","False"
"BD_BOOK_EXP_00950","FORT WORTH LAW ENFORCEMENT TRAINING DIVISION","MOTORCYCLE_ORGANIZATION",,"TX","USA","AUTHENTICATION_PENDING","False","False"
"BD_BOOK_EXP_00943","FORT WORTH MUNICIPAL COURT","MOTORCYCLE_ORGANIZATION",,"TX","USA","AUTHENTICATION_PENDING","False","False"
"BD_BOOK_EXP_00948","FORT WORTH NARCOTICS / ORGANIZED CRIME UNIT","MOTORCYCLE_ORGANIZATION",,"TX","USA","AUTHENTICATION_PENDING","False","False"
"BD_BOOK_EXP_00494","Fort Worth Police Academy","MOTORCYCLE_ORGANIZATION",,"TX","USA","PUBLIC_SOURCE_FOUND","True","False"
"BD_BOOK_EXP_00941","FORT WORTH POLICE DEPARTMENT","MOTORCYCLE_ORGANIZATION",,"TX","USA","AUTHENTICATION_PENDING","False","False"
"BD_BOOK_EXP_00945","FORT WORTH PUBLIC SAFETY DEPARTMENT","MOTORCYCLE_ORGANIZATION",,"TX","USA","AUTHENTICATION_PENDING","False","False"
"BD_BOOK_EXP_00949","FORT WORTH REGIONAL TASK FORCE","MOTORCYCLE_ORGANIZATION",,"TX","USA","AUTHENTICATION_PENDING","False","False"
"BD_BOOK_EXP_00325","FRANKLIN COUNTY SHERIFFS DEPARTMENT","MOTORCYCLE_ORGANIZATION",,"TX","USA","PUBLIC_SOURCE_FOUND","True","False"
"BD_BOOK_EXP_00439","FREESTONE COUNTY SHERIFF DEPARTMENT","MOTORCYCLE_ORGANIZATION",,"TX","USA","PUBLIC_SOURCE_FOUND","True","False"
"BD_BOOK_EXP_00344","FRIO COUNTY SHERIFFS DEPARTMENT","MOTORCYCLE_ORGANIZATION",,"TX","USA","PUBLIC_SOURCE_FOUND","True","False"
"BD_BOOK_EXP_00397","GAINES COUNTY SHERIFFS DEPARTMENT","MOTORCYCLE_ORGANIZATION",,"TX","USA","PUBLIC_SOURCE_FOUND","True","False"
"BD_BOOK_EXP_00263","GALVESTON COUNTY SHERIFFS DEPARTMENT","MOTORCYCLE_ORGANIZATION",,"TX","USA","PUBLIC_SOURCE_FOUND","True","False"
"BD_BOOK_EXP_00512","Garland Police Academy","MOTORCYCLE_ORGANIZATION",,"TX","USA","PUBLIC_SOURCE_FOUND","True","False"
"BD_BOOK_EXP_00433","GARZA COUNTY SHERIFFS OFFICE","MOTORCYCLE_ORGANIZATION",,"TX","USA","PUBLIC_SOURCE_FOUND","True","False"
"BD_BOOK_EXP_00230","GILLESPIE COUNTY SHERIFFS OFFICE","MOTORCYCLE_ORGANIZATION",,"TX","USA","PUBLIC_SOURCE_FOUND","True","False"
"BD_BOOK_EXP_00370","GLASSCOCK COUNTY SHERIFFS OFFICE","MOTORCYCLE_ORGANIZATION",,"TX","USA","PUBLIC_SOURCE_FOUND","True","False"
"BD_BOOK_EXP_00442","GOLIAD COUNTY SHERIFFS OFFICE","MOTORCYCLE_ORGANIZATION",,"TX","USA","PUBLIC_SOURCE_FOUND","True","False"
"BD_BOOK_EXP_00388","GONZALES COUNTY SHERIFFS OFFICE","MOTORCYCLE_ORGANIZATION",,"TX","USA","PUBLIC_SOURCE_FOUND","True","False"
"BD_BOOK_EXP_00513","Grand Prairie Police Academy","MOTORCYCLE_ORGANIZATION",,"TX","USA","PUBLIC_SOURCE_FOUND","True","False"
"BD_BOOK_EXP_00391","GRAY COUNTY SHERIFFS OFFICE","MOTORCYCLE_ORGANIZATION",,"TX","USA","PUBLIC_SOURCE_FOUND","True","False"
"BD_BOOK_EXP_00281","GRAYSON COUNTY SHERIFFS OFFICE","MOTORCYCLE_ORGANIZATION",,"TX","USA","PUBLIC_SOURCE_FOUND","True","False"
"BD_BOOK_EXP_00269","GREGG COUNTY SHERIFFS OFFICE","MOTORCYCLE_ORGANIZATION",,"TX","USA","PUBLIC_SOURCE_FOUND","True","False"
"BD_BOOK_EXP_00429","GRIMES COUNTY SHERIFFS DEPARTMENT","MOTORCYCLE_ORGANIZATION",,"TX","USA","PUBLIC_SOURCE_FOUND","True","False"
"BD_BOOK_EXP_00275","GUADALUPE COUNTY SHERIFFS DEPARTMENT","MOTORCYCLE_ORGANIZATION",,"TX","USA","PUBLIC_SOURCE_FOUND","True","False"
"BD_BOOK_EXP_00303","HALE COUNTY SHERIFFS OFFICE","MOTORCYCLE_ORGANIZATION",,"TX","USA","PUBLIC_SOURCE_FOUND","True","False"
"BD_BOOK_EXP_00389","HALL COUNTY SHERIFF DEPARTMENT","MOTORCYCLE_ORGANIZATION",,"TX","USA","PUBLIC_SOURCE_FOUND","True","False"
"BD_BOOK_EXP_00312","HAMILTON COUNTY SHERIFF DEPARTMENT","MOTORCYCLE_ORGANIZATION",,"TX","USA","PUBLIC_SOURCE_FOUND","True","False"
"BD_BOOK_EXP_00408","HANSFORD COUNTY SHERIFFS OFFICE","MOTORCYCLE_ORGANIZATION",,"TX","USA","PUBLIC_SOURCE_FOUND","True","False"
"BD_BOOK_EXP_00460","HARDEMAN COUNTY SHERIFFS DEPARTMENT","MOTORCYCLE_ORGANIZATION",,"TX","USA","PUBLIC_SOURCE_FOUND","True","False"
"BD_BOOK_EXP_00410","HARDIN COUNTY SHERIFFS OFFICE","MOTORCYCLE_ORGANIZATION",,"TX","USA","PUBLIC_SOURCE_FOUND","True","False"
"BD_BOOK_EXP_00183","HARRIS COUNTY SHERIFFS OFFICE","MOTORCYCLE_ORGANIZATION",,"TX","USA","PUBLIC_SOURCE_FOUND","True","False"
"BD_BOOK_EXP_00016","Harris County Sheriff's Office","MOTORCYCLE_ORGANIZATION",,"TX","USA","PUBLIC_SOURCE_FOUND","True","False"
"BD_BOOK_EXP_00251","HARRIS COUNTY SHERIFFS OFFICE DIVISION 1 - CYPRESSWOOD","MOTORCYCLE_ORGANIZATION",,"TX","USA","PUBLIC_SOURCE_FOUND","True","False"
"BD_BOOK_EXP_00250","HARRIS COUNTY SHERIFFS OFFICE DIVISION 2 - HUMBLE","MOTORCYCLE_ORGANIZATION",,"TX","USA","PUBLIC_SOURCE_FOUND","True","False"
"BD_BOOK_EXP_00243","HARRIS COUNTY SHERIFFS OFFICE DIVISION 3 - WALLISVILLE","MOTORCYCLE_ORGANIZATION",,"TX","USA","PUBLIC_SOURCE_FOUND","True","False"
"BD_BOOK_EXP_00244","HARRIS COUNTY SHERIFFS OFFICE DIVISION 4 - CLAY ROAD","MOTORCYCLE_ORGANIZATION",,"TX","USA","PUBLIC_SOURCE_FOUND","True","False"
"BD_BOOK_EXP_00252","HARRIS COUNTY SHERIFFS OFFICE DIVISION 5","MOTORCYCLE_ORGANIZATION",,"TX","USA","PUBLIC_SOURCE_FOUND","True","False"
"BD_BOOK_EXP_00411","HARRISON COUNTY SHERIFFS OFFICE","MOTORCYCLE_ORGANIZATION",,"TX","USA","PUBLIC_SOURCE_FOUND","True","False"
"BD_BOOK_EXP_00350","HARTLEY COUNTY SHERIFFS OFFICE","MOTORCYCLE_ORGANIZATION",,"TX","USA","PUBLIC_SOURCE_FOUND","True","False"
"BD_BOOK_EXP_00214","HASKELL COUNTY SHERIFFS OFFICE","MOTORCYCLE_ORGANIZATION",,"TX","USA","PUBLIC_SOURCE_FOUND","True","False"
"BD_BOOK_EXP_00279","HAYS COUNTY SHERIFFS OFFICE","MOTORCYCLE_ORGANIZATION",,"TX","USA","PUBLIC_SOURCE_FOUND","True","False"
"BD_BOOK_EXP_00187","HEDWIG VILLAGE POLICE DEPARTMENT","MOTORCYCLE_ORGANIZATION",,"TX","USA","PUBLIC_SOURCE_FOUND","True","False"
"BD_BOOK_EXP_00428","HEMPHILL COUNTY SHERIFFS OFFICE","MOTORCYCLE_ORGANIZATION",,"TX","USA","PUBLIC_SOURCE_FOUND","True","False"
"BD_BOOK_EXP_00286","HENDERSON COUNTY SHERIFFS OFFICE","MOTORCYCLE_ORGANIZATION",,"TX","USA","PUBLIC_SOURCE_FOUND","True","False"
"BD_BOOK_EXP_00262","HIDALGO COUNTY SHERIFFS OFFICE","MOTORCYCLE_ORGANIZATION",,"TX","USA","PUBLIC_SOURCE_FOUND","True","False"
"BD_BOOK_EXP_00190","HIGHLAND PARK DEPARTMENT OF PUBLIC SAFETY","MOTORCYCLE_ORGANIZATION",,"TX","USA","PUBLIC_SOURCE_FOUND","True","False"
"BD_BOOK_EXP_00446","HILL COUNTY SHERIFF OFFICE","MOTORCYCLE_ORGANIZATION",,"TX","USA","PUBLIC_SOURCE_FOUND","True","False"
"BD_BOOK_EXP_00385","HOCKLEY COUNTY SHERIFFS DEPARTMENT","MOTORCYCLE_ORGANIZATION",,"TX","USA","PUBLIC_SOURCE_FOUND","True","False"
"BD_BOOK_EXP_00271","HOOD COUNTY SHERIFFS OFFICE","MOTORCYCLE_ORGANIZATION",,"TX","USA","PUBLIC_SOURCE_FOUND","True","False"
"BD_BOOK_EXP_00339","HOPKINS COUNTY SHERIFFS DEPARTMENT","MOTORCYCLE_ORGANIZATION",,"TX","USA","PUBLIC_SOURCE_FOUND","True","False"
"BD_BOOK_EXP_00491","Houston City College Police Academy","MOTORCYCLE_ORGANIZATION",,"TX","USA","PUBLIC_SOURCE_FOUND","True","False"
"BD_BOOK_EXP_00858","HOUSTON CITY PROSECUTOR OFFICE","MOTORCYCLE_ORGANIZATION",,"TX","USA","AUTHENTICATION_PENDING","False","False"
"BD_BOOK_EXP_00860","HOUSTON COMMUNITY COLLEGE POLICE","MOTORCYCLE_ORGANIZATION",,"TX","USA","AUTHENTICATION_PENDING","False","False"
"BD_BOOK_EXP_00856","HOUSTON COUNTY SHERIFF OFFICE","MOTORCYCLE_ORGANIZATION",,"TX","USA","AUTHENTICATION_PENDING","False","False"
"BD_BOOK_EXP_00359","HOUSTON COUNTY SHERIFFS OFFICE","MOTORCYCLE_ORGANIZATION",,"TX","USA","PUBLIC_SOURCE_FOUND","True","False"
"BD_BOOK_EXP_00499","Houston County Sheriff's Office","MOTORCYCLE_ORGANIZATION",,"TX","USA","PUBLIC_SOURCE_FOUND","True","False"
"BD_BOOK_EXP_00861","HOUSTON GANG / VIOLENT CRIME UNIT","MOTORCYCLE_ORGANIZATION",,"TX","USA","AUTHENTICATION_PENDING","False","False"
"BD_BOOK_EXP_00497","Houston I.S.D. Police Department","MOTORCYCLE_ORGANIZATION",,"TX","USA","PUBLIC_SOURCE_FOUND","True","False"
"BD_BOOK_EXP_00864","HOUSTON LAW ENFORCEMENT TRAINING DIVISION","MOTORCYCLE_ORGANIZATION",,"TX","USA","AUTHENTICATION_PENDING","False","False"
"BD_BOOK_EXP_00857","HOUSTON MUNICIPAL COURT","MOTORCYCLE_ORGANIZATION",,"TX","USA","AUTHENTICATION_PENDING","False","False"
"BD_BOOK_EXP_00862","HOUSTON NARCOTICS / ORGANIZED CRIME UNIT","MOTORCYCLE_ORGANIZATION",,"TX","USA","AUTHENTICATION_PENDING","False","False"
"BD_BOOK_EXP_00492","Houston Police Academy","MOTORCYCLE_ORGANIZATION",,"TX","USA","PUBLIC_SOURCE_FOUND","True","False"
"BD_BOOK_EXP_00015","Houston Police Department","MOTORCYCLE_ORGANIZATION",,"TX","USA","PUBLIC_SOURCE_FOUND","True","False"
"BD_BOOK_EXP_00859","HOUSTON PUBLIC SAFETY DEPARTMENT","MOTORCYCLE_ORGANIZATION",,"TX","USA","AUTHENTICATION_PENDING","False","False"
"BD_BOOK_EXP_00863","HOUSTON REGIONAL TASK FORCE","MOTORCYCLE_ORGANIZATION",,"TX","USA","AUTHENTICATION_PENDING","False","False"
"BD_BOOK_EXP_00168","Houston-Area Law Enforcement / FBI Houston Partner Agencies","MOTORCYCLE_ORGANIZATION",,"TX","USA","PUBLIC_SOURCE_FOUND","True","False"
"BD_BOOK_EXP_00372","HOWARD COUNTY SHERIFFS OFFICE","MOTORCYCLE_ORGANIZATION",,"TX","USA","PUBLIC_SOURCE_FOUND","True","False"
"BD_BOOK_EXP_00360","HUDSPETH COUNTY SHERIFFS OFFICE","MOTORCYCLE_ORGANIZATION",,"TX","USA","PUBLIC_SOURCE_FOUND","True","False"
"BD_BOOK_EXP_00276","HUNT COUNTY SHERIFFS DEPARTMENT","MOTORCYCLE_ORGANIZATION",,"TX","USA","PUBLIC_SOURCE_FOUND","True","False"
"BD_BOOK_EXP_00379","HUTCHINSON COUNTY SHERIFF","MOTORCYCLE_ORGANIZATION",,"TX","USA","PUBLIC_SOURCE_FOUND","True","False"
"BD_BOOK_EXP_00390","IRION COUNTY SHERIFF","MOTORCYCLE_ORGANIZATION",,"TX","USA","PUBLIC_SOURCE_FOUND","True","False"
"BD_BOOK_EXP_00188","JACINTO CITY POLICE DEPARTMENT","MOTORCYCLE_ORGANIZATION",,"TX","USA","PUBLIC_SOURCE_FOUND","True","False"
"BD_BOOK_EXP_00323","JACKSON COUNTY SHERIFFS","MOTORCYCLE_ORGANIZATION",,"TX","USA","PUBLIC_SOURCE_FOUND","True","False"
"BD_BOOK_EXP_00343","JASPER COUNTY SHERIFFS OFFICE","MOTORCYCLE_ORGANIZATION",,"TX","USA","PUBLIC_SOURCE_FOUND","True","False"
"BD_BOOK_EXP_00213","JEFF DAVIS COUNTY SHERIFFS OFFICE","MOTORCYCLE_ORGANIZATION",,"TX","USA","PUBLIC_SOURCE_FOUND","True","False"
"BD_BOOK_EXP_00195","JEFFERSON COUNTY SHERIFFS OFFICE","MOTORCYCLE_ORGANIZATION",,"TX","USA","PUBLIC_SOURCE_FOUND","True","False"
"BD_BOOK_EXP_00185","JERSEY VILLAGE POLICE DEPARTMENT","MOTORCYCLE_ORGANIZATION",,"TX","USA","PUBLIC_SOURCE_FOUND","True","False"
"BD_BOOK_EXP_00383","JIM HOGG COUNTY SHERIFFS DEPARTMENT","MOTORCYCLE_ORGANIZATION",,"TX","USA","PUBLIC_SOURCE_FOUND","True","False"
"BD_BOOK_EXP_00421","JIM WELLS COUNTY SHERIFFS OFFICE","MOTORCYCLE_ORGANIZATION",,"TX","USA","PUBLIC_SOURCE_FOUND","True","False"
"BD_BOOK_EXP_00198","JOHNSON COUNTY SHERIFFS OFFICE","MOTORCYCLE_ORGANIZATION",,"TX","USA","PUBLIC_SOURCE_FOUND","True","False"
"BD_BOOK_EXP_00407","JONES COUNTY SHERIFFS OFFICE","MOTORCYCLE_ORGANIZATION",,"TX","USA","PUBLIC_SOURCE_FOUND","True","False"
"BD_BOOK_EXP_00367","KARNES COUNTY SHERIFFS DEPARTMENT","MOTORCYCLE_ORGANIZATION",,"TX","USA","PUBLIC_SOURCE_FOUND","True","False"
"BD_BOOK_EXP_00349","KENDALL COUNTY SHERIFFS OFFICE","MOTORCYCLE_ORGANIZATION",,"TX","USA","PUBLIC_SOURCE_FOUND","True","False"
"BD_BOOK_EXP_00220","KENEDY COUNTY SHERIFFS OFFICE","MOTORCYCLE_ORGANIZATION",,"TX","USA","PUBLIC_SOURCE_FOUND","True","False"
"BD_BOOK_EXP_00225","KENT COUNTY SHERIFFS OFFICE","MOTORCYCLE_ORGANIZATION",,"TX","USA","PUBLIC_SOURCE_FOUND","True","False"
"BD_BOOK_EXP_00347","KERR COUNTY SHERIFF","MOTORCYCLE_ORGANIZATION",,"TX","USA","PUBLIC_SOURCE_FOUND","True","False"
"BD_BOOK_EXP_00361","KIMBLE COUNTY SHERIFFS OFFICE","MOTORCYCLE_ORGANIZATION",,"TX","USA","PUBLIC_SOURCE_FOUND","True","False"
"BD_BOOK_EXP_00192","KING COUNTY SHERIFFS OFFICE","MOTORCYCLE_ORGANIZATION",,"TX","USA","PUBLIC_SOURCE_FOUND","True","False"
"BD_BOOK_EXP_00316","KINNEY COUNTY SHERIFFS OFFICE","MOTORCYCLE_ORGANIZATION",,"TX","USA","PUBLIC_SOURCE_FOUND","True","False"
"BD_BOOK_EXP_00453","KLEBERG COUNTY SHERIFFS OFFICE","MOTORCYCLE_ORGANIZATION",,"TX","USA","PUBLIC_SOURCE_FOUND","True","False"
"BD_BOOK_EXP_00304","KNOX COUNTY SHERIFFS OFFICE","MOTORCYCLE_ORGANIZATION",,"TX","USA","PUBLIC_SOURCE_FOUND","True","False"
"BD_BOOK_EXP_00321","LA SALLE COUNTY SHERIFF'S OFFICE","MOTORCYCLE_ORGANIZATION",,"TX","USA","PUBLIC_SOURCE_FOUND","True","False"
"BD_BOOK_EXP_00338","LAMAR COUNTY SHERIFFS DEPARTMENT","MOTORCYCLE_ORGANIZATION",,"TX","USA","PUBLIC_SOURCE_FOUND","True","False"
"BD_BOOK_EXP_00358","LAMB COUNTY SHERIFFS DEPARTMENT","MOTORCYCLE_ORGANIZATION",,"TX","USA","PUBLIC_SOURCE_FOUND","True","False"
"BD_BOOK_EXP_00345","LAMPASAS COUNTY SHERIFFS DEPARTMENT","MOTORCYCLE_ORGANIZATION",,"TX","USA","PUBLIC_SOURCE_FOUND","True","False"
"BD_BOOK_EXP_00438","LAVACA COUNTY SHERIFFS DEPARTMENT - LAVACA COUNTY JAIL","MOTORCYCLE_ORGANIZATION",,"TX","USA","PUBLIC_SOURCE_FOUND","True","False"
"BD_BOOK_EXP_00236","LEE COUNTY SHERIFFS OFFICE","MOTORCYCLE_ORGANIZATION",,"TX","USA","PUBLIC_SOURCE_FOUND","True","False"
"BD_BOOK_EXP_00318","LEON COUNTY SHERIFFS OFFICE","MOTORCYCLE_ORGANIZATION",,"TX","USA","PUBLIC_SOURCE_FOUND","True","False"
"BD_BOOK_EXP_00353","LIBERTY COUNTY SHERIFF OFFICE","MOTORCYCLE_ORGANIZATION",,"TX","USA","PUBLIC_SOURCE_FOUND","True","False"
"BD_BOOK_EXP_00413","LIMESTONE COUNTY SHERIFFS DEPARTMENT","MOTORCYCLE_ORGANIZATION",,"TX","USA","PUBLIC_SOURCE_FOUND","True","False"
"BD_BOOK_EXP_00308","LIPSCOMB COUNTY SHERIFFS OFFICE","MOTORCYCLE_ORGANIZATION",,"TX","USA","PUBLIC_SOURCE_FOUND","True","False"
"BD_BOOK_EXP_00330","LIVE OAK COUNTY SHERIFFS OFFICE","MOTORCYCLE_ORGANIZATION",,"TX","USA","PUBLIC_SOURCE_FOUND","True","False"
"BD_BOOK_EXP_00217","LOVING COUNTY SHERIFFS OFFICE","MOTORCYCLE_ORGANIZATION",,"TX","USA","PUBLIC_SOURCE_FOUND","True","False"
"BD_BOOK_EXP_00282","LUBBOCK COUNTY SHERIFFS OFFICE","MOTORCYCLE_ORGANIZATION",,"TX","USA","PUBLIC_SOURCE_FOUND","True","False"
"BD_BOOK_EXP_00432","MADISON COUNTY SHERIFFS OFFICE","MOTORCYCLE_ORGANIZATION",,"TX","USA","PUBLIC_SOURCE_FOUND","True","False"
"BD_BOOK_EXP_00341","MARION COUNTY SHERIFFS OFFICE","MOTORCYCLE_ORGANIZATION",,"TX","USA","PUBLIC_SOURCE_FOUND","True","False"
"BD_BOOK_EXP_00366","MARTIN COUNTY SHERIFFS OFFICE","MOTORCYCLE_ORGANIZATION",,"TX","USA","PUBLIC_SOURCE_FOUND","True","False"
"BD_BOOK_EXP_00216","MASON COUNTY SHERIFFS OFFICE","MOTORCYCLE_ORGANIZATION",,"TX","USA","PUBLIC_SOURCE_FOUND","True","False"
"BD_BOOK_EXP_00226","MATAGORDA COUNTY SHERIFFS OFFICE","MOTORCYCLE_ORGANIZATION",,"TX","USA","PUBLIC_SOURCE_FOUND","True","False"
"BD_BOOK_EXP_00317","MAVERICK COUNTY SHERIFFS OFFICE","MOTORCYCLE_ORGANIZATION",,"TX","USA","PUBLIC_SOURCE_FOUND","True","False"
"BD_BOOK_EXP_00206","MCALLEN DEPARTMENT OF PUBLIC SAFETY","MOTORCYCLE_ORGANIZATION",,"TX","USA","PUBLIC_SOURCE_FOUND","True","False"
"BD_BOOK_EXP_00445","MCCULLOCH COUNTY SHERIFFS OFFICE","MOTORCYCLE_ORGANIZATION",,"TX","USA","PUBLIC_SOURCE_FOUND","True","False"
"BD_BOOK_EXP_00259","MCLENNAN COUNTY SHERIFF","MOTORCYCLE_ORGANIZATION",,"TX","USA","PUBLIC_SOURCE_FOUND","True","False"
"BD_BOOK_EXP_00231","MCMULLEN COUNTY SHERIFFS OFFICE","MOTORCYCLE_ORGANIZATION",,"TX","USA","PUBLIC_SOURCE_FOUND","True","False"
"BD_BOOK_EXP_00374","MEDINA COUNTY SHERIFFS OFFICE","MOTORCYCLE_ORGANIZATION",,"TX","USA","PUBLIC_SOURCE_FOUND","True","False"
"BD_BOOK_EXP_00189","MEMORIAL VILLAGES POLICE DEPARTMENT","MOTORCYCLE_ORGANIZATION",,"TX","USA","PUBLIC_SOURCE_FOUND","True","False"
"BD_BOOK_EXP_00392","MENARD COUNTY SHERIFFS OFFICE","MOTORCYCLE_ORGANIZATION",,"TX","USA","PUBLIC_SOURCE_FOUND","True","False"
"BD_BOOK_EXP_00240","METHODIST MEDICAL CENTER POLICE DEPARTMENT","MOTORCYCLE_ORGANIZATION",,"TX","USA","PUBLIC_SOURCE_FOUND","True","False"
"BD_BOOK_EXP_00278","MIDLAND COUNTY SHERIFFS OFFICE","MOTORCYCLE_ORGANIZATION",,"TX","USA","PUBLIC_SOURCE_FOUND","True","False"
"BD_BOOK_EXP_00490","Midland Police Department Law Enforcement Academy","MOTORCYCLE_ORGANIZATION",,"TX","USA","PUBLIC_SOURCE_FOUND","True","False"
"BD_BOOK_EXP_00461","MILAM COUNTY SHERIFFS DEPARTMENT","MOTORCYCLE_ORGANIZATION",,"TX","USA","PUBLIC_SOURCE_FOUND","True","False"
"BD_BOOK_EXP_00369","MILLS COUNTY SHERIFF OFFICE","MOTORCYCLE_ORGANIZATION",,"TX","USA","PUBLIC_SOURCE_FOUND","True","False"
"BD_BOOK_EXP_00382","MITCHELL COUNTY SHERIFF OFFICE","MOTORCYCLE_ORGANIZATION",,"TX","USA","PUBLIC_SOURCE_FOUND","True","False"
"BD_BOOK_EXP_00306","MONTAGUE COUNTY SHERIFFS OFFICE","MOTORCYCLE_ORGANIZATION",,"TX","USA","PUBLIC_SOURCE_FOUND","True","False"
"BD_BOOK_EXP_00261","MONTGOMERY COUNTY SHERIFFS OFFICE","MOTORCYCLE_ORGANIZATION",,"TX","USA","PUBLIC_SOURCE_FOUND","True","False"
"BD_BOOK_EXP_00335","MOORE COUNTY SHERIFFS OFFICE","MOTORCYCLE_ORGANIZATION",,"TX","USA","PUBLIC_SOURCE_FOUND","True","False"
"BD_BOOK_EXP_00405","MORRIS COUNTY SHERIFF DEPARTMENT","MOTORCYCLE_ORGANIZATION",,"TX","USA","PUBLIC_SOURCE_FOUND","True","False"
"BD_BOOK_EXP_00211","MOTLEY COUNTY SHERIFF OFFICE","MOTORCYCLE_ORGANIZATION",,"TX","USA","PUBLIC_SOURCE_FOUND","True","False"
"BD_BOOK_EXP_00292","NACOGDOCHES COUNTY SHERIFF","MOTORCYCLE_ORGANIZATION",,"TX","USA","PUBLIC_SOURCE_FOUND","True","False"
"BD_BOOK_EXP_00273","NAVARRO COUNTY SHERIFFS OFFICE","MOTORCYCLE_ORGANIZATION",,"TX","USA","PUBLIC_SOURCE_FOUND","True","False"
"BD_BOOK_EXP_00402","NEWTON COUNTY SHERIFFS OFFICE","MOTORCYCLE_ORGANIZATION",,"TX","USA","PUBLIC_SOURCE_FOUND","True","False"
"BD_BOOK_EXP_00414","NOLAN COUNTY SHERIFFS OFFICE","MOTORCYCLE_ORGANIZATION",,"TX","USA","PUBLIC_SOURCE_FOUND","True","False"
"BD_BOOK_EXP_00264","NUECES COUNTY SHERIFFS OFFICE","MOTORCYCLE_ORGANIZATION",,"TX","USA","PUBLIC_SOURCE_FOUND","True","False"
"BD_BOOK_EXP_00401","OCHILTREE COUNTY SHERIFFS OFFICE","MOTORCYCLE_ORGANIZATION",,"TX","USA","PUBLIC_SOURCE_FOUND","True","False"
"BD_BOOK_EXP_00322","OLDHAM COUNTY SHERIFFS DEPARTMENT","MOTORCYCLE_ORGANIZATION",,"TX","USA","PUBLIC_SOURCE_FOUND","True","False"
"BD_BOOK_EXP_00280","ORANGE COUNTY SHERIFF DEPARTMENT","MOTORCYCLE_ORGANIZATION",,"TX","USA","PUBLIC_SOURCE_FOUND","True","False"
"BD_BOOK_EXP_00307","PALO PINTO COUNTY SHERIFF DEPARTMENT - POSSUM KINGDOM LAKE SUBSTATION","MOTORCYCLE_ORGANIZATION",,"TX","USA","PUBLIC_SOURCE_FOUND","True","False"
"BD_BOOK_EXP_00337","PALO PINTO COUNTY SHERIFFS OFFICE","MOTORCYCLE_ORGANIZATION",,"TX","USA","PUBLIC_SOURCE_FOUND","True","False"
"BD_BOOK_EXP_00404","PANOLA COUNTY SHERIFFS OFFICE","MOTORCYCLE_ORGANIZATION",,"TX","USA","PUBLIC_SOURCE_FOUND","True","False"
"BD_BOOK_EXP_00285","PARKER COUNTY SHERIFFS DEPARTMENT","MOTORCYCLE_ORGANIZATION",,"TX","USA","PUBLIC_SOURCE_FOUND","True","False"
"BD_BOOK_EXP_00191","PARKLAND POLICE DEPARTMENT","MOTORCYCLE_ORGANIZATION",,"TX","USA","PUBLIC_SOURCE_FOUND","True","False"
"BD_BOOK_EXP_00315","PARMER COUNTY SHERIFFS OFFICE","MOTORCYCLE_ORGANIZATION",,"TX","USA","PUBLIC_SOURCE_FOUND","True","False"
"BD_BOOK_EXP_00336","PECOS COUNTY SHERIFFS OFFICE","MOTORCYCLE_ORGANIZATION",,"TX","USA","PUBLIC_SOURCE_FOUND","True","False"
"BD_BOOK_EXP_00283","POLK COUNTY SHERIFFS DEPARTMENT","MOTORCYCLE_ORGANIZATION",,"TX","USA","PUBLIC_SOURCE_FOUND","True","False"
"BD_BOOK_EXP_00200","POTTER COUNTY SHERIFFS OFFICE","MOTORCYCLE_ORGANIZATION",,"TX","USA","PUBLIC_SOURCE_FOUND","True","False"
"BD_BOOK_EXP_00310","PRESIDIO COUNTY SHERIFF OFFICE","MOTORCYCLE_ORGANIZATION",,"TX","USA","PUBLIC_SOURCE_FOUND","True","False"
"BD_BOOK_EXP_00238","PRESIDIO COUNTY SHERIFF OFFICE - ANNEX","MOTORCYCLE_ORGANIZATION",,"TX","USA","PUBLIC_SOURCE_FOUND","True","False"
"BD_BOOK_EXP_00301","RAINS COUNTY SHERIFFS OFFICE","MOTORCYCLE_ORGANIZATION",,"TX","USA","PUBLIC_SOURCE_FOUND","True","False"
"BD_BOOK_EXP_00284","RANDALL COUNTY SHERIFFS OFFICE","MOTORCYCLE_ORGANIZATION",,"TX","USA","PUBLIC_SOURCE_FOUND","True","False"
"BD_BOOK_EXP_00380","REAGAN COUNTY SHERIFFS DEPARTMENT","MOTORCYCLE_ORGANIZATION",,"TX","USA","PUBLIC_SOURCE_FOUND","True","False"
"BD_BOOK_EXP_00394","REAL COUNTY SHERIFFS OFFICE","MOTORCYCLE_ORGANIZATION",,"TX","USA","PUBLIC_SOURCE_FOUND","True","False"
"BD_BOOK_EXP_00378","RED RIVER COUNTY SHERIFFS OFFICE","MOTORCYCLE_ORGANIZATION",,"TX","USA","PUBLIC_SOURCE_FOUND","True","False"
"BD_BOOK_EXP_00346","REEVES COUNTY SHERIFFS OFFICE","MOTORCYCLE_ORGANIZATION",,"TX","USA","PUBLIC_SOURCE_FOUND","True","False"
"BD_BOOK_EXP_00313","REFUGIO COUNTY SHERIFFS OFFICE","MOTORCYCLE_ORGANIZATION",,"TX","USA","PUBLIC_SOURCE_FOUND","True","False"
"BD_BOOK_EXP_00248","ROBERTS COUNTY SHERIFFS OFFICE","MOTORCYCLE_ORGANIZATION",,"TX","USA","PUBLIC_SOURCE_FOUND","True","False"
"BD_BOOK_EXP_00399","ROBERTSON COUNTY SHERIFFS OFFICE","MOTORCYCLE_ORGANIZATION",,"TX","USA","PUBLIC_SOURCE_FOUND","True","False"
"BD_BOOK_EXP_00288","ROCKWALL COUNTY SHERIFFS OFFICE","MOTORCYCLE_ORGANIZATION",,"TX","USA","PUBLIC_SOURCE_FOUND","True","False"
"BD_BOOK_EXP_00207","RUNNELS COUNTY SHERIFF OFFICE","MOTORCYCLE_ORGANIZATION",,"TX","USA","PUBLIC_SOURCE_FOUND","True","False"
"BD_BOOK_EXP_00222","RUSK COUNTY SHERIFFS OFFICE","MOTORCYCLE_ORGANIZATION",,"TX","USA","PUBLIC_SOURCE_FOUND","True","False"
"BD_BOOK_EXP_00334","SABINE COUNTY SHERIFFS OFFICE","MOTORCYCLE_ORGANIZATION",,"TX","USA","PUBLIC_SOURCE_FOUND","True","False"
"BD_BOOK_EXP_00886","SAN ANTONIO CITY PROSECUTOR OFFICE","MOTORCYCLE_ORGANIZATION",,"TX","USA","AUTHENTICATION_PENDING","False","False"
"BD_BOOK_EXP_00888","SAN ANTONIO COMMUNITY COLLEGE POLICE","MOTORCYCLE_ORGANIZATION",,"TX","USA","AUTHENTICATION_PENDING","False","False"
"BD_BOOK_EXP_00884","SAN ANTONIO COUNTY SHERIFF OFFICE","MOTORCYCLE_ORGANIZATION",,"TX","USA","AUTHENTICATION_PENDING","False","False"
"BD_BOOK_EXP_00889","SAN ANTONIO GANG / VIOLENT CRIME UNIT","MOTORCYCLE_ORGANIZATION",,"TX","USA","AUTHENTICATION_PENDING","False","False"
"BD_BOOK_EXP_00892","SAN ANTONIO LAW ENFORCEMENT TRAINING DIVISION","MOTORCYCLE_ORGANIZATION",,"TX","USA","AUTHENTICATION_PENDING","False","False"
"BD_BOOK_EXP_00885","SAN ANTONIO MUNICIPAL COURT","MOTORCYCLE_ORGANIZATION",,"TX","USA","AUTHENTICATION_PENDING","False","False"
"BD_BOOK_EXP_00890","SAN ANTONIO NARCOTICS / ORGANIZED CRIME UNIT","MOTORCYCLE_ORGANIZATION",,"TX","USA","AUTHENTICATION_PENDING","False","False"
"BD_BOOK_EXP_00495","San Antonio Police Academy","MOTORCYCLE_ORGANIZATION",,"TX","USA","PUBLIC_SOURCE_FOUND","True","False"
"BD_BOOK_EXP_00883","SAN ANTONIO POLICE DEPARTMENT","MOTORCYCLE_ORGANIZATION",,"TX","USA","AUTHENTICATION_PENDING","False","False"
"BD_BOOK_EXP_00887","SAN ANTONIO PUBLIC SAFETY DEPARTMENT","MOTORCYCLE_ORGANIZATION",,"TX","USA","AUTHENTICATION_PENDING","False","False"
"BD_BOOK_EXP_00891","SAN ANTONIO REGIONAL TASK FORCE","MOTORCYCLE_ORGANIZATION",,"TX","USA","AUTHENTICATION_PENDING","False","False"
"BD_BOOK_EXP_00444","SAN AUGUSTINE COUNTY SHERIFFS OFFICE","MOTORCYCLE_ORGANIZATION",,"TX","USA","PUBLIC_SOURCE_FOUND","True","False"
"BD_BOOK_EXP_00332","SAN JACINTO COUNTY SHERIFFS DEPARTMENT","MOTORCYCLE_ORGANIZATION",,"TX","USA","PUBLIC_SOURCE_FOUND","True","False"
"BD_BOOK_EXP_00447","SAN PATRICIO COUNTY SHERIFF OFFICE","MOTORCYCLE_ORGANIZATION",,"TX","USA","PUBLIC_SOURCE_FOUND","True","False"
"BD_BOOK_EXP_00319","SAN SABA COUNTY SHERIFF OFFICE","MOTORCYCLE_ORGANIZATION",,"TX","USA","PUBLIC_SOURCE_FOUND","True","False"
"BD_BOOK_EXP_00403","SCHLEICHER COUNTY SHERIFFS OFFICE","MOTORCYCLE_ORGANIZATION",,"TX","USA","PUBLIC_SOURCE_FOUND","True","False"
"BD_BOOK_EXP_00354","SCURRY COUNTY SHERIFFS OFFICE","MOTORCYCLE_ORGANIZATION",,"TX","USA","PUBLIC_SOURCE_FOUND","True","False"
"BD_BOOK_EXP_00434","SHACKELFORD COUNTY SHERIFFS OFFICE","MOTORCYCLE_ORGANIZATION",,"TX","USA","PUBLIC_SOURCE_FOUND","True","False"
"BD_BOOK_EXP_00437","SHELBY COUNTY SHERIFFS DEPARTMENT","MOTORCYCLE_ORGANIZATION",,"TX","USA","PUBLIC_SOURCE_FOUND","True","False"
"BD_BOOK_EXP_00448","SHERMAN COUNTY SHERIFFS OFFICE","MOTORCYCLE_ORGANIZATION",,"TX","USA","PUBLIC_SOURCE_FOUND","True","False"
"BD_BOOK_EXP_00202","SMITH COUNTY SHERIFFS OFFICE","MOTORCYCLE_ORGANIZATION",,"TX","USA","PUBLIC_SOURCE_FOUND","True","False"
"BD_BOOK_EXP_00386","SOMERVELL COUNTY SHERIFFS OFFICE","MOTORCYCLE_ORGANIZATION",,"TX","USA","PUBLIC_SOURCE_FOUND","True","False"
"BD_BOOK_EXP_00186","SOUTHSIDE PLACE POLICE DEPARTMENT","MOTORCYCLE_ORGANIZATION",,"TX","USA","PUBLIC_SOURCE_FOUND","True","False"
"BD_BOOK_EXP_00184","SPRING VALLEY POLICE DEPARTMENT","MOTORCYCLE_ORGANIZATION",,"TX","USA","PUBLIC_SOURCE_FOUND","True","False"
"BD_BOOK_EXP_00295","STARR COUNTY SHERIFFS OFFICE","MOTORCYCLE_ORGANIZATION",,"TX","USA","PUBLIC_SOURCE_FOUND","True","False"
"BD_BOOK_EXP_00431","STEPHENS COUNTY SHERIFFS OFFICE","MOTORCYCLE_ORGANIZATION",,"TX","USA","PUBLIC_SOURCE_FOUND","True","False"
"BD_BOOK_EXP_00232","STERLING COUNTY SHERIFFS OFFICE","MOTORCYCLE_ORGANIZATION",,"TX","USA","PUBLIC_SOURCE_FOUND","True","False"
"BD_BOOK_EXP_00331","STONEWALL COUNTY SHERIFFS OFFICE","MOTORCYCLE_ORGANIZATION",,"TX","USA","PUBLIC_SOURCE_FOUND","True","False"
"BD_BOOK_EXP_00298","SUTTON COUNTY SHERIFFS OFFICE","MOTORCYCLE_ORGANIZATION",,"TX","USA","PUBLIC_SOURCE_FOUND","True","False"
"BD_BOOK_EXP_00409","SWISHER COUNTY SHERIFFS OFFICE","MOTORCYCLE_ORGANIZATION",,"TX","USA","PUBLIC_SOURCE_FOUND","True","False"
"BD_BOOK_EXP_00456","TARRANT COUNTY SHERIFFS DEPARTMENT","MOTORCYCLE_ORGANIZATION",,"TX","USA","PUBLIC_SOURCE_FOUND","True","False"
"BD_BOOK_EXP_00193","TARRANT COUNTY SHERIFFS OFFICE - ADMINISTRATION","MOTORCYCLE_ORGANIZATION",,"TX","USA","PUBLIC_SOURCE_FOUND","True","False"
"BD_BOOK_EXP_00229","TAYLOR COUNTY SHERIFFS OFFICE","MOTORCYCLE_ORGANIZATION",,"TX","USA","PUBLIC_SOURCE_FOUND","True","False"
"BD_BOOK_EXP_00400","TERRELL COUNTY SHERIFFS OFFICE","MOTORCYCLE_ORGANIZATION",,"TX","USA","PUBLIC_SOURCE_FOUND","True","False"
"BD_BOOK_EXP_00398","TERRY COUNTY SHERIFFS DEPARTMENT","MOTORCYCLE_ORGANIZATION",,"TX","USA","PUBLIC_SOURCE_FOUND","True","False"
"BD_BOOK_EXP_00247","TEXAS DEPARTMENT OF PUBLIC SAFETY - HIGHWAY PATROL HEADQUARTERS REGION 2 AREA 2","MOTORCYCLE_ORGANIZATION",,"TX","USA","PUBLIC_SOURCE_FOUND","True","False"
"BD_BOOK_EXP_00249","TEXAS DEPARTMENT OF PUBLIC SAFETY - HIGHWAY PATROL REGION 1 DISTRICT B SERGEANT 0 AREA 11","MOTORCYCLE_ORGANIZATION",,"TX","USA","PUBLIC_SOURCE_FOUND","True","False"
"BD_BOOK_EXP_00258","TEXAS DEPARTMENT OF PUBLIC SAFETY - TEXAS RANGERS","MOTORCYCLE_ORGANIZATION",,"TX","USA","PUBLIC_SOURCE_FOUND","True","False"
"BD_BOOK_EXP_00245","TEXAS DEPARTMENT OF PUBLIC SAFETY TEXAS RANGER COMPANY A - HOUSTON","MOTORCYCLE_ORGANIZATION",,"TX","USA","PUBLIC_SOURCE_FOUND","True","False"
"BD_BOOK_EXP_00241","TEXAS MEDICAL CENTER POLICE DEPARTMENT","MOTORCYCLE_ORGANIZATION",,"TX","USA","PUBLIC_SOURCE_FOUND","True","False"
"BD_BOOK_EXP_00234","THROCKMORTON COUNTY SHERIFFS OFFICE","MOTORCYCLE_ORGANIZATION",,"TX","USA","PUBLIC_SOURCE_FOUND","True","False"
"BD_BOOK_EXP_00368","TITUS COUNTY SHERIFFS OFFICE","MOTORCYCLE_ORGANIZATION",,"TX","USA","PUBLIC_SOURCE_FOUND","True","False"
"BD_BOOK_EXP_00199","TOM GREEN COUNTY SHERIFFS OFFICE","MOTORCYCLE_ORGANIZATION",,"TX","USA","PUBLIC_SOURCE_FOUND","True","False"
"BD_BOOK_EXP_00254","TRAVIS COUNTY SHERIFFS DEPARTMENT","MOTORCYCLE_ORGANIZATION",,"TX","USA","PUBLIC_SOURCE_FOUND","True","False"
"BD_BOOK_EXP_00237","TRAVIS COUNTY SHERIFFS OFFICE","MOTORCYCLE_ORGANIZATION",,"TX","USA","PUBLIC_SOURCE_FOUND","True","False"
"BD_BOOK_EXP_00302","TRINITY COUNTY SHERIFFS OFFICE","MOTORCYCLE_ORGANIZATION",,"TX","USA","PUBLIC_SOURCE_FOUND","True","False"
"BD_BOOK_EXP_00426","TYLER COUNTY SHERIFFS OFFICE","MOTORCYCLE_ORGANIZATION",,"TX","USA","PUBLIC_SOURCE_FOUND","True","False"
"BD_BOOK_EXP_00365","UPSHUR COUNTY SHERIFFS OFFICE","MOTORCYCLE_ORGANIZATION",,"TX","USA","PUBLIC_SOURCE_FOUND","True","False"
"BD_BOOK_EXP_00427","UPTON COUNTY SHERIFF OFFICE","MOTORCYCLE_ORGANIZATION",,"TX","USA","PUBLIC_SOURCE_FOUND","True","False"
"BD_BOOK_EXP_00299","UVALDE COUNTY SHERIFF OFFICE","MOTORCYCLE_ORGANIZATION",,"TX","USA","PUBLIC_SOURCE_FOUND","True","False"
"BD_BOOK_EXP_00463","VAL VERDE COUNTY SHERIFF","MOTORCYCLE_ORGANIZATION",,"TX","USA","PUBLIC_SOURCE_FOUND","True","False"
"BD_BOOK_EXP_00396","VAN ZANDT COUNTY SHERIFFS OFFICE","MOTORCYCLE_ORGANIZATION",,"TX","USA","PUBLIC_SOURCE_FOUND","True","False"
"BD_BOOK_EXP_00290","VICTORIA COUNTY SHERIFFS OFFICE","MOTORCYCLE_ORGANIZATION",,"TX","USA","PUBLIC_SOURCE_FOUND","True","False"
"BD_BOOK_EXP_00233","WALKER COUNTY SHERIFFS OFFICE","MOTORCYCLE_ORGANIZATION",,"TX","USA","PUBLIC_SOURCE_FOUND","True","False"
"BD_BOOK_EXP_00419","WALLER COUNTY SHERIFFS OFFICE","MOTORCYCLE_ORGANIZATION",,"TX","USA","PUBLIC_SOURCE_FOUND","True","False"
"BD_BOOK_EXP_00352","WASHINGTON COUNTY SHERIFFS OFFICE","MOTORCYCLE_ORGANIZATION",,"TX","USA","PUBLIC_SOURCE_FOUND","True","False"
"BD_BOOK_EXP_00260","WEBB COUNTY SHERIFFS DEPARTMENT","MOTORCYCLE_ORGANIZATION",,"TX","USA","PUBLIC_SOURCE_FOUND","True","False"
"BD_BOOK_EXP_00205","WESTLAKE DEPARTMENT OF PUBLIC SAFETY","MOTORCYCLE_ORGANIZATION",,"TX","USA","PUBLIC_SOURCE_FOUND","True","False"
"BD_BOOK_EXP_00436","WHARTON COUNTY SHERIFFS OFFICE","MOTORCYCLE_ORGANIZATION",,"TX","USA","PUBLIC_SOURCE_FOUND","True","False"
"BD_BOOK_EXP_00355","WHEELER COUNTY SHERIFFS OFFICE","MOTORCYCLE_ORGANIZATION",,"TX","USA","PUBLIC_SOURCE_FOUND","True","False"
"BD_BOOK_EXP_00287","WICHITA COUNTY SHERIFFS OFFICE","MOTORCYCLE_ORGANIZATION",,"TX","USA","PUBLIC_SOURCE_FOUND","True","False"
"BD_BOOK_EXP_00208","WILBARGER COUNTY SHERIFFS OFFICE","MOTORCYCLE_ORGANIZATION",,"TX","USA","PUBLIC_SOURCE_FOUND","True","False"
"BD_BOOK_EXP_00297","WILLACY COUNTY SHERIFFS DEPARTMENT","MOTORCYCLE_ORGANIZATION",,"TX","USA","PUBLIC_SOURCE_FOUND","True","False"
"BD_BOOK_EXP_00194","WILLIAMSON COUNTY SHERIFF OFFICE","MOTORCYCLE_ORGANIZATION",,"TX","USA","PUBLIC_SOURCE_FOUND","True","False"
"BD_BOOK_EXP_00327","WILSON COUNTY SHERIFFS OFFICE","MOTORCYCLE_ORGANIZATION",,"TX","USA","PUBLIC_SOURCE_FOUND","True","False"
"BD_BOOK_EXP_00435","WINKLER COUNTY SHERIFFS OFFICE","MOTORCYCLE_ORGANIZATION",,"TX","USA","PUBLIC_SOURCE_FOUND","True","False"
"BD_BOOK_EXP_00277","WISE COUNTY SHERIFF","MOTORCYCLE_ORGANIZATION",,"TX","USA","PUBLIC_SOURCE_FOUND","True","False"
"BD_BOOK_EXP_00462","WISE COUNTY SHERIFFS DEPARTMENT CHICO SUBSTATION","MOTORCYCLE_ORGANIZATION",,"TX","USA","PUBLIC_SOURCE_FOUND","True","False"
"BD_BOOK_EXP_00416","WOOD COUNTY SHERIFFS OFFICE","MOTORCYCLE_ORGANIZATION",,"TX","USA","PUBLIC_SOURCE_FOUND","True","False"
"BD_BOOK_EXP_00296","WOODWAY PUBLIC SAFETY DEPARTMENT","MOTORCYCLE_ORGANIZATION",,"TX","USA","PUBLIC_SOURCE_FOUND","True","False"
"BD_BOOK_EXP_00415","YOAKUM COUNTY SHERIFFS OFFICE","MOTORCYCLE_ORGANIZATION",,"TX","USA","PUBLIC_SOURCE_FOUND","True","False"
"BD_BOOK_EXP_00333","YOUNG COUNTY SHERIFFS OFFICE","MOTORCYCLE_ORGANIZATION",,"TX","USA","PUBLIC_SOURCE_FOUND","True","False"
"BD_BOOK_EXP_00272","ZAPATA COUNTY SHERIFFS OFFICE","MOTORCYCLE_ORGANIZATION",,"TX","USA","PUBLIC_SOURCE_FOUND","True","False"
"BD_BOOK_EXP_00443","ZAVALA COUNTY SHERIFFS OFFICE","MOTORCYCLE_ORGANIZATION",,"TX","USA","PUBLIC_SOURCE_FOUND","True","False"
"BD_BOOK_EXP_00180","Criminal Justice Program Institutional Book Buyer Seed","MOTORCYCLE_ORGANIZATION",,"US","USA","PUBLIC_SOURCE_FOUND","True","False"
"BD_BOOK_EXP_00182","Private Security Training Buyer Seed","MOTORCYCLE_ORGANIZATION",,"US","USA","PUBLIC_SOURCE_FOUND","True","False"
"BD_BOOK_EXP_00181","Public Safety / Law Enforcement Library Buyer Seed","MOTORCYCLE_ORGANIZATION",,"US","USA","PUBLIC_SOURCE_FOUND","True","False"
"BD_BOOK_EXP_00062","Salt Lake City Police Department","MOTORCYCLE_ORGANIZATION",,"UT","USA","PUBLIC_SOURCE_FOUND","True","False"
"BD_BOOK_EXP_00063","Salt Lake County Sheriff's Office","MOTORCYCLE_ORGANIZATION",,"UT","USA","PUBLIC_SOURCE_FOUND","True","False"
"BD_BOOK_OP_00005","BACA International","CHARITY_MOTORCYCLE_ORGANIZATION",,"Utah","USA","PUBLIC_SOURCE_FOUND","True","False"
"BD_BOOK_EXP_00029","DOJ Outlaws Motorcycle Gang Enforcement Reference","MOTORCYCLE_ORGANIZATION",,"VA","USA","PUBLIC_SOURCE_FOUND","True","False"
"BD_BOOK_EXP_00167","FBI Law Enforcement Training","MOTORCYCLE_ORGANIZATION",,"VA","USA","PUBLIC_SOURCE_FOUND","True","False"
"BD_BOOK_EXP_00176","IACP Project Safe Neighborhoods Initiative","MOTORCYCLE_ORGANIZATION",,"VA","USA","PUBLIC_SOURCE_FOUND","True","False"
"BD_BOOK_EXP_00166","International Association of Chiefs of Police","MOTORCYCLE_ORGANIZATION",,"VA","USA","PUBLIC_SOURCE_FOUND","True","False"
"BD_BOOK_EXP_01245","VIRGINIA BEACH CITY PROSECUTOR OFFICE","MOTORCYCLE_ORGANIZATION",,"VA","USA","AUTHENTICATION_PENDING","False","False"
"BD_BOOK_EXP_01247","VIRGINIA BEACH COMMUNITY COLLEGE POLICE","MOTORCYCLE_ORGANIZATION",,"VA","USA","AUTHENTICATION_PENDING","False","False"
"BD_BOOK_EXP_01243","VIRGINIA BEACH COUNTY SHERIFF OFFICE","MOTORCYCLE_ORGANIZATION",,"VA","USA","AUTHENTICATION_PENDING","False","False"
"BD_BOOK_EXP_01248","VIRGINIA BEACH GANG / VIOLENT CRIME UNIT","MOTORCYCLE_ORGANIZATION",,"VA","USA","AUTHENTICATION_PENDING","False","False"
"BD_BOOK_EXP_01251","VIRGINIA BEACH LAW ENFORCEMENT TRAINING DIVISION","MOTORCYCLE_ORGANIZATION",,"VA","USA","AUTHENTICATION_PENDING","False","False"
"BD_BOOK_EXP_01244","VIRGINIA BEACH MUNICIPAL COURT","MOTORCYCLE_ORGANIZATION",,"VA","USA","AUTHENTICATION_PENDING","False","False"
"BD_BOOK_EXP_01249","VIRGINIA BEACH NARCOTICS / ORGANIZED CRIME UNIT","MOTORCYCLE_ORGANIZATION",,"VA","USA","AUTHENTICATION_PENDING","False","False"
"BD_BOOK_EXP_01242","VIRGINIA BEACH POLICE DEPARTMENT","MOTORCYCLE_ORGANIZATION",,"VA","USA","AUTHENTICATION_PENDING","False","False"
"BD_BOOK_EXP_01246","VIRGINIA BEACH PUBLIC SAFETY DEPARTMENT","MOTORCYCLE_ORGANIZATION",,"VA","USA","AUTHENTICATION_PENDING","False","False"
"BD_BOOK_EXP_01250","VIRGINIA BEACH REGIONAL TASK FORCE","MOTORCYCLE_ORGANIZATION",,"VA","USA","AUTHENTICATION_PENDING","False","False"
"BD_BOOK_EXP_00006","King County Sheriff's Office","MOTORCYCLE_ORGANIZATION",,"WA","USA","PUBLIC_SOURCE_FOUND","True","False"
"BD_BOOK_EXP_00992","SEATTLE CITY PROSECUTOR OFFICE","MOTORCYCLE_ORGANIZATION",,"WA","USA","AUTHENTICATION_PENDING","False","False"
"BD_BOOK_EXP_00994","SEATTLE COMMUNITY COLLEGE POLICE","MOTORCYCLE_ORGANIZATION",,"WA","USA","AUTHENTICATION_PENDING","False","False"
"BD_BOOK_EXP_00990","SEATTLE COUNTY SHERIFF OFFICE","MOTORCYCLE_ORGANIZATION",,"WA","USA","AUTHENTICATION_PENDING","False","False"
"BD_BOOK_EXP_00995","SEATTLE GANG / VIOLENT CRIME UNIT","MOTORCYCLE_ORGANIZATION",,"WA","USA","AUTHENTICATION_PENDING","False","False"
"BD_BOOK_EXP_00998","SEATTLE LAW ENFORCEMENT TRAINING DIVISION","MOTORCYCLE_ORGANIZATION",,"WA","USA","AUTHENTICATION_PENDING","False","False"
"BD_BOOK_EXP_00991","SEATTLE MUNICIPAL COURT","MOTORCYCLE_ORGANIZATION",,"WA","USA","AUTHENTICATION_PENDING","False","False"
"BD_BOOK_EXP_00996","SEATTLE NARCOTICS / ORGANIZED CRIME UNIT","MOTORCYCLE_ORGANIZATION",,"WA","USA","AUTHENTICATION_PENDING","False","False"
"BD_BOOK_EXP_00005","Seattle Police Department","MOTORCYCLE_ORGANIZATION",,"WA","USA","PUBLIC_SOURCE_FOUND","True","False"
"BD_BOOK_EXP_00993","SEATTLE PUBLIC SAFETY DEPARTMENT","MOTORCYCLE_ORGANIZATION",,"WA","USA","AUTHENTICATION_PENDING","False","False"
"BD_BOOK_EXP_00997","SEATTLE REGIONAL TASK FORCE","MOTORCYCLE_ORGANIZATION",,"WA","USA","AUTHENTICATION_PENDING","False","False"
"BD_BOOK_EXP_01119","MILWAUKEE CITY PROSECUTOR OFFICE","MOTORCYCLE_ORGANIZATION",,"WI","USA","AUTHENTICATION_PENDING","False","False"
"BD_BOOK_EXP_01121","MILWAUKEE COMMUNITY COLLEGE POLICE","MOTORCYCLE_ORGANIZATION",,"WI","USA","AUTHENTICATION_PENDING","False","False"
"BD_BOOK_EXP_01117","MILWAUKEE COUNTY SHERIFF OFFICE","MOTORCYCLE_ORGANIZATION",,"WI","USA","AUTHENTICATION_PENDING","False","False"
"BD_BOOK_EXP_01122","MILWAUKEE GANG / VIOLENT CRIME UNIT","MOTORCYCLE_ORGANIZATION",,"WI","USA","AUTHENTICATION_PENDING","False","False"
"BD_BOOK_EXP_01125","MILWAUKEE LAW ENFORCEMENT TRAINING DIVISION","MOTORCYCLE_ORGANIZATION",,"WI","USA","AUTHENTICATION_PENDING","False","False"
"BD_BOOK_EXP_01118","MILWAUKEE MUNICIPAL COURT","MOTORCYCLE_ORGANIZATION",,"WI","USA","AUTHENTICATION_PENDING","False","False"
"BD_BOOK_EXP_01123","MILWAUKEE NARCOTICS / ORGANIZED CRIME UNIT","MOTORCYCLE_ORGANIZATION",,"WI","USA","AUTHENTICATION_PENDING","False","False"
"BD_BOOK_EXP_01116","MILWAUKEE POLICE DEPARTMENT","MOTORCYCLE_ORGANIZATION",,"WI","USA","AUTHENTICATION_PENDING","False","False"
"BD_BOOK_EXP_01120","MILWAUKEE PUBLIC SAFETY DEPARTMENT","MOTORCYCLE_ORGANIZATION",,"WI","USA","AUTHENTICATION_PENDING","False","False"
"BD_BOOK_EXP_01124","MILWAUKEE REGIONAL TASK FORCE","MOTORCYCLE_ORGANIZATION",,"WI","USA","AUTHENTICATION_PENDING","False","False"
